order_id,customer_id,order_date,status
1,233.0,2026-05-23 11:55:54.146317,cancelled
2,242.0,2026-06-10 15:55:30.410479,pending
3,349.0,2025-07-02 10:01:53.193060,completed
4,361.0,2024-07-25 14:25:44.067648,pending
5,463.0,2025-05-29 08:30:21.091829,completed
6,267.0,2025-02-17 21:41:57.133893,completed
7,461.0,2025-01-03 19:52:40.264840,cancelled
8,234.0,2024-07-24 04:51:46.094558,completed
9,12.0,2025-04-17 20:51:56.339160,cancelled
10,24.0,2025-05-15 16:40:34.243701,completed
11,458.0,2025-09-01 09:41:25.818479,completed
12,394.0,2025-05-03 06:55:28.324050,refunded
13,192.0,2024-11-15 04:40:58.721982,refunded
14,193.0,2026-01-08 09:07:01.045654,completed
15,441.0,2025-04-29 14:45:42.679628,cancelled
16,373.0,2025-04-21 07:30:44.843138,refunded
17,238.0,2025-01-27 00:45:52.250929,pending
18,127.0,2025-05-23 08:49:07.460722,refunded
19,392.0,2025-01-09 22:12:11.899394,pending
20,453.0,2026-01-28 09:50:20.216132,cancelled
21,229.0,2026-05-14 15:12:15.762742,pending
22,206.0,2026-02-28 20:20:12.390578,pending
23,72.0,2025-12-01 01:06:19.796876,pending
24,164.0,2025-02-11 21:08:18.696481,completed
25,449.0,2026-01-12 14:57:29.604567,completed
26,32.0,2026-03-01 17:57:56.028270,completed
27,348.0,2025-05-16 13:09:11.249010,refunded
28,344.0,2026-04-03 09:09:27.785829,completed
29,154.0,2024-11-29 04:11:44.384582,refunded
30,154.0,2025-02-15 11:21:58.813152,completed
31,212.0,2025-10-27 04:01:04.191084,completed
32,105.0,2025-10-13 04:03:22.067913,completed
33,275.0,2025-02-02 17:14:43.822503,pending
34,505.0,2025-10-16 20:08:27.274315,pending
35,287.0,2024-12-03 02:33:17.723897,completed
36,513.0,2024-08-02 02:21:04.861077,refunded
37,246.0,2024-08-24 04:26:46.400554,completed
38,123.0,2025-08-13 17:10:15.644057,cancelled
39,184.0,2024-12-01 18:05:21.394053,completed
40,412.0,2024-10-01 15:19:48.962667,refunded
41,190.0,2025-01-31 13:43:13.482135,pending
42,9.0,2025-12-23 08:47:33.073265,completed
43,79.0,2026-01-01 01:36:45.731693,completed
44,282.0,2025-01-04 23:50:32.844049,pending
45,495.0,2024-11-06 00:02:05.083033,pending
46,181.0,2025-07-14 11:31:13.310392,refunded
47,278.0,2025-03-25 16:34:21.329078,refunded
48,39.0,2025-03-03 12:44:00.397416,completed
49,432.0,2026-02-22 22:06:38.763971,completed
50,234.0,2026-07-17 22:08:12.016596,cancelled
51,,2025-06-22 15:24:50.637679,completed
52,9.0,2026-02-17 01:11:55.543891,completed
53,417.0,2025-03-17 04:04:52.737734,completed
54,471.0,2026-03-27 02:58:09.739559,cancelled
55,418.0,2026-06-14 02:05:13.581858,refunded
56,236.0,2024-08-28 20:45:28.480335,pending
57,435.0,2026-02-05 12:41:42.261973,completed
58,208.0,2024-09-09 01:48:09.933273,completed
59,88.0,2025-06-27 08:42:29.420753,completed
60,440.0,2024-12-06 07:44:36.898229,completed
61,462.0,2026-03-25 15:47:00.286318,completed
62,39.0,2026-03-07 21:58:04.686127,cancelled
63,92.0,2026-03-15 22:50:16.402165,cancelled
64,386.0,2024-10-16 00:29:31.261407,completed
65,289.0,2026-01-31 01:04:54.289188,refunded
66,170.0,2025-01-16 19:00:32.968927,pending
67,41.0,2026-02-02 07:04:22.461711,completed
68,430.0,2025-06-07 12:05:57.019031,cancelled
69,497.0,2026-01-08 17:54:10.895463,refunded
70,252.0,2024-08-12 09:48:24.848732,completed
71,300.0,2025-06-20 13:27:07.852412,pending
72,366.0,2026-02-02 03:03:06.425239,pending
73,79.0,2025-08-03 14:40:53.261840,completed
74,158.0,2026-07-06 08:18:15.288444,completed
75,221.0,2025-06-29 07:40:15.794707,completed
76,182.0,2025-11-28 17:02:24.786586,refunded
77,7.0,2025-03-03 22:04:19.705728,refunded
78,464.0,2025-03-11 22:06:33.500547,pending
79,87.0,2025-10-21 12:31:34.536479,completed
80,223.0,2024-08-18 17:54:13.602682,completed
81,484.0,2026-06-03 16:44:03.215877,completed
82,,2025-08-03 10:56:58.477574,refunded
83,195.0,2025-01-19 23:16:40.544382,pending
84,441.0,2025-10-28 08:32:48.901454,cancelled
85,356.0,2024-12-11 02:14:52.371499,refunded
86,150.0,2026-04-28 05:53:15.912076,pending
87,167.0,2026-04-10 19:33:07.904873,completed
88,289.0,2024-12-25 00:28:46.558668,pending
89,14.0,2024-10-09 10:07:41.155058,completed
90,150.0,2025-10-24 06:10:36.297989,pending
91,345.0,2025-03-12 23:32:06.915164,cancelled
92,367.0,2024-11-18 04:24:07.168084,cancelled
93,299.0,2025-02-05 14:46:26.385997,pending
94,524.0,2024-10-14 07:57:35.175181,cancelled
95,469.0,2026-02-15 09:12:37.875304,completed
96,332.0,2024-07-25 10:52:28.209636,cancelled
97,496.0,2024-08-18 14:31:41.319899,completed
98,133.0,2026-02-11 05:49:56.638278,pending
99,114.0,2025-07-01 02:32:16.676444,cancelled
100,257.0,2025-09-27 10:49:41.287974,completed
101,472.0,2025-04-16 05:30:13.137226,completed
102,160.0,2024-09-22 07:02:21.336754,completed
103,50.0,2024-11-11 03:00:51.099656,completed
104,415.0,2024-09-23 16:43:43.312109,completed
105,410.0,2025-10-13 20:06:18.950967,completed
106,82.0,2026-05-29 21:30:52.697950,pending
107,323.0,2026-07-17 04:46:28.019904,completed
108,315.0,2025-10-18 13:50:25.818966,completed
109,110.0,2024-08-31 14:16:10.095128,completed
110,53.0,2025-11-01 18:41:53.691491,completed
111,59.0,2025-12-13 05:40:07.928154,cancelled
112,306.0,2026-02-17 01:55:36.652689,completed
113,235.0,2024-10-18 20:16:01.726186,completed
114,315.0,2025-01-04 21:27:37.799644,completed
115,60.0,2026-07-06 00:35:16.496996,completed
116,71.0,2026-02-14 23:00:28.712069,cancelled
117,471.0,2026-01-22 16:22:41.943040,completed
118,72.0,2026-02-27 08:24:17.300487,refunded
119,509.0,2025-06-04 09:43:46.890890,cancelled
120,335.0,2024-12-06 21:17:43.998574,refunded
121,251.0,2025-12-04 09:55:13.331657,completed
122,17.0,2025-04-06 13:32:28.309025,completed
123,381.0,2024-10-25 08:22:49.276161,cancelled
124,138.0,2026-05-06 09:14:58.881972,pending
125,22.0,2025-07-08 10:24:16.592893,completed
126,377.0,2025-06-03 12:21:38.262871,refunded
127,231.0,2025-02-19 05:06:55.430464,refunded
128,61.0,2025-12-10 02:27:08.095130,cancelled
129,180.0,2024-12-04 13:22:45.925526,cancelled
130,402.0,2024-12-02 06:10:14.831981,completed
131,144.0,2025-03-29 21:24:38.984608,completed
132,294.0,2026-01-04 22:26:53.004012,pending
133,49.0,2025-02-05 01:10:36.777523,completed
134,142.0,2026-03-18 05:08:33.284702,completed
135,365.0,2026-05-17 22:26:23.318569,completed
136,73.0,2025-08-27 23:54:16.069097,completed
137,325.0,2024-09-07 05:49:54.315420,pending
138,356.0,2024-11-09 04:09:10.169794,completed
139,2.0,2025-02-19 21:54:42.224489,refunded
140,326.0,2025-01-27 07:14:00.708652,cancelled
141,112.0,2025-04-13 02:21:51.554375,completed
142,146.0,2024-07-19 10:56:24.890033,completed
143,176.0,2025-10-27 23:53:14.027300,cancelled
144,429.0,2025-04-21 19:31:49.720932,completed
145,1.0,2024-12-01 11:01:07.223086,refunded
146,452.0,2024-08-01 14:30:29.144614,completed
147,336.0,2026-04-05 19:50:25.298061,cancelled
148,27.0,2026-02-05 19:04:13.923251,completed
149,336.0,2025-01-09 08:36:42.755943,completed
150,304.0,2027-08-09 09:50:26.714103,completed
151,62.0,2025-11-11 19:08:04.711698,completed
152,197.0,2025-08-16 15:02:51.334803,completed
153,154.0,2025-04-27 23:37:26.292003,completed
154,347.0,2027-07-16 09:50:26.714148,completed
155,180.0,2025-07-17 09:06:48.951116,completed
156,352.0,2025-08-25 18:23:22.011725,completed
157,64.0,2025-10-09 17:49:49.056991,completed
158,72.0,2025-03-11 13:59:22.586235,cancelled
159,370.0,2025-10-30 02:20:26.227180,refunded
160,338.0,2024-10-07 14:55:29.030700,completed
161,201.0,2025-08-05 02:49:16.580757,refunded
162,254.0,2024-09-05 15:19:10.410221,completed
163,456.0,2026-03-21 00:31:46.608300,completed
164,441.0,2024-10-21 17:27:38.523850,completed
165,242.0,2026-09-21 09:50:26.714264,completed
166,504.0,2024-12-13 13:04:23.118937,completed
167,365.0,2025-07-08 11:35:58.033145,completed
168,275.0,2024-09-29 01:37:15.725842,completed
169,472.0,2025-09-09 01:01:55.319589,completed
170,325.0,2026-03-21 19:55:20.756092,completed
171,224.0,2025-11-11 12:40:48.912973,completed
172,223.0,2025-08-07 00:46:05.846366,cancelled
173,337.0,2025-12-13 05:25:16.863863,pending
174,84.0,2025-01-21 21:18:43.267955,pending
175,133.0,2025-04-12 13:03:48.189309,completed
176,454.0,2025-10-04 13:36:31.096293,completed
177,269.0,2024-09-08 16:50:55.749955,completed
178,234.0,2026-05-29 10:20:02.225739,completed
179,81.0,2024-12-18 09:48:59.819036,pending
180,,2025-07-12 21:24:21.355039,completed
181,24.0,2026-04-29 21:17:39.163219,refunded
182,546.0,2024-09-15 08:05:05.462047,completed
183,214.0,2026-02-24 01:25:04.123340,cancelled
184,62.0,2024-09-01 06:29:13.633786,pending
185,24.0,2025-08-30 13:15:26.669509,completed
186,433.0,2026-06-04 07:09:41.442112,completed
187,150.0,2025-05-18 18:36:44.812532,completed
188,303.0,2025-04-14 12:39:17.962034,pending
189,280.0,2027-03-15 09:50:26.714582,completed
190,278.0,2026-03-12 14:02:01.290146,refunded
191,1.0,2025-01-29 02:28:21.604968,completed
192,106.0,2024-08-17 15:01:55.587779,completed
193,73.0,2024-09-08 08:19:53.247288,refunded
194,267.0,2025-02-25 22:13:45.235657,pending
195,298.0,2026-06-08 22:39:19.412766,completed
196,291.0,2026-06-20 14:51:58.661717,completed
197,436.0,2024-09-27 20:58:07.075487,pending
198,163.0,2025-12-30 15:41:12.476539,completed
199,395.0,2025-08-11 07:08:48.881181,completed
200,209.0,2024-12-04 07:50:58.477717,completed
201,238.0,2025-08-07 07:15:59.434100,pending
202,424.0,2025-01-16 15:30:52.468836,refunded
203,76.0,2025-10-18 17:13:09.257442,cancelled
204,347.0,2024-11-26 14:40:21.074181,refunded
205,438.0,2026-01-17 04:50:11.134763,completed
206,412.0,2025-05-18 05:08:15.642693,pending
207,114.0,2024-10-04 00:08:40.364895,cancelled
208,331.0,2025-10-28 10:22:30.869503,completed
209,34.0,2025-04-06 09:57:44.868951,completed
210,434.0,2025-06-19 00:23:23.266052,completed
211,87.0,2025-11-16 21:01:48.731214,completed
212,196.0,2026-04-24 19:34:03.027640,completed
213,144.0,2024-11-17 18:44:29.277958,cancelled
214,332.0,2024-11-27 16:56:45.887832,completed
215,144.0,2025-05-08 06:13:41.433343,pending
216,128.0,2025-03-22 11:26:03.105827,refunded
217,401.0,2024-11-11 11:23:39.320462,completed
218,290.0,2026-07-18 06:22:43.293645,completed
219,550.0,2025-06-07 12:59:50.186846,completed
220,184.0,2025-04-02 07:05:49.659500,completed
221,337.0,2025-03-06 03:28:00.024693,pending
222,392.0,2026-07-13 04:10:25.697413,pending
223,182.0,2025-03-13 02:00:01.994079,completed
224,163.0,2025-04-16 11:07:43.039943,completed
225,359.0,2026-01-28 03:38:02.706570,refunded
226,429.0,2025-05-29 11:11:02.271984,completed
227,504.0,2025-12-31 03:53:03.725551,cancelled
228,1.0,2025-10-06 08:43:54.208143,completed
229,91.0,2025-09-03 07:06:11.432386,completed
230,301.0,2024-12-22 04:48:21.424207,cancelled
231,187.0,2026-01-29 06:20:58.280058,completed
232,52.0,2026-05-26 11:05:01.866938,pending
233,224.0,2025-01-20 12:53:21.013970,completed
234,496.0,2026-06-21 09:32:16.415059,completed
235,341.0,2025-06-10 19:40:19.402947,pending
236,,2025-05-04 23:55:18.046649,cancelled
237,436.0,2025-12-31 11:41:46.755569,cancelled
238,472.0,2026-07-06 23:02:29.720946,completed
239,255.0,2025-09-27 02:56:54.476761,refunded
240,86.0,2025-08-01 00:47:57.776107,pending
241,374.0,2026-07-14 14:20:35.049484,completed
242,35.0,2025-02-24 10:03:48.773896,completed
243,225.0,2025-02-23 07:37:53.084180,completed
244,194.0,2024-12-28 00:19:54.247411,pending
245,296.0,2026-04-05 00:24:01.115140,completed
246,502.0,2024-08-03 18:46:42.899851,completed
247,88.0,2026-03-11 08:10:36.281048,refunded
248,48.0,2025-12-04 18:08:46.401531,pending
249,221.0,2025-02-05 12:16:07.023068,completed
250,52.0,2025-08-27 08:52:37.922305,cancelled
251,474.0,2025-08-29 07:30:35.480085,completed
252,26.0,2026-05-26 07:08:54.635610,completed
253,2.0,2024-11-08 22:42:21.328003,cancelled
254,103.0,2024-08-15 11:53:42.918721,refunded
255,243.0,2025-04-04 17:30:23.426623,completed
256,339.0,2024-10-28 00:49:35.643544,completed
257,196.0,2025-04-13 01:50:29.890679,completed
258,116.0,2025-09-17 04:23:41.872984,pending
259,50.0,2025-01-05 03:03:43.670942,refunded
260,302.0,2026-03-03 09:41:05.133104,cancelled
261,495.0,2024-09-24 01:33:25.298901,refunded
262,244.0,2025-05-06 23:23:29.560950,completed
263,293.0,2026-05-20 10:11:01.494691,cancelled
264,62.0,2026-01-06 07:07:07.720606,completed
265,109.0,2025-12-29 11:47:13.314435,refunded
266,223.0,2026-02-18 03:08:10.666537,cancelled
267,164.0,2024-11-22 05:33:50.515391,completed
268,204.0,2026-03-14 02:11:18.821739,refunded
269,7.0,2025-12-04 15:58:15.101450,completed
270,213.0,2025-09-12 20:33:05.341835,refunded
271,52.0,2026-05-12 22:54:12.956293,completed
272,275.0,2025-09-26 17:37:41.836270,cancelled
273,293.0,2025-02-23 08:40:15.215426,completed
274,312.0,2026-01-03 18:10:07.933725,refunded
275,354.0,2025-09-12 21:26:58.921420,refunded
276,11.0,2024-09-14 06:08:54.930210,refunded
277,440.0,2024-08-28 18:43:50.317485,completed
278,499.0,2026-02-02 01:23:44.466643,pending
279,310.0,2025-03-30 02:03:57.374478,pending
280,380.0,2026-03-07 20:03:23.805920,completed
281,406.0,2025-05-19 04:34:45.446703,completed
282,436.0,2026-04-13 20:43:07.638160,refunded
283,103.0,2026-04-15 07:00:00.804967,refunded
284,361.0,2024-12-31 13:01:33.403420,completed
285,473.0,2025-11-07 18:31:54.698574,cancelled
286,91.0,2025-10-01 21:35:01.332991,completed
287,429.0,2024-07-27 06:46:57.482721,completed
288,198.0,2026-02-06 19:39:02.188513,completed
289,114.0,2025-04-24 07:53:54.178245,completed
290,11.0,2025-02-26 13:38:12.132549,completed
291,68.0,2026-12-25 09:50:26.715765,cancelled
292,483.0,2025-08-17 08:06:33.860895,completed
293,193.0,2024-11-05 04:41:08.351475,completed
294,267.0,2025-07-20 22:11:03.973716,cancelled
295,340.0,2024-12-27 05:13:50.310699,cancelled
296,145.0,2024-08-24 20:00:34.875538,refunded
297,328.0,2026-01-04 08:00:17.818491,refunded
298,334.0,2025-05-01 22:09:05.570946,refunded
299,413.0,2025-06-09 10:39:01.832125,completed
300,72.0,2025-09-26 15:53:32.891586,completed
301,215.0,2025-07-22 14:59:35.453420,refunded
302,418.0,2024-12-28 03:49:09.073937,cancelled
303,402.0,2025-02-15 14:39:27.096756,completed
304,88.0,2025-05-02 23:23:29.996131,completed
305,66.0,2024-10-23 11:47:43.613722,refunded
306,485.0,2024-09-17 05:27:42.655252,completed
307,382.0,2025-09-09 08:32:33.708856,completed
308,300.0,2024-08-23 22:49:08.607336,refunded
309,299.0,2025-05-06 12:45:02.906600,completed
310,62.0,2024-09-19 01:53:04.293365,completed
311,438.0,2025-07-20 12:02:33.155739,refunded
312,458.0,2026-02-04 04:39:05.088939,pending
313,399.0,2024-10-22 03:59:43.950242,completed
314,518.0,2024-10-25 10:48:36.170037,cancelled
315,82.0,2025-08-31 11:37:57.626585,cancelled
316,325.0,2025-07-10 07:16:01.862390,completed
317,274.0,2027-01-29 09:50:26.716086,pending
318,272.0,2024-12-09 04:14:21.704587,completed
319,356.0,2025-10-11 21:40:53.161590,cancelled
320,157.0,2026-01-07 07:41:40.202554,completed
321,373.0,2025-01-14 19:23:03.959962,pending
322,69.0,2024-09-09 06:20:54.347226,completed
323,486.0,2026-12-10 09:50:26.716149,pending
324,68.0,2025-03-12 04:13:05.558587,completed
325,365.0,2026-05-24 23:51:56.892705,completed
326,274.0,2024-09-22 09:03:03.315897,completed
327,545.0,2025-11-21 15:04:34.405718,completed
328,130.0,2025-05-24 07:37:51.948267,cancelled
329,155.0,2025-03-30 08:41:12.170463,cancelled
330,359.0,2025-03-10 05:21:05.683228,pending
331,61.0,2025-09-25 17:53:22.817443,cancelled
332,399.0,2024-08-05 14:42:11.108574,pending
333,152.0,2025-02-26 14:15:29.799691,pending
334,,2026-07-10 09:21:35.607037,refunded
335,428.0,2025-10-12 01:36:40.479316,pending
336,39.0,2026-07-12 05:18:57.825824,completed
337,152.0,2025-06-06 22:56:09.094819,refunded
338,437.0,2024-11-02 10:44:24.251004,pending
339,49.0,2026-10-27 09:50:26.716316,cancelled
340,88.0,2026-03-08 14:07:04.572426,completed
341,376.0,2024-12-11 19:06:21.137721,completed
342,493.0,2025-04-17 23:58:01.982915,completed
343,216.0,2026-01-23 10:32:43.871141,pending
344,31.0,2026-04-02 20:34:19.999371,refunded
345,248.0,2024-10-09 00:22:04.715632,completed
346,184.0,2024-08-27 18:27:17.379243,pending
347,457.0,2026-06-12 02:41:49.870135,completed
348,24.0,2027-07-31 09:50:26.716411,cancelled
349,381.0,2026-04-14 12:52:11.220479,pending
350,174.0,2026-03-10 00:30:55.495394,completed
351,373.0,2024-07-28 23:05:09.783875,completed
352,430.0,2025-12-07 17:36:19.510313,completed
353,479.0,2024-10-08 05:11:34.452282,refunded
354,39.0,2025-06-12 16:35:02.336759,completed
355,260.0,2024-08-04 13:07:46.528648,completed
356,236.0,2024-12-18 14:34:31.821475,completed
357,162.0,2025-08-15 22:22:26.403460,completed
358,,2024-12-14 19:16:04.978340,cancelled
359,317.0,2025-08-05 03:58:00.558493,cancelled
360,234.0,2025-01-23 20:59:18.656777,completed
361,233.0,2025-07-06 18:30:22.775472,pending
362,187.0,2026-01-03 02:59:25.649985,completed
363,175.0,2024-10-30 04:21:20.492755,cancelled
364,192.0,2025-12-11 08:33:42.770206,completed
365,368.0,2024-08-01 08:41:56.872344,completed
366,62.0,2025-09-17 19:17:00.166493,pending
367,367.0,2025-11-15 14:58:51.434001,cancelled
368,345.0,2024-08-19 16:37:34.462821,cancelled
369,490.0,2026-09-11 09:50:26.716644,cancelled
370,222.0,2025-02-11 09:30:34.670553,refunded
371,91.0,2026-02-15 09:59:39.950816,completed
372,337.0,2025-10-13 08:10:56.611765,completed
373,312.0,2024-08-26 16:59:08.354681,refunded
374,497.0,2025-11-09 05:13:16.609600,cancelled
375,454.0,2024-07-25 00:25:52.736185,refunded
376,365.0,2025-04-28 19:51:38.618077,completed
377,366.0,2025-02-02 02:48:14.013396,refunded
378,333.0,2026-04-02 08:37:47.075615,cancelled
379,364.0,2025-11-13 02:53:00.429312,cancelled
380,342.0,2026-04-11 06:30:09.072423,cancelled
381,450.0,2024-08-01 20:47:33.263428,completed
382,75.0,2026-04-13 13:20:38.697604,pending
383,147.0,2025-11-05 07:29:06.100808,pending
384,105.0,2025-01-03 19:03:28.234347,completed
385,445.0,2025-04-23 00:35:28.713562,cancelled
386,200.0,2026-07-02 07:48:44.323104,completed
387,341.0,2024-09-29 16:31:30.078470,pending
388,351.0,2026-12-24 09:50:26.716938,completed
389,445.0,2026-04-13 02:09:51.405252,refunded
390,361.0,2025-08-11 05:23:11.894810,pending
391,101.0,2024-12-02 02:30:02.561089,completed
392,350.0,2025-07-19 15:29:25.690912,completed
393,21.0,2025-06-18 11:30:57.132449,cancelled
394,530.0,2026-05-26 14:38:37.084805,completed
395,166.0,2024-08-03 15:02:45.205834,refunded
396,155.0,2025-01-15 15:28:50.885116,pending
397,163.0,2025-08-09 15:46:35.743040,pending
398,82.0,2025-03-19 14:18:11.795320,completed
399,110.0,2025-05-02 07:13:02.387247,refunded
400,317.0,2024-11-10 14:51:40.487017,refunded
401,5.0,2025-03-29 05:53:57.692318,cancelled
402,471.0,2025-04-01 23:53:30.464103,completed
403,469.0,2025-10-18 15:34:11.334470,pending
404,13.0,2025-01-07 11:20:56.866729,pending
405,229.0,2026-07-03 12:25:46.169899,completed
406,43.0,2025-07-20 02:01:14.059964,cancelled
407,4.0,2026-03-04 00:02:11.292905,completed
408,351.0,2025-10-19 01:24:42.825189,pending
409,500.0,2026-04-21 18:52:07.541700,completed
410,352.0,2026-04-30 08:25:21.128474,completed
411,28.0,2026-03-06 04:01:51.813070,pending
412,467.0,2024-08-09 10:54:09.157108,completed
413,9.0,2027-08-21 09:50:26.717274,cancelled
414,388.0,2025-02-08 14:32:40.367515,completed
415,258.0,2024-11-06 17:59:44.019115,completed
416,392.0,2026-05-05 07:10:03.120398,completed
417,81.0,2025-11-10 19:19:58.174377,pending
418,280.0,2024-09-21 01:30:02.355834,refunded
419,495.0,2025-04-24 02:59:32.483359,refunded
420,284.0,2026-06-20 15:11:54.536255,cancelled
421,202.0,2025-10-09 07:28:18.525147,pending
422,463.0,2025-10-18 20:43:03.358641,refunded
423,73.0,2025-01-01 01:28:43.286976,completed
424,93.0,2025-01-10 12:12:39.136371,pending
425,282.0,2024-11-07 12:14:43.464659,completed
426,51.0,2026-06-27 21:18:44.699104,completed
427,344.0,2026-05-14 11:21:53.289121,refunded
428,163.0,2025-03-16 11:10:57.115177,pending
429,79.0,2025-08-19 00:30:08.674188,completed
430,3.0,2024-12-16 23:05:23.465114,cancelled
431,142.0,2024-10-28 03:46:39.743957,refunded
432,237.0,2025-08-18 09:04:33.593054,completed
433,331.0,2026-02-23 09:22:42.248611,completed
434,276.0,2026-04-10 00:47:36.226679,pending
435,533.0,2025-03-01 15:31:55.624227,cancelled
436,394.0,2025-12-16 00:25:59.666656,cancelled
437,277.0,2025-08-05 13:25:36.716442,completed
438,396.0,2024-10-25 17:30:08.483148,cancelled
439,47.0,2026-07-16 06:12:21.873740,refunded
440,413.0,2026-07-01 17:10:22.628747,completed
441,82.0,2024-11-01 23:03:45.610781,refunded
442,377.0,2026-05-31 11:45:13.398724,pending
443,119.0,2026-05-19 20:41:24.148982,completed
444,465.0,2025-03-07 20:30:42.213079,refunded
445,21.0,2025-08-30 01:20:35.298200,cancelled
446,425.0,2026-06-11 20:44:52.259069,cancelled
447,193.0,2024-10-13 09:49:46.957834,refunded
448,265.0,2025-03-07 22:17:20.552687,completed
449,419.0,2026-04-22 11:42:49.958761,cancelled
450,257.0,2026-01-01 01:07:47.764190,cancelled
451,144.0,2026-01-29 01:33:35.233605,pending
452,61.0,2026-04-22 20:22:14.033809,completed
453,346.0,2025-05-17 09:04:25.755955,refunded
454,12.0,2025-05-15 08:11:20.646682,completed
455,537.0,2025-06-07 12:51:45.289283,refunded
456,265.0,2026-06-01 00:42:07.618645,completed
457,369.0,2026-05-03 01:46:48.597358,completed
458,311.0,2026-05-31 15:36:43.663647,pending
459,308.0,2025-02-03 22:23:00.570179,cancelled
460,262.0,2026-02-08 01:15:57.683210,completed
461,303.0,2024-10-04 22:11:09.837162,completed
462,268.0,2024-11-30 21:12:26.838657,completed
463,50.0,2026-01-26 21:11:01.916051,refunded
464,273.0,2025-10-08 23:17:17.428999,completed
465,,2025-01-29 20:49:40.053705,pending
466,221.0,2025-09-06 03:26:52.368997,cancelled
467,118.0,2025-01-03 14:32:50.942743,completed
468,412.0,2025-01-04 12:49:59.875497,completed
469,69.0,2025-12-03 01:05:58.909624,completed
470,307.0,2025-04-07 08:43:04.177829,pending
471,534.0,2027-07-19 09:50:26.718019,completed
472,412.0,2025-07-02 01:52:54.869897,cancelled
473,130.0,2025-07-20 20:50:02.784966,cancelled
474,349.0,2025-10-03 15:50:12.707759,cancelled
475,92.0,2025-12-21 01:05:53.297019,completed
476,177.0,2025-04-18 02:23:50.192387,refunded
477,61.0,2026-04-02 09:26:41.076293,completed
478,110.0,2025-07-12 22:06:31.929969,cancelled
479,351.0,2024-10-27 09:07:39.351151,completed
480,47.0,2024-12-07 02:27:32.836517,completed
481,135.0,2024-08-11 11:21:13.005168,completed
482,206.0,2026-01-28 09:50:55.562934,cancelled
483,485.0,2024-07-29 21:32:36.106623,completed
484,436.0,2025-02-01 01:21:13.673416,completed
485,307.0,2025-05-16 15:36:36.329365,pending
486,,2026-01-12 05:08:11.514595,refunded
487,400.0,2026-07-10 19:43:47.257233,completed
488,8.0,2026-01-23 11:17:45.577904,completed
489,425.0,2024-09-05 05:47:27.047782,pending
490,116.0,2026-05-27 03:50:56.244212,cancelled
491,134.0,2026-07-08 21:52:16.433460,cancelled
492,175.0,2026-04-13 08:24:36.028419,refunded
493,417.0,2025-07-11 19:45:51.406764,completed
494,248.0,2025-03-13 06:14:05.045220,completed
495,236.0,2025-06-18 03:46:43.093061,completed
496,196.0,2025-01-15 04:48:59.030270,completed
497,162.0,2025-05-10 16:15:01.441205,pending
498,135.0,2024-08-18 11:35:55.439240,pending
499,39.0,2026-01-07 01:48:15.701407,completed
500,294.0,2025-04-22 18:51:28.449250,refunded
501,256.0,2025-03-04 11:53:21.063070,completed
502,118.0,2025-10-08 14:55:49.785352,completed
503,55.0,2026-01-12 06:54:38.159010,completed
504,4.0,2025-09-25 16:38:19.819641,completed
505,318.0,2025-08-06 14:24:36.456175,cancelled
506,141.0,2026-04-19 16:07:38.072551,completed
507,114.0,2026-02-13 18:13:18.696706,completed
508,482.0,2025-08-03 06:05:25.840775,pending
509,90.0,2025-06-13 19:43:23.375198,completed
510,514.0,2026-03-15 01:03:52.894794,completed
511,442.0,2024-08-18 21:56:09.727395,completed
512,314.0,2026-07-16 08:50:44.950765,completed
513,386.0,2025-08-01 19:57:59.340408,completed
514,68.0,2025-05-03 21:59:10.181766,pending
515,412.0,2026-01-06 22:58:10.357161,completed
516,492.0,2027-03-21 09:50:26.718564,completed
517,458.0,2025-07-30 22:48:20.961957,pending
518,154.0,2025-10-22 14:32:53.797458,completed
519,84.0,2024-08-23 22:32:40.951630,cancelled
520,231.0,2025-02-16 15:08:14.525342,cancelled
521,,2025-05-05 16:33:53.544200,refunded
522,494.0,2025-02-26 09:37:03.681063,cancelled
523,400.0,2026-03-15 11:46:29.290137,pending
524,229.0,2025-06-20 22:26:15.315119,cancelled
525,75.0,2025-05-23 12:43:29.123145,completed
526,314.0,2025-10-09 19:29:47.165300,completed
527,117.0,2024-08-27 18:36:23.528755,cancelled
528,203.0,2025-07-31 13:35:03.546922,completed
529,301.0,2024-10-30 19:59:50.196852,refunded
530,65.0,2026-03-17 03:36:54.454612,pending
531,41.0,2025-06-13 21:16:28.618690,refunded
532,243.0,2025-12-28 19:25:02.040773,pending
533,43.0,2024-10-09 14:23:25.739581,refunded
534,200.0,2026-02-07 18:39:40.118321,cancelled
535,68.0,2026-06-04 00:07:27.694412,completed
536,469.0,2025-12-09 10:15:34.399810,cancelled
537,140.0,2024-10-25 18:27:07.992927,cancelled
538,303.0,2025-05-17 00:38:37.622618,cancelled
539,269.0,2025-06-13 07:02:05.775087,completed
540,117.0,2024-11-26 14:20:02.183558,completed
541,534.0,2025-09-23 03:26:53.220860,completed
542,241.0,2025-12-21 11:53:04.701947,pending
543,528.0,2024-12-13 10:29:43.925115,pending
544,281.0,2025-06-16 01:36:29.894721,completed
545,84.0,2025-01-17 14:38:35.864939,completed
546,41.0,2025-12-06 05:10:42.544874,refunded
547,414.0,2026-05-12 14:15:26.708343,cancelled
548,138.0,2026-02-20 17:56:04.900607,completed
549,327.0,2025-12-25 16:31:16.758465,completed
550,504.0,2024-10-17 04:14:18.470005,refunded
551,145.0,2024-10-10 07:48:19.669855,completed
552,514.0,2025-06-12 04:57:28.472847,pending
553,191.0,2025-04-10 01:16:11.429162,refunded
554,488.0,2025-08-05 13:38:02.879521,cancelled
555,93.0,2025-04-25 11:57:21.741011,pending
556,63.0,2026-02-16 18:55:13.345514,refunded
557,127.0,2025-07-27 16:36:40.259107,pending
558,267.0,2026-06-12 16:56:59.489300,refunded
559,480.0,2025-04-21 13:07:57.200656,refunded
560,267.0,2025-04-22 22:56:23.822007,completed
561,27.0,2026-01-31 03:05:30.433877,cancelled
562,518.0,2026-05-16 07:29:54.213113,completed
563,497.0,2025-09-05 00:14:50.906790,cancelled
564,191.0,2025-11-12 16:53:23.684737,pending
565,174.0,2024-11-05 13:37:18.256517,completed
566,331.0,2026-04-14 14:01:48.438212,completed
567,163.0,2024-11-26 14:07:36.543937,pending
568,225.0,2025-12-21 01:35:43.188961,pending
569,129.0,2025-05-21 10:13:31.321521,completed
570,357.0,2025-03-02 00:38:48.903684,completed
571,240.0,2026-01-31 09:34:48.640026,cancelled
572,36.0,2025-06-09 21:54:20.565737,cancelled
573,541.0,2025-10-19 12:59:28.386433,refunded
574,318.0,2024-10-12 19:13:13.724394,pending
575,338.0,2024-10-23 00:57:38.632283,pending
576,393.0,2024-12-14 02:37:09.421307,cancelled
577,57.0,2025-10-16 16:44:57.828740,refunded
578,92.0,2025-01-19 19:44:26.441005,completed
579,293.0,2025-06-18 23:01:24.542867,cancelled
580,303.0,2026-04-04 18:58:35.757793,completed
581,477.0,2025-08-19 22:43:19.218653,pending
582,240.0,2024-07-23 03:08:11.106925,refunded
583,213.0,2026-04-24 17:26:40.059643,cancelled
584,271.0,2025-01-08 16:41:22.835814,refunded
585,492.0,2025-09-22 01:58:19.998602,completed
586,99.0,2025-07-01 10:16:29.348506,completed
587,384.0,2025-05-14 12:53:50.735585,cancelled
588,346.0,2024-09-14 22:24:34.028994,completed
589,93.0,2025-09-30 07:01:21.356601,cancelled
590,308.0,2025-01-13 16:30:51.893623,refunded
591,167.0,2025-08-22 18:03:03.350861,pending
592,166.0,2025-10-14 15:45:40.540746,pending
593,475.0,2025-08-30 04:59:45.001156,refunded
594,1.0,2026-03-13 18:15:04.848546,cancelled
595,456.0,2024-08-23 15:56:29.310478,refunded
596,12.0,2024-11-04 05:28:35.519236,refunded
597,262.0,2025-11-08 03:15:25.961503,completed
598,183.0,2024-08-14 18:05:47.076004,completed
599,132.0,2026-04-03 15:14:44.812635,refunded
600,376.0,2025-11-18 03:47:01.637331,completed
601,461.0,2026-03-23 01:59:14.628993,cancelled
602,537.0,2025-02-21 22:27:16.197634,refunded
603,172.0,2026-05-22 06:03:47.883463,refunded
604,446.0,2024-08-23 17:54:53.539968,refunded
605,325.0,2025-05-19 12:12:33.138951,completed
606,277.0,2024-11-26 03:17:08.882227,completed
607,345.0,2025-11-21 21:05:18.654147,cancelled
608,259.0,2025-10-08 07:39:10.207864,completed
609,173.0,2025-12-06 01:36:19.372353,completed
610,44.0,2025-09-26 13:01:52.458011,pending
611,247.0,2026-02-14 01:01:08.876281,completed
612,316.0,2024-11-25 12:44:59.961756,completed
613,221.0,2025-06-16 13:05:05.259298,pending
614,217.0,2025-09-14 20:28:46.887001,cancelled
615,395.0,2026-05-30 08:34:39.499384,refunded
616,227.0,2024-09-24 22:57:57.358903,completed
617,351.0,2025-02-22 13:24:27.883996,completed
618,28.0,2025-04-14 03:54:10.114777,pending
619,545.0,2025-04-21 17:42:12.156303,completed
620,170.0,2024-09-06 08:37:12.975988,cancelled
621,133.0,2025-05-27 01:57:25.172342,pending
622,538.0,2025-08-25 00:54:55.271959,completed
623,31.0,2025-02-17 20:07:23.255125,completed
624,336.0,2024-10-25 05:06:45.891695,cancelled
625,468.0,2027-07-16 09:50:26.720052,completed
626,195.0,2025-02-04 09:17:41.014242,completed
627,306.0,2025-08-07 22:21:21.932256,completed
628,475.0,2025-08-06 04:09:57.837640,completed
629,251.0,2025-12-09 05:16:09.497468,completed
630,321.0,2025-10-09 00:33:10.893035,completed
631,32.0,2024-10-06 18:33:17.512635,pending
632,16.0,2026-01-02 23:34:14.499643,completed
633,202.0,2025-10-21 09:16:17.201544,refunded
634,314.0,2026-07-10 01:14:55.956928,cancelled
635,219.0,2025-07-07 05:40:04.148226,cancelled
636,106.0,2025-12-03 23:28:36.508286,completed
637,71.0,2026-06-01 02:51:40.067777,completed
638,466.0,2026-07-09 09:16:50.855089,refunded
639,163.0,2025-02-13 17:09:01.857406,completed
640,430.0,2025-10-06 16:17:31.052110,refunded
641,212.0,2025-03-07 02:50:45.775114,pending
642,327.0,2025-08-06 17:13:38.389011,completed
643,540.0,2026-07-15 18:36:34.541530,cancelled
644,306.0,2025-04-03 09:54:27.142267,pending
645,245.0,2024-10-21 16:23:20.475066,cancelled
646,95.0,2025-09-02 22:09:20.516560,completed
647,17.0,2025-08-02 13:33:11.468182,refunded
648,114.0,2025-10-23 11:44:41.418739,completed
649,475.0,2025-07-13 16:40:20.049639,pending
650,444.0,2024-11-27 08:22:04.027730,completed
651,377.0,2025-10-07 02:07:47.227170,refunded
652,293.0,2025-12-18 12:55:44.044437,pending
653,267.0,2026-07-04 06:11:44.877809,refunded
654,126.0,2024-07-20 02:02:11.175067,cancelled
655,265.0,2024-08-05 10:50:44.073533,completed
656,453.0,2025-10-18 19:35:53.051908,completed
657,314.0,2024-10-13 01:44:15.874785,completed
658,331.0,2026-03-30 10:16:22.854970,pending
659,481.0,2026-02-22 23:53:56.295162,completed
660,13.0,2026-07-18 16:04:52.510445,completed
661,233.0,2025-05-17 09:05:27.866220,pending
662,84.0,2025-03-19 18:12:22.261810,completed
663,186.0,2025-09-01 07:15:22.277997,refunded
664,314.0,2025-10-27 14:43:36.048146,pending
665,468.0,2024-07-27 04:22:43.806208,completed
666,75.0,2024-12-12 21:26:12.859624,completed
667,394.0,2025-02-09 15:39:53.050055,refunded
668,492.0,2026-02-16 03:38:55.743410,completed
669,438.0,2025-02-28 18:02:28.169073,completed
670,112.0,2025-07-24 01:21:35.592414,completed
671,536.0,2025-03-12 13:11:52.167036,pending
672,107.0,2024-07-23 09:48:39.260035,completed
673,537.0,2025-12-01 22:03:51.843368,refunded
674,26.0,2025-03-25 06:54:28.851289,completed
675,339.0,2025-12-30 02:05:41.232947,completed
676,234.0,2025-10-11 21:37:12.605395,pending
677,166.0,2024-08-09 04:47:33.061671,completed
678,282.0,2024-11-24 05:21:55.542894,refunded
679,169.0,2025-03-17 08:44:52.600887,cancelled
680,56.0,2025-03-22 18:52:02.253075,completed
681,371.0,2025-11-22 03:47:37.165478,completed
682,312.0,2026-05-19 04:03:05.203905,cancelled
683,475.0,2026-02-21 07:24:06.230664,cancelled
684,253.0,2025-11-02 13:35:07.350652,completed
685,502.0,2025-07-05 15:40:08.216582,pending
686,107.0,2025-10-20 02:05:54.419326,completed
687,287.0,2026-05-01 13:27:32.230222,pending
688,131.0,2025-08-15 04:10:40.114522,completed
689,4.0,2025-03-20 17:18:07.798386,cancelled
690,512.0,2026-02-11 14:50:23.895714,refunded
691,246.0,2025-05-17 07:32:49.198283,completed
692,322.0,2026-01-12 08:57:29.273398,completed
693,417.0,2026-03-20 22:59:36.483906,completed
694,372.0,2027-06-09 09:50:26.720983,pending
695,410.0,2025-12-30 12:02:38.856525,completed
696,525.0,2025-03-06 09:33:53.748935,cancelled
697,200.0,2025-08-14 09:12:26.966770,completed
698,440.0,2024-12-18 01:28:41.581377,completed
699,122.0,2025-12-01 16:03:36.217602,cancelled
700,90.0,2026-02-22 23:23:24.882967,refunded
701,228.0,2026-04-28 14:49:37.059614,completed
702,175.0,2025-04-03 05:23:16.239674,pending
703,74.0,2026-06-27 05:06:55.382962,cancelled
704,68.0,2025-02-08 19:12:40.165566,refunded
705,503.0,2024-08-10 16:50:00.656762,completed
706,240.0,2026-07-07 10:39:09.627447,pending
707,12.0,2025-10-19 14:00:28.838661,completed
708,99.0,2026-03-26 06:58:27.289052,pending
709,140.0,2027-07-02 09:50:26.721239,cancelled
710,53.0,2025-04-29 12:00:34.119507,completed
711,361.0,2025-09-26 16:56:19.234426,completed
712,457.0,2026-04-11 11:57:43.676889,completed
713,346.0,2026-01-18 21:57:45.916744,completed
714,361.0,2025-12-16 02:42:31.559304,pending
715,316.0,2025-03-05 15:58:22.974571,pending
716,415.0,2024-08-11 00:48:40.515185,completed
717,68.0,2025-05-17 06:04:59.382919,completed
718,159.0,2025-07-17 00:26:25.127771,completed
719,115.0,2025-01-08 12:33:01.256171,completed
720,94.0,2025-06-14 00:55:31.480644,refunded
721,233.0,2026-06-13 10:00:20.101107,completed
722,434.0,2024-12-23 19:34:52.218055,completed
723,53.0,2025-02-24 18:25:11.475704,cancelled
724,37.0,2024-10-08 21:54:19.259743,completed
725,318.0,2026-02-12 07:34:54.107623,completed
726,107.0,2026-02-07 02:10:06.093330,completed
727,404.0,2026-05-17 02:48:06.396157,pending
728,379.0,2025-06-08 02:21:17.792069,cancelled
729,238.0,2024-08-06 03:27:54.200434,completed
730,208.0,2025-07-06 12:08:23.799875,pending
731,195.0,2025-07-19 05:01:57.593572,completed
732,72.0,2024-12-04 21:01:13.451092,completed
733,76.0,2026-05-24 15:04:37.288402,cancelled
734,229.0,2026-01-04 23:07:32.758351,cancelled
735,468.0,2025-08-05 10:18:52.686809,pending
736,469.0,2027-05-06 09:50:26.721620,completed
737,66.0,2024-10-31 14:30:01.996522,refunded
738,1.0,2026-04-16 18:16:54.857097,refunded
739,528.0,2026-03-11 11:39:30.333576,completed
740,196.0,2026-06-04 03:18:15.785092,completed
741,72.0,2025-11-25 06:12:11.654675,refunded
742,79.0,2024-10-23 21:03:14.537455,completed
743,547.0,2025-12-30 05:08:42.310737,refunded
744,70.0,2025-06-19 11:44:49.320974,completed
745,404.0,2025-12-22 06:10:11.996210,completed
746,218.0,2025-08-04 11:49:12.530220,completed
747,532.0,2024-07-21 22:22:22.116832,cancelled
748,211.0,2026-05-30 23:36:40.856413,completed
749,248.0,2025-12-02 19:23:32.038269,pending
750,73.0,2025-09-26 01:05:06.589961,pending
751,144.0,2024-09-20 12:53:35.845978,completed
752,242.0,2025-06-24 23:21:53.198821,pending
753,277.0,2024-08-21 15:13:15.083514,completed
754,530.0,2025-08-03 04:50:20.856767,pending
755,216.0,2025-11-12 07:19:00.325660,completed
756,356.0,2025-03-04 04:35:02.222682,cancelled
757,32.0,2025-09-13 19:49:20.437326,cancelled
758,150.0,2025-03-03 22:39:36.080174,completed
759,259.0,2026-05-01 14:48:48.227985,cancelled
760,,2025-03-10 07:50:28.237637,completed
761,303.0,2024-12-06 13:56:17.835097,completed
762,401.0,2025-02-06 00:24:26.912540,refunded
763,176.0,2025-03-09 01:30:05.366622,pending
764,429.0,2025-06-06 03:44:52.505342,completed
765,226.0,2024-10-12 20:55:06.916442,refunded
766,28.0,2024-11-05 00:08:23.257440,completed
767,205.0,2025-02-03 19:35:27.932640,refunded
768,120.0,2024-07-30 01:47:38.412142,completed
769,446.0,2025-10-16 23:29:33.459491,completed
770,162.0,2025-07-29 10:35:07.194880,refunded
771,327.0,2024-12-16 19:56:09.661536,cancelled
772,140.0,2025-03-31 19:55:47.988966,cancelled
773,201.0,2025-03-08 13:50:42.566592,pending
774,395.0,2024-10-30 08:01:36.950340,completed
775,501.0,2026-10-07 09:50:26.722104,cancelled
776,351.0,2025-02-10 20:26:01.800550,completed
777,13.0,2025-01-13 18:28:34.444127,refunded
778,112.0,2024-09-08 23:18:58.957958,completed
779,439.0,2025-10-09 21:45:03.827425,cancelled
780,412.0,2025-03-23 08:55:41.608986,completed
781,240.0,2025-06-08 00:08:16.800316,refunded
782,394.0,2024-10-21 22:42:55.887239,completed
783,83.0,2025-06-27 19:01:50.785160,completed
784,31.0,2025-11-24 08:47:27.959139,completed
785,476.0,2024-10-04 07:22:49.627597,completed
786,277.0,2024-08-27 05:30:50.949998,refunded
787,367.0,2025-05-26 10:54:47.869272,pending
788,398.0,2024-11-26 16:09:52.132971,cancelled
789,525.0,2025-09-27 09:14:02.922750,refunded
790,546.0,2025-09-24 22:14:17.339822,completed
791,433.0,2026-03-21 17:43:43.821505,completed
792,197.0,2025-12-11 19:15:38.899313,cancelled
793,479.0,2025-10-12 03:15:54.808148,completed
794,491.0,2025-03-04 03:52:48.288082,completed
795,431.0,2026-03-08 01:19:15.455566,completed
796,21.0,2025-12-21 16:31:05.177428,completed
797,55.0,2025-11-20 23:41:45.713097,cancelled
798,377.0,2025-08-12 15:07:20.122245,refunded
799,123.0,2026-06-30 04:26:38.631940,completed
800,274.0,2026-01-21 23:38:34.603376,completed
801,174.0,2025-06-24 02:40:05.255955,completed
802,414.0,2024-10-23 04:53:31.737614,refunded
803,275.0,2026-03-04 16:50:03.947741,completed
804,,2026-05-21 17:52:02.607963,cancelled
805,125.0,2025-06-25 23:54:32.242483,completed
806,158.0,2025-06-16 17:24:12.804068,refunded
807,33.0,2025-11-30 22:15:35.497496,pending
808,113.0,2025-12-19 17:29:05.449808,refunded
809,378.0,2025-06-23 21:25:47.025703,cancelled
810,71.0,2025-01-04 04:16:20.266043,completed
811,89.0,2024-12-29 09:46:39.001037,completed
812,357.0,2026-04-08 22:38:49.771271,cancelled
813,69.0,2025-10-12 14:15:11.149171,pending
814,9.0,2026-10-02 09:50:26.722628,pending
815,304.0,2025-05-01 08:01:29.608681,pending
816,355.0,2025-12-11 23:37:41.798476,completed
817,123.0,2025-11-16 19:56:52.343287,completed
818,256.0,2026-02-15 02:48:36.797283,completed
819,516.0,2026-04-24 12:12:07.218595,refunded
820,317.0,2025-06-15 01:03:42.201331,completed
821,395.0,2024-08-10 00:53:48.460957,completed
822,77.0,2025-07-01 03:39:15.949037,completed
823,344.0,2025-04-01 15:36:44.395892,completed
824,129.0,2025-06-20 20:35:18.089742,completed
825,380.0,2024-11-20 16:43:52.515438,completed
826,264.0,2026-01-30 21:30:09.289748,cancelled
827,167.0,2025-10-03 11:04:35.622195,completed
828,57.0,2024-10-19 23:43:51.777575,refunded
829,193.0,2024-10-02 02:52:43.173232,completed
830,224.0,2026-03-08 03:15:55.571964,completed
831,70.0,2026-02-20 22:41:43.419863,completed
832,172.0,2025-03-13 23:18:43.972590,completed
833,437.0,2025-11-05 08:11:27.556416,completed
834,152.0,2026-02-17 18:50:21.914664,cancelled
835,88.0,2025-08-12 02:09:36.358342,completed
836,268.0,2025-05-07 17:14:33.358446,refunded
837,528.0,2025-05-16 22:35:08.136922,completed
838,297.0,2025-10-15 11:12:00.757677,refunded
839,503.0,2025-08-23 04:41:58.959466,pending
840,18.0,2026-06-30 08:07:22.509404,pending
841,51.0,2025-04-25 07:12:23.324164,completed
842,375.0,2025-03-24 19:33:27.482243,completed
843,543.0,2026-03-05 11:30:00.051032,refunded
844,383.0,2025-09-23 14:55:35.110083,completed
845,361.0,2026-02-11 20:32:12.202438,completed
846,541.0,2025-06-01 22:43:58.061400,completed
847,17.0,2026-02-14 01:21:20.090498,cancelled
848,295.0,2025-08-20 16:42:16.006167,refunded
849,377.0,2025-01-07 10:27:53.009064,completed
850,27.0,2025-11-14 22:55:14.124377,completed
851,90.0,2024-09-13 19:55:40.196736,pending
852,71.0,2026-05-29 21:46:06.237547,completed
853,481.0,2025-09-11 08:42:50.614777,pending
854,390.0,2025-07-09 09:41:22.223615,pending
855,142.0,2025-09-24 11:50:25.445436,cancelled
856,425.0,2025-06-22 01:48:32.507507,cancelled
857,150.0,2025-08-28 09:51:06.088099,pending
858,482.0,2026-03-11 09:38:02.895577,completed
859,201.0,2024-11-24 14:55:06.955018,completed
860,142.0,2026-06-17 04:24:37.128302,completed
861,488.0,2024-09-07 18:38:53.511793,cancelled
862,68.0,2024-10-06 08:46:45.402688,completed
863,97.0,2026-03-05 14:08:51.137720,refunded
864,331.0,2026-02-02 09:08:32.744740,pending
865,249.0,2025-04-21 17:12:23.632212,completed
866,156.0,2025-07-15 00:03:56.944947,pending
867,117.0,2025-11-13 04:00:44.033866,completed
868,181.0,2024-09-23 01:30:06.265563,completed
869,275.0,2026-03-07 18:09:40.600556,pending
870,342.0,2026-04-28 01:21:50.145248,refunded
871,295.0,2026-05-09 17:46:16.562310,cancelled
872,18.0,2025-10-26 14:41:44.924859,completed
873,500.0,2024-07-19 01:33:08.366159,completed
874,256.0,2024-11-03 02:38:20.524663,completed
875,497.0,2024-11-04 22:18:41.088709,pending
876,243.0,2025-08-11 00:02:33.388274,refunded
877,342.0,2025-04-29 19:18:33.706961,completed
878,353.0,2025-09-14 02:20:12.171956,pending
879,60.0,2024-12-08 20:39:13.753907,completed
880,48.0,2025-11-28 18:20:44.716125,cancelled
881,401.0,2025-03-07 04:45:35.163135,cancelled
882,229.0,2025-09-08 12:07:58.099439,completed
883,252.0,2026-05-17 00:10:45.824099,refunded
884,185.0,2025-02-26 09:32:50.294111,completed
885,7.0,2026-06-08 00:23:13.658189,refunded
886,45.0,2025-06-01 11:44:46.447624,completed
887,227.0,2026-07-06 16:26:48.473544,completed
888,459.0,2025-03-27 09:48:09.860821,completed
889,156.0,2024-09-22 03:39:52.109375,completed
890,492.0,2027-07-11 09:50:26.724202,refunded
891,213.0,2026-07-09 11:47:29.092206,refunded
892,103.0,2025-05-10 04:30:56.301254,completed
893,424.0,2024-10-20 02:33:56.914675,pending
894,501.0,2025-02-18 19:49:29.482665,cancelled
895,326.0,2025-04-14 15:21:32.755336,completed
896,252.0,2025-08-23 21:06:40.700245,pending
897,253.0,2024-08-26 17:43:23.066366,cancelled
898,290.0,2025-12-14 17:11:14.838112,refunded
899,419.0,2026-03-10 11:22:23.385919,refunded
900,84.0,2025-04-07 08:25:29.931875,pending
901,183.0,2026-04-09 01:18:15.412565,refunded
902,183.0,2026-04-12 07:00:01.520039,completed
903,100.0,2025-01-06 18:27:21.025316,pending
904,279.0,2025-12-13 21:20:15.104435,pending
905,139.0,2025-05-02 22:26:36.806367,cancelled
906,422.0,2025-03-08 07:34:33.048055,pending
907,211.0,2025-04-24 13:12:15.638195,completed
908,114.0,2025-04-23 15:44:08.788993,pending
909,488.0,2025-08-21 03:04:53.361110,pending
910,59.0,2025-11-14 20:44:04.088133,completed
911,9.0,2025-06-30 19:32:17.625182,pending
912,456.0,2024-12-03 10:13:23.274670,completed
913,508.0,2025-04-25 20:51:23.404925,completed
914,117.0,2026-05-25 05:53:45.522231,completed
915,391.0,2026-03-24 12:08:35.509771,pending
916,22.0,2024-11-08 14:51:38.344337,cancelled
917,241.0,2026-07-17 13:14:28.041772,pending
918,387.0,2025-11-20 09:35:50.899589,cancelled
919,103.0,2024-10-25 00:24:29.963704,refunded
920,483.0,2024-09-09 08:08:12.943596,refunded
921,400.0,2024-07-30 09:42:07.756037,completed
922,297.0,2025-12-27 20:29:37.444179,refunded
923,88.0,2025-07-09 10:56:05.200985,completed
924,110.0,2025-06-02 22:57:03.499865,pending
925,95.0,2026-07-12 06:20:27.422752,completed
926,195.0,2024-09-18 18:35:57.920603,pending
927,161.0,2025-10-31 01:48:53.259927,pending
928,361.0,2025-05-18 16:53:56.326955,completed
929,198.0,2025-06-17 01:11:45.709316,refunded
930,228.0,2026-02-15 05:26:06.031745,completed
931,439.0,2025-10-03 10:53:19.125563,pending
932,544.0,2025-05-25 21:33:42.272697,completed
933,338.0,2024-11-27 06:26:30.725121,pending
934,53.0,2025-07-26 01:08:17.938267,completed
935,102.0,2025-08-26 04:35:48.135052,completed
936,430.0,2025-06-12 16:18:24.934003,pending
937,304.0,2025-04-04 11:23:46.946408,completed
938,244.0,2024-12-01 15:31:11.202705,cancelled
939,76.0,2025-10-03 13:24:31.347993,completed
940,322.0,2025-09-14 02:27:39.386578,pending
941,256.0,2026-03-29 12:04:47.391072,pending
942,79.0,2025-01-07 20:54:26.430802,cancelled
943,267.0,2025-07-20 10:23:20.881257,cancelled
944,252.0,2025-05-15 00:55:54.849269,cancelled
945,10.0,2025-08-21 21:26:42.980847,refunded
946,197.0,2025-04-12 23:51:46.413598,completed
947,91.0,2026-07-03 12:14:23.420895,pending
948,252.0,2025-09-06 22:50:46.464082,pending
949,292.0,2025-12-15 19:58:58.612826,cancelled
950,244.0,2024-10-09 14:15:50.273090,completed
951,303.0,2025-07-05 16:19:27.749748,refunded
952,165.0,2025-12-05 07:47:13.791978,completed
953,415.0,2024-10-30 17:19:48.184577,completed
954,50.0,2026-01-04 03:00:05.830124,completed
955,126.0,2026-07-07 09:57:25.869638,refunded
956,34.0,2026-07-07 11:31:20.608666,cancelled
957,20.0,2026-02-07 21:05:32.402818,refunded
958,531.0,2025-06-23 13:21:39.875809,completed
959,200.0,2024-09-14 01:53:31.358964,pending
960,106.0,2026-04-29 23:53:29.622341,completed
961,315.0,2024-09-21 12:55:10.280469,cancelled
962,499.0,2025-06-29 01:06:53.082782,completed
963,25.0,2026-01-11 17:12:19.578773,cancelled
964,491.0,2026-06-20 11:47:09.720634,completed
965,35.0,2024-09-13 23:12:54.969960,completed
966,40.0,2025-10-24 19:49:42.645893,completed
967,277.0,2026-02-21 22:11:44.963943,cancelled
968,344.0,2027-08-13 09:50:26.725203,cancelled
969,96.0,2024-08-26 11:32:01.547076,pending
970,240.0,2025-03-26 21:12:25.644263,refunded
971,465.0,2026-02-07 15:05:04.425433,cancelled
972,187.0,2025-06-26 10:18:12.533131,pending
973,433.0,2025-07-28 10:05:02.863077,completed
974,105.0,2025-06-26 16:40:39.441377,completed
975,352.0,2026-01-05 23:12:17.893409,completed
976,126.0,2025-05-22 11:22:22.290084,refunded
977,217.0,2026-06-20 14:46:15.137614,completed
978,133.0,2026-02-22 00:23:12.971888,cancelled
979,22.0,2026-09-29 09:50:26.725423,completed
980,153.0,2024-08-13 17:38:35.670141,completed
981,337.0,2026-05-24 01:32:17.794261,refunded
982,121.0,2026-01-17 08:53:05.386205,cancelled
983,425.0,2025-12-31 23:14:22.921821,completed
984,47.0,2025-09-03 16:56:54.095566,completed
985,300.0,2024-09-01 19:04:02.275089,refunded
986,112.0,2025-06-29 13:32:37.984986,completed
987,131.0,2024-11-19 10:32:11.939755,pending
988,58.0,2024-08-25 15:17:44.153424,refunded
989,451.0,2026-07-12 08:55:16.929453,completed
990,539.0,2026-03-01 19:29:35.141725,pending
991,28.0,2025-10-17 23:32:47.844490,cancelled
992,159.0,2025-02-13 10:38:05.771424,pending
993,274.0,2024-09-17 04:50:57.102999,refunded
994,202.0,2025-07-23 06:11:19.888074,refunded
995,388.0,2026-04-01 21:27:00.327411,refunded
996,324.0,2025-02-06 21:25:56.265545,pending
997,141.0,2024-10-23 17:55:35.495292,completed
998,212.0,2025-02-09 04:11:08.130343,refunded
999,52.0,2026-04-06 13:52:55.103592,completed
1000,309.0,2024-07-29 07:19:15.277933,pending
1001,391.0,2024-10-08 09:57:04.204398,pending
1002,513.0,2024-11-23 11:34:00.185040,completed
1003,81.0,2025-09-24 04:57:01.244339,cancelled
1004,67.0,2024-11-06 07:57:27.308625,completed
1005,245.0,2025-06-10 04:49:46.191967,cancelled
1006,168.0,2026-03-01 00:59:44.852311,completed
1007,449.0,2025-01-25 18:28:31.891575,completed
1008,12.0,2025-12-12 19:58:09.298420,refunded
1009,499.0,2025-07-08 03:40:45.039912,completed
1010,317.0,2026-02-22 20:31:36.744253,completed
1011,,2026-04-09 14:44:37.466919,pending
1012,476.0,2025-03-26 08:58:01.354233,pending
1013,98.0,2024-09-18 14:00:23.542790,pending
1014,196.0,2024-11-01 21:37:21.274335,refunded
1015,145.0,2026-06-01 03:44:27.096135,pending
1016,15.0,2024-11-08 12:48:34.549310,refunded
1017,190.0,2025-07-16 05:02:51.603747,completed
1018,447.0,2026-07-14 17:23:09.349909,pending
1019,363.0,2026-02-01 16:02:19.889784,cancelled
1020,27.0,2025-01-08 17:54:03.035696,refunded
1021,481.0,2025-06-05 11:25:58.201951,pending
1022,3.0,2025-10-27 15:58:24.861726,completed
1023,190.0,2024-12-19 22:57:35.426925,completed
1024,87.0,2026-01-06 08:47:13.413158,completed
1025,163.0,2025-03-28 00:01:20.758225,completed
1026,66.0,2025-10-31 02:08:01.782074,completed
1027,221.0,2026-01-21 19:06:07.953928,pending
1028,136.0,2024-10-11 15:52:41.070635,pending
1029,252.0,2024-11-18 08:36:36.947626,cancelled
1030,409.0,2025-05-06 04:55:22.943187,completed
1031,241.0,2025-02-24 01:44:39.918053,refunded
1032,475.0,2026-01-14 23:28:25.554278,cancelled
1033,235.0,2026-01-19 13:31:28.236512,completed
1034,48.0,2025-08-11 22:13:12.643337,pending
1035,422.0,2025-04-22 08:48:20.787211,cancelled
1036,550.0,2025-12-16 08:41:52.417470,completed
1037,394.0,2025-06-30 14:35:50.217045,completed
1038,349.0,2024-11-01 23:01:03.791820,completed
1039,166.0,2026-04-15 15:36:43.513775,cancelled
1040,233.0,2024-07-27 14:17:51.648903,completed
1041,23.0,2026-05-27 05:56:26.935841,pending
1042,376.0,2025-06-11 18:49:41.861950,refunded
1043,411.0,2025-11-26 13:20:28.534454,completed
1044,488.0,2026-06-21 11:28:58.676525,completed
1045,395.0,2025-11-29 18:10:48.928321,completed
1046,400.0,2024-08-17 21:25:18.097730,completed
1047,153.0,2026-05-20 07:12:33.518947,completed
1048,351.0,2025-10-27 13:20:05.322381,completed
1049,103.0,2026-06-17 09:40:24.392848,cancelled
1050,217.0,2025-05-30 08:10:59.960103,completed
1051,323.0,2026-05-20 12:59:33.097975,completed
1052,115.0,2026-04-06 22:36:00.746444,cancelled
1053,332.0,2025-03-20 14:48:30.038501,refunded
1054,245.0,2025-01-30 00:46:33.378936,completed
1055,128.0,2024-09-28 17:15:43.333478,completed
1056,24.0,2025-11-08 21:57:10.379656,completed
1057,369.0,2025-04-30 15:50:26.112338,completed
1058,548.0,2026-02-03 16:49:58.956299,completed
1059,202.0,2026-01-17 03:01:22.284782,completed
1060,371.0,2026-01-06 07:57:05.729311,completed
1061,495.0,2025-09-21 23:33:08.062363,completed
1062,310.0,2024-12-08 07:39:50.739009,completed
1063,203.0,2025-03-22 09:34:16.196162,pending
1064,445.0,2025-12-05 03:56:55.983529,completed
1065,417.0,2024-11-27 08:31:58.603006,pending
1066,203.0,2025-08-22 22:48:03.682329,completed
1067,513.0,2025-11-22 09:33:35.336248,cancelled
1068,333.0,2026-03-18 11:06:05.959892,cancelled
1069,45.0,2024-07-27 16:01:20.179712,completed
1070,86.0,2024-09-28 07:07:41.920613,completed
1071,11.0,2024-10-02 19:58:23.508408,cancelled
1072,427.0,2025-06-09 16:21:54.764074,refunded
1073,222.0,2024-12-26 05:01:20.130144,cancelled
1074,284.0,2025-02-10 20:56:52.482238,cancelled
1075,372.0,2024-12-06 23:17:53.601716,completed
1076,,2024-08-05 05:49:33.130049,cancelled
1077,138.0,2024-09-24 02:11:27.563563,completed
1078,481.0,2026-06-04 11:44:52.559349,completed
1079,372.0,2025-11-10 13:36:48.010956,completed
1080,466.0,2026-03-21 05:11:20.855763,pending
1081,240.0,2026-06-13 05:50:12.315824,refunded
1082,427.0,2025-10-28 00:53:00.306192,completed
1083,498.0,2025-12-18 03:57:12.365667,pending
1084,342.0,2024-10-14 13:42:05.958604,completed
1085,407.0,2026-04-05 13:01:47.984441,completed
1086,25.0,2024-10-21 19:47:31.787780,pending
1087,90.0,2025-11-10 09:54:58.032734,completed
1088,221.0,2026-05-07 06:53:11.689811,completed
1089,175.0,2025-09-05 10:22:01.629498,cancelled
1090,459.0,2026-06-25 10:12:07.256037,pending
1091,362.0,2026-05-04 10:35:27.809506,refunded
1092,387.0,2025-12-09 02:11:10.129451,pending
1093,486.0,2025-01-19 23:40:52.062822,completed
1094,61.0,2025-06-25 00:45:41.752388,completed
1095,227.0,2026-06-02 19:00:54.225142,completed
1096,187.0,2025-10-28 13:06:49.695928,completed
1097,,2026-05-23 22:34:23.714606,completed
1098,147.0,2025-02-05 19:44:40.211503,pending
1099,185.0,2025-05-26 19:59:18.790068,cancelled
1100,404.0,2026-05-09 20:08:47.690308,completed
1101,235.0,2026-02-01 07:29:45.957830,refunded
1102,,2025-03-12 04:05:11.363743,refunded
1103,44.0,2024-11-14 05:49:52.603255,completed
1104,202.0,2024-09-10 23:36:05.376935,refunded
1105,30.0,2026-02-06 14:10:08.634277,refunded
1106,499.0,2025-04-24 13:22:08.122326,cancelled
1107,156.0,2025-03-18 22:15:49.423383,pending
1108,461.0,2024-08-31 19:14:23.788056,completed
1109,106.0,2026-06-16 23:32:27.540593,completed
1110,177.0,2025-01-28 06:17:51.754786,completed
1111,155.0,2025-06-05 18:16:01.372418,pending
1112,451.0,2025-07-13 02:57:03.198081,completed
1113,283.0,2026-05-28 05:50:59.333068,completed
1114,456.0,2025-10-07 17:50:24.927587,pending
1115,372.0,2024-11-26 06:40:58.904002,refunded
1116,133.0,2025-07-13 08:49:58.276383,cancelled
1117,64.0,2027-02-07 09:50:26.728008,refunded
1118,413.0,2026-01-31 10:55:42.125744,refunded
1119,341.0,2024-12-25 10:58:04.139176,completed
1120,402.0,2025-10-31 21:00:59.387523,completed
1121,378.0,2026-05-16 13:44:50.632725,pending
1122,185.0,2025-12-23 12:22:31.923159,completed
1123,48.0,2024-10-02 09:06:02.500649,completed
1124,190.0,2024-09-10 04:42:37.034762,pending
1125,447.0,2025-09-09 06:51:32.880125,completed
1126,477.0,2025-01-17 23:39:19.735553,completed
1127,259.0,2025-06-09 15:18:38.424588,pending
1128,442.0,2026-05-04 19:32:43.806392,completed
1129,81.0,2024-11-04 15:57:44.145167,cancelled
1130,210.0,2025-10-29 16:22:16.088239,cancelled
1131,61.0,2026-05-31 09:21:55.899071,completed
1132,406.0,2025-11-16 09:52:15.852939,refunded
1133,157.0,2025-01-29 13:21:25.390648,completed
1134,63.0,2025-12-12 07:21:08.221919,completed
1135,159.0,2026-05-10 17:38:27.999490,completed
1136,369.0,2025-09-11 16:38:15.437237,cancelled
1137,390.0,2025-07-30 09:46:04.726826,completed
1138,410.0,2026-06-05 12:23:25.202800,refunded
1139,174.0,2025-07-12 08:40:37.974411,pending
1140,331.0,2025-06-02 11:04:27.385834,cancelled
1141,396.0,2026-03-27 11:47:06.627649,cancelled
1142,99.0,2026-02-09 09:20:01.816151,refunded
1143,268.0,2026-02-12 15:15:20.253582,completed
1144,480.0,2025-08-17 11:35:52.657975,completed
1145,425.0,2024-07-21 08:18:12.991350,pending
1146,311.0,2026-06-15 22:06:50.708760,refunded
1147,175.0,2026-03-08 10:41:40.988817,completed
1148,132.0,2025-07-06 01:40:34.555714,completed
1149,94.0,2025-09-06 06:58:05.085429,completed
1150,87.0,2026-06-01 23:01:52.920165,pending
1151,153.0,2025-04-07 02:42:15.755980,completed
1152,193.0,2025-11-28 23:56:14.608042,completed
1153,306.0,2025-05-07 13:42:24.866668,completed
1154,59.0,2025-10-23 19:01:08.403912,completed
1155,15.0,2026-06-19 07:57:38.536550,completed
1156,494.0,2024-09-23 03:51:01.576806,cancelled
1157,65.0,2025-08-13 11:07:55.798405,cancelled
1158,105.0,2026-06-20 20:48:20.026836,completed
1159,126.0,2024-09-15 16:51:01.026757,completed
1160,1.0,2025-06-19 16:29:49.483347,cancelled
1161,531.0,2026-01-29 20:22:20.855552,pending
1162,180.0,2025-11-04 03:06:32.342506,completed
1163,83.0,2024-11-24 22:42:28.416347,completed
1164,63.0,2024-08-16 15:51:21.491464,refunded
1165,108.0,2025-04-25 13:17:37.355923,pending
1166,176.0,2024-12-05 10:53:46.648340,completed
1167,340.0,2025-12-09 06:11:40.706164,cancelled
1168,9.0,2026-05-04 18:38:21.152878,cancelled
1169,3.0,2025-10-22 13:59:45.998026,refunded
1170,361.0,2025-04-07 08:42:50.732498,refunded
1171,334.0,2024-09-18 22:05:20.050245,pending
1172,345.0,2025-10-24 04:06:48.044726,cancelled
1173,199.0,2026-01-07 01:40:16.236456,completed
1174,237.0,2026-08-28 09:50:26.728873,pending
1175,349.0,2024-12-06 23:31:45.908293,cancelled
1176,156.0,2025-12-26 16:26:23.416684,refunded
1177,19.0,2025-09-25 01:33:18.697860,completed
1178,101.0,2025-07-11 07:18:38.876065,completed
1179,257.0,2024-09-02 22:40:37.643033,cancelled
1180,350.0,2025-08-17 19:01:10.496664,pending
1181,66.0,2025-02-28 17:18:38.255206,cancelled
1182,401.0,2025-08-12 23:06:04.191154,refunded
1183,348.0,2026-03-20 07:59:46.462157,completed
1184,481.0,2025-06-12 03:21:36.281024,refunded
1185,166.0,2026-07-16 08:47:51.797559,pending
1186,239.0,2024-08-14 23:44:06.142590,pending
1187,25.0,2024-08-28 21:02:25.155428,completed
1188,100.0,2026-02-14 09:16:32.316315,refunded
1189,116.0,2024-08-19 04:55:27.858310,completed
1190,85.0,2024-10-13 06:19:12.777144,completed
1191,222.0,2026-02-28 12:04:31.137572,completed
1192,129.0,2025-11-18 09:23:30.082362,pending
1193,421.0,2025-06-18 18:14:59.181661,pending
1194,318.0,2025-11-26 06:03:19.723924,completed
1195,499.0,2026-04-18 13:20:47.265240,refunded
1196,34.0,2024-11-04 17:42:14.730487,completed
1197,313.0,2025-09-15 03:07:53.392289,cancelled
1198,151.0,2026-05-25 11:44:50.840263,completed
1199,443.0,2027-03-02 09:50:26.729522,completed
1200,220.0,2024-10-30 08:37:00.304431,refunded
1201,534.0,2025-11-08 12:58:51.758090,completed
1202,305.0,2025-06-28 03:31:01.290438,refunded
1203,65.0,2026-05-20 12:35:25.237773,pending
1204,228.0,2024-08-21 09:17:37.901469,completed
1205,300.0,2025-12-13 05:07:10.655422,completed
1206,454.0,2024-10-22 06:50:43.590888,cancelled
1207,,2024-11-21 18:06:27.003930,pending
1208,30.0,2024-08-24 10:09:36.669237,completed
1209,177.0,2025-02-28 10:24:40.281183,pending
1210,175.0,2026-02-18 17:02:13.986573,completed
1211,355.0,2025-06-17 03:55:47.532510,cancelled
1212,215.0,2024-11-20 14:45:53.902844,refunded
1213,,2025-09-23 16:11:37.598610,completed
1214,320.0,2026-03-08 07:36:02.620899,pending
1215,414.0,2024-10-04 14:28:05.230227,refunded
1216,523.0,2025-07-17 02:00:06.148579,completed
1217,100.0,2026-02-22 17:04:37.017901,refunded
1218,102.0,2024-12-27 01:17:31.832775,pending
1219,174.0,2026-02-26 13:36:49.399482,completed
1220,135.0,2025-05-26 06:27:19.295344,completed
1221,404.0,2026-03-03 17:31:03.787894,completed
1222,190.0,2026-07-06 09:39:08.801997,refunded
1223,320.0,2025-11-26 11:39:56.909054,completed
1224,474.0,2025-03-12 18:39:06.870963,pending
1225,163.0,2026-07-01 18:30:41.996195,completed
1226,316.0,2025-09-12 15:53:51.787117,completed
1227,127.0,2024-10-27 05:54:49.366752,refunded
1228,496.0,2026-03-21 22:09:31.869231,pending
1229,405.0,2026-02-18 06:35:54.039325,pending
1230,331.0,2026-01-28 04:23:49.055406,completed
1231,365.0,2025-09-25 04:00:23.511406,completed
1232,138.0,2025-03-21 00:12:39.122113,cancelled
1233,107.0,2024-10-15 03:10:21.073955,completed
1234,157.0,2024-10-30 02:24:58.987484,refunded
1235,131.0,2025-05-18 04:36:24.818216,completed
1236,181.0,2025-12-09 13:26:38.573225,completed
1237,231.0,2025-08-27 04:23:57.265717,completed
1238,529.0,2025-06-04 08:43:06.124470,completed
1239,43.0,2026-05-26 02:49:10.681448,completed
1240,142.0,2024-08-17 15:50:02.529743,completed
1241,103.0,2024-09-29 22:54:32.144670,pending
1242,394.0,2026-03-29 21:56:49.140910,refunded
1243,438.0,2025-10-09 07:21:03.797266,completed
1244,154.0,2026-02-06 23:54:39.993115,refunded
1245,421.0,2024-07-30 08:20:38.159284,cancelled
1246,390.0,2025-07-09 15:36:02.087191,pending
1247,108.0,2024-07-23 13:38:17.948256,pending
1248,370.0,2024-11-26 23:42:02.272919,refunded
1249,220.0,2024-09-22 01:06:07.156120,completed
1250,509.0,2025-11-07 00:35:24.920131,refunded
1251,5.0,2026-04-27 19:17:27.978968,completed
1252,218.0,2025-05-18 23:19:44.829974,cancelled
1253,167.0,2026-02-28 17:28:36.236720,completed
1254,488.0,2026-02-03 06:31:08.872859,refunded
1255,294.0,2025-12-06 16:24:52.127284,completed
1256,274.0,2024-12-16 12:37:21.183473,refunded
1257,328.0,2025-10-29 07:26:15.637388,cancelled
1258,17.0,2025-08-05 00:49:42.152952,completed
1259,467.0,2025-05-15 21:51:21.461969,cancelled
1260,36.0,2027-02-01 09:50:26.730332,refunded
1261,211.0,2025-10-07 21:58:46.250366,completed
1262,381.0,2024-08-15 09:52:39.308769,completed
1263,106.0,2024-11-27 10:00:08.432825,completed
1264,295.0,2025-07-19 02:06:38.248632,pending
1265,142.0,2026-06-13 02:29:24.261039,pending
1266,310.0,2025-10-20 01:56:36.896204,refunded
1267,236.0,2026-02-10 14:11:26.171915,cancelled
1268,471.0,2025-03-30 00:43:20.351244,completed
1269,314.0,2024-07-22 06:26:25.172478,completed
1270,317.0,2025-01-07 01:25:49.891180,completed
1271,292.0,2024-10-12 18:24:40.678502,refunded
1272,81.0,2025-08-10 05:30:55.061772,refunded
1273,358.0,2024-09-26 19:48:14.300827,completed
1274,391.0,2025-04-09 07:00:01.854204,completed
1275,393.0,2026-01-25 22:03:19.815377,completed
1276,23.0,2025-08-17 04:28:55.491002,pending
1277,196.0,2024-12-26 02:33:52.121899,completed
1278,129.0,2026-02-01 15:23:55.867341,pending
1279,249.0,2025-11-12 13:19:40.150031,pending
1280,225.0,2025-02-05 20:29:55.464538,completed
1281,10.0,2024-12-07 10:30:32.241407,pending
1282,87.0,2026-02-20 20:09:24.480611,completed
1283,184.0,2025-12-01 11:41:06.507451,cancelled
1284,227.0,2026-06-26 10:53:31.792735,cancelled
1285,367.0,2025-06-30 11:29:55.483758,completed
1286,550.0,2024-11-24 17:32:42.310548,completed
1287,466.0,2025-11-20 10:56:22.438091,refunded
1288,173.0,2024-08-19 10:12:09.298320,refunded
1289,50.0,2025-11-01 23:42:40.354445,completed
1290,213.0,2025-02-12 03:56:05.602050,cancelled
1291,320.0,2025-06-01 10:46:30.523542,completed
1292,110.0,2027-07-18 09:50:26.730783,completed
1293,200.0,2026-02-27 01:53:17.894938,completed
1294,320.0,2026-01-23 22:21:57.387403,completed
1295,307.0,2024-08-19 13:44:30.728557,pending
1296,473.0,2026-01-10 18:57:14.327981,cancelled
1297,324.0,2026-05-25 12:32:44.646887,pending
1298,171.0,2024-11-24 09:53:51.636259,refunded
1299,342.0,2026-02-12 17:11:22.489425,cancelled
1300,196.0,2025-07-08 06:11:02.836267,pending
1301,7.0,2024-10-11 17:07:04.521495,completed
1302,378.0,2026-05-03 18:25:08.442885,completed
1303,256.0,2025-12-27 21:36:47.125570,completed
1304,473.0,2025-09-24 21:22:09.333118,refunded
1305,69.0,2025-03-14 01:06:38.532674,cancelled
1306,213.0,2024-12-11 02:44:04.637788,refunded
1307,170.0,2025-11-25 08:34:28.202217,refunded
1308,128.0,2025-03-13 20:04:22.535641,refunded
1309,267.0,2027-04-26 09:50:26.730972,completed
1310,99.0,2025-03-14 03:54:51.032354,completed
1311,89.0,2024-09-28 13:32:01.962882,completed
1312,41.0,2026-01-08 20:09:43.284428,completed
1313,218.0,2026-04-15 08:44:58.824271,completed
1314,326.0,2025-04-19 05:58:26.847415,refunded
1315,185.0,2024-12-27 02:52:26.817546,cancelled
1316,377.0,2025-06-27 23:29:44.576326,completed
1317,391.0,2025-07-07 18:43:26.814307,refunded
1318,305.0,2026-04-30 09:56:36.714977,completed
1319,157.0,2024-11-01 19:21:40.909616,completed
1320,70.0,2026-05-27 17:35:31.542778,completed
1321,442.0,2025-06-16 07:00:07.696662,refunded
1322,482.0,2025-04-27 20:48:34.289228,completed
1323,302.0,2024-10-26 13:42:02.823011,completed
1324,478.0,2025-12-26 17:52:50.168751,completed
1325,468.0,2025-10-23 14:36:41.064994,cancelled
1326,189.0,2026-07-01 13:17:53.431123,pending
1327,125.0,2024-12-13 15:23:05.392654,pending
1328,15.0,2024-10-19 20:32:10.149083,completed
1329,349.0,2025-12-06 13:49:23.872408,cancelled
1330,550.0,2024-08-31 12:06:21.136889,completed
1331,362.0,2024-10-26 15:23:57.557071,completed
1332,217.0,2026-04-02 01:03:48.676091,cancelled
1333,273.0,2025-06-18 21:54:22.140916,completed
1334,449.0,2024-11-20 23:44:23.508970,cancelled
1335,409.0,2025-03-26 21:43:48.775255,refunded
1336,,2026-04-27 10:25:01.832287,completed
1337,50.0,2025-10-02 20:58:36.701615,cancelled
1338,376.0,2026-02-15 16:16:44.269609,completed
1339,250.0,2025-10-27 23:24:59.521238,pending
1340,96.0,2025-10-08 15:20:15.012513,completed
1341,462.0,2024-11-20 01:32:52.415501,completed
1342,326.0,2026-06-27 14:16:35.294691,completed
1343,516.0,2026-04-04 11:50:26.386397,completed
1344,32.0,2024-09-20 02:20:49.350369,pending
1345,22.0,2027-06-22 09:50:26.731486,cancelled
1346,493.0,2025-07-11 06:58:30.132191,completed
1347,220.0,2026-07-16 05:49:47.279888,completed
1348,123.0,2025-09-24 01:37:56.756219,completed
1349,183.0,2027-08-10 09:50:26.731527,completed
1350,428.0,2025-02-07 20:36:37.413301,refunded
1351,144.0,2026-01-03 04:38:29.117289,completed
1352,352.0,2026-01-07 16:39:17.812006,completed
1353,327.0,2027-02-18 09:50:26.731604,refunded
1354,497.0,2025-03-15 00:18:57.607529,cancelled
1355,205.0,2025-09-15 05:15:30.175132,refunded
1356,483.0,2026-05-01 09:19:36.469864,refunded
1357,376.0,2025-09-24 04:58:36.328677,refunded
1358,449.0,2024-11-04 17:59:09.102143,completed
1359,408.0,2025-09-11 00:10:02.422827,refunded
1360,240.0,2024-07-22 15:20:17.781420,cancelled
1361,124.0,2026-07-04 22:26:12.045002,pending
1362,55.0,2024-08-17 04:36:36.366779,refunded
1363,463.0,2025-06-27 17:34:35.612341,cancelled
1364,488.0,2026-01-31 09:09:31.927015,cancelled
1365,372.0,2024-08-12 11:44:23.918763,completed
1366,295.0,2025-08-10 21:41:30.200908,completed
1367,368.0,2025-07-04 00:38:26.021107,pending
1368,495.0,2026-02-21 20:46:50.055145,completed
1369,45.0,2026-03-10 20:48:20.776381,completed
1370,483.0,2025-06-14 10:18:19.624600,refunded
1371,296.0,2025-01-10 14:51:09.348448,completed
1372,199.0,2025-08-30 21:26:45.518724,pending
1373,408.0,2024-07-28 00:06:52.125752,completed
1374,5.0,2026-01-04 11:38:47.138905,refunded
1375,429.0,2026-06-12 20:06:20.321983,completed
1376,383.0,2024-10-23 20:57:49.208952,cancelled
1377,159.0,2025-02-19 23:58:34.908967,refunded
1378,294.0,2025-11-04 00:26:15.531665,pending
1379,193.0,2024-09-23 04:56:48.069754,pending
1380,435.0,2025-07-04 09:38:41.868788,completed
1381,444.0,2025-02-26 14:34:10.359067,completed
1382,418.0,2025-12-14 16:19:02.105088,cancelled
1383,173.0,2026-04-06 14:59:57.145355,completed
1384,37.0,2026-01-15 19:23:32.002487,completed
1385,439.0,2024-08-05 18:19:33.090584,pending
1386,444.0,2025-06-16 04:22:15.947632,completed
1387,84.0,2026-02-02 17:45:41.153803,refunded
1388,108.0,2026-04-18 12:21:30.508646,completed
1389,372.0,2025-05-11 00:54:14.504059,refunded
1390,193.0,2026-02-15 21:44:39.753568,refunded
1391,50.0,2025-04-15 12:21:15.368477,completed
1392,264.0,2025-06-23 02:07:53.177366,cancelled
1393,207.0,2025-10-24 14:49:32.507008,completed
1394,306.0,2026-04-08 10:08:10.352924,pending
1395,408.0,2024-09-08 13:46:27.603735,pending
1396,196.0,2026-05-02 13:35:03.530174,completed
1397,43.0,2025-03-19 02:40:16.243417,completed
1398,301.0,2024-08-11 19:50:59.193585,pending
1399,407.0,2025-05-26 01:02:03.921873,pending
1400,153.0,2025-02-01 00:08:18.516230,refunded
1401,408.0,2026-06-10 00:48:45.440169,completed
1402,419.0,2025-08-19 04:01:56.902783,cancelled
1403,300.0,2026-02-19 06:44:26.548619,pending
1404,107.0,2026-02-14 07:45:21.149788,cancelled
1405,529.0,2024-09-16 01:39:20.203215,completed
1406,106.0,2026-04-23 08:54:42.120142,pending
1407,44.0,2026-01-07 09:19:31.711282,cancelled
1408,217.0,2024-08-27 23:15:09.128722,completed
1409,485.0,2026-06-09 11:15:22.080686,completed
1410,296.0,2025-11-23 18:00:45.116511,refunded
1411,311.0,2026-04-28 13:55:22.704149,pending
1412,510.0,2024-10-07 23:43:57.850406,refunded
1413,309.0,2025-04-11 23:41:02.439569,pending
1414,217.0,2025-10-14 04:40:15.685795,refunded
1415,205.0,2025-04-11 23:20:18.159155,refunded
1416,74.0,2024-11-23 23:01:28.343534,refunded
1417,357.0,2025-08-31 02:45:59.926747,cancelled
1418,262.0,2024-09-05 21:02:09.887002,refunded
1419,223.0,2025-12-19 02:04:43.468500,completed
1420,273.0,2024-12-15 11:14:36.512446,cancelled
1421,186.0,2026-07-05 17:09:10.785933,pending
1422,525.0,2025-01-09 05:54:52.567892,refunded
1423,401.0,2024-10-09 21:09:33.382998,completed
1424,421.0,2025-07-03 11:02:17.906510,cancelled
1425,145.0,2026-06-04 23:00:40.739924,completed
1426,485.0,2025-09-15 16:41:42.584273,pending
1427,404.0,2026-06-19 12:52:00.477066,completed
1428,66.0,2024-12-19 04:19:40.204825,cancelled
1429,74.0,2026-01-14 03:35:45.558908,pending
1430,499.0,2024-12-30 14:34:40.069775,completed
1431,235.0,2025-04-02 13:53:32.066978,cancelled
1432,142.0,2025-01-30 05:30:36.327420,refunded
1433,118.0,2025-11-27 19:43:45.240590,completed
1434,161.0,2025-02-06 09:05:58.276953,completed
1435,48.0,2024-09-03 05:16:42.971350,cancelled
1436,,2025-03-28 02:40:02.203154,pending
1437,478.0,2025-07-09 02:37:02.163712,refunded
1438,455.0,2026-11-23 09:50:26.732714,refunded
1439,528.0,2024-10-16 13:36:12.443126,completed
1440,379.0,2025-12-19 10:38:12.485914,refunded
1441,351.0,2025-11-26 10:05:45.389609,pending
1442,452.0,2025-08-12 04:05:12.486673,completed
1443,69.0,2025-02-17 10:09:32.067624,completed
1444,192.0,2025-10-15 12:32:24.456157,pending
1445,436.0,2026-02-23 05:51:04.324894,completed
1446,541.0,2026-06-09 12:00:41.800694,completed
1447,478.0,2026-03-01 17:44:29.913891,refunded
1448,457.0,2026-06-06 05:18:17.949652,cancelled
1449,169.0,2024-09-04 20:52:19.141217,pending
1450,206.0,2026-05-01 10:44:22.478827,completed
1451,264.0,2025-06-18 09:32:59.447870,completed
1452,394.0,2024-09-15 11:49:46.507154,completed
1453,220.0,2026-05-05 20:40:34.884447,refunded
1454,337.0,2025-02-14 13:55:55.549735,completed
1455,184.0,2026-06-17 17:26:40.955703,completed
1456,69.0,2024-10-06 19:39:13.853569,completed
1457,102.0,2025-02-05 12:00:58.155306,completed
1458,251.0,2025-12-10 03:13:46.284937,completed
1459,392.0,2025-07-16 11:43:03.718129,pending
1460,423.0,2026-04-19 02:16:49.012367,completed
1461,,2025-08-03 06:45:58.747269,completed
1462,425.0,2025-10-20 03:25:32.711082,completed
1463,149.0,2025-02-18 02:01:35.365287,cancelled
1464,374.0,2026-06-27 04:26:13.718814,refunded
1465,359.0,2025-08-18 10:29:54.065874,pending
1466,415.0,2024-10-23 08:57:39.643875,completed
1467,438.0,2025-03-29 04:30:10.317674,completed
1468,20.0,2025-06-08 03:51:42.967727,completed
1469,103.0,2025-11-01 20:37:07.450457,completed
1470,325.0,2025-02-16 21:03:11.215280,completed
1471,219.0,2024-09-02 21:55:16.047983,completed
1472,180.0,2026-04-16 18:11:21.323290,completed
1473,1.0,2025-01-04 15:23:04.731151,completed
1474,466.0,2026-06-11 00:32:11.755521,completed
1475,172.0,2027-05-27 09:50:26.733250,pending
1476,67.0,2025-05-15 15:54:08.446579,pending
1477,271.0,2025-03-26 07:59:37.501145,cancelled
1478,45.0,2025-11-02 20:34:49.991631,completed
1479,301.0,2025-03-14 06:58:04.708005,completed
1480,229.0,2025-09-25 08:46:30.502937,completed
1481,372.0,2025-12-09 23:23:54.089584,completed
1482,66.0,2026-03-25 22:14:42.804159,refunded
1483,437.0,2025-06-09 04:20:25.255319,completed
1484,323.0,2025-02-26 01:20:46.141969,completed
1485,477.0,2024-10-23 07:40:44.986486,completed
1486,496.0,2026-02-15 12:47:43.422631,pending
1487,356.0,2024-11-21 09:08:00.257564,cancelled
1488,263.0,2025-01-24 20:38:47.397217,completed
1489,400.0,2025-07-07 15:50:18.127841,completed
1490,293.0,2026-06-28 00:35:19.046979,pending
1491,234.0,2026-02-01 05:12:12.481045,refunded
1492,152.0,2024-08-22 11:53:36.373831,completed
1493,122.0,2025-04-02 21:03:59.741842,completed
1494,69.0,2025-06-16 23:24:20.738840,completed
1495,422.0,2024-11-17 10:55:05.120217,cancelled
1496,498.0,2026-05-24 23:45:10.416995,cancelled
1497,370.0,2025-12-20 21:28:11.608756,refunded
1498,321.0,2025-02-12 07:07:36.178602,refunded
1499,,2026-06-29 20:06:09.264325,refunded
1500,481.0,2026-03-24 01:04:50.286937,completed
1501,335.0,2025-12-07 01:11:48.071992,completed
1502,227.0,2025-11-17 16:33:12.601559,pending
1503,386.0,2024-11-08 01:08:32.637909,completed
1504,76.0,2025-01-08 17:09:45.028687,completed
1505,442.0,2024-08-17 23:46:05.296844,completed
1506,511.0,2025-03-07 05:15:09.947956,pending
1507,97.0,2024-10-19 07:35:36.462147,refunded
1508,497.0,2025-01-25 03:39:16.352203,pending
1509,7.0,2024-11-30 16:49:33.930501,pending
1510,391.0,2025-09-02 19:34:36.825084,pending
1511,138.0,2026-08-22 09:50:26.733711,refunded
1512,55.0,2025-03-07 10:49:35.407787,completed
1513,72.0,2025-03-27 02:28:52.960569,completed
1514,170.0,2025-04-17 08:05:10.372203,completed
1515,279.0,2025-08-17 07:00:09.307898,completed
1516,262.0,2026-12-10 09:50:26.733791,completed
1517,219.0,2025-02-24 05:07:18.070074,refunded
1518,351.0,2026-05-22 06:55:37.968456,completed
1519,87.0,2025-05-10 10:54:47.363867,completed
1520,40.0,2025-07-18 17:51:29.534056,refunded
1521,459.0,2024-11-02 03:07:15.856428,completed
1522,93.0,2025-06-18 12:28:15.171306,completed
1523,419.0,2025-03-09 20:13:39.418480,completed
1524,189.0,2024-07-22 01:36:22.549967,completed
1525,2.0,2026-01-09 09:15:36.332251,completed
1526,76.0,2026-07-01 14:05:22.678652,completed
1527,35.0,2025-03-17 22:10:25.780519,completed
1528,166.0,2025-12-16 05:57:18.441284,completed
1529,218.0,2025-06-30 02:41:42.033662,cancelled
1530,71.0,2025-02-15 15:25:53.777810,completed
1531,255.0,2026-06-08 12:14:32.770046,completed
1532,43.0,2026-07-05 07:18:10.900015,pending
1533,384.0,2025-09-11 00:38:13.738572,completed
1534,536.0,2024-11-03 08:55:02.761669,completed
1535,467.0,2025-09-04 19:41:17.391354,pending
1536,151.0,2026-05-12 09:19:09.216112,refunded
1537,216.0,2025-06-06 21:06:09.254780,completed
1538,493.0,2025-12-04 08:06:52.719528,pending
1539,218.0,2026-01-04 09:05:27.553891,completed
1540,429.0,2026-05-07 11:44:50.147776,completed
1541,126.0,2024-10-28 18:37:22.127714,completed
1542,94.0,2025-08-25 09:29:11.920876,refunded
1543,241.0,2025-02-28 23:28:11.352093,pending
1544,147.0,2025-05-08 07:30:12.831743,cancelled
1545,,2026-03-25 04:10:15.706202,pending
1546,449.0,2025-06-09 16:53:58.956222,cancelled
1547,157.0,2024-09-24 11:39:19.291024,refunded
1548,268.0,2024-08-28 03:08:37.854455,completed
1549,29.0,2025-10-30 09:30:22.155118,cancelled
1550,431.0,2025-09-18 02:45:37.949164,cancelled
1551,208.0,2024-12-28 04:50:24.101368,cancelled
1552,100.0,2026-06-02 09:57:05.621318,pending
1553,519.0,2025-02-06 22:48:22.609566,completed
1554,6.0,2024-08-04 09:37:57.360527,cancelled
1555,17.0,2025-08-16 05:30:23.251936,completed
1556,405.0,2025-06-09 07:52:40.181618,completed
1557,183.0,2025-11-21 11:44:56.911788,completed
1558,201.0,2024-09-20 18:10:15.872485,completed
1559,209.0,2025-07-27 18:44:01.426922,pending
1560,13.0,2024-12-07 23:19:31.113632,refunded
1561,149.0,2025-03-08 01:05:52.780920,cancelled
1562,488.0,2025-10-03 22:15:16.166991,cancelled
1563,394.0,2026-06-08 01:35:40.068788,refunded
1564,312.0,2026-05-13 12:46:35.156059,pending
1565,174.0,2025-04-08 16:20:11.509107,completed
1566,365.0,2024-11-04 00:02:15.839353,cancelled
1567,39.0,2026-04-03 14:48:13.263121,completed
1568,8.0,2025-04-14 22:29:44.579508,refunded
1569,401.0,2025-04-17 06:37:02.408118,completed
1570,152.0,2025-02-11 20:40:26.878953,completed
1571,92.0,2025-04-01 14:06:30.064324,refunded
1572,391.0,2026-07-02 23:47:44.138800,completed
1573,292.0,2026-04-18 14:09:32.119849,completed
1574,318.0,2024-09-20 22:03:27.738727,refunded
1575,488.0,2026-01-01 14:41:46.464347,completed
1576,450.0,2025-06-08 10:10:43.389521,cancelled
1577,380.0,2026-07-14 00:03:27.432265,completed
1578,54.0,2026-02-26 00:08:56.585998,completed
1579,199.0,2025-02-14 18:30:49.034131,completed
1580,274.0,2026-02-27 10:59:20.763781,pending
1581,470.0,2026-06-27 18:13:05.178036,completed
1582,34.0,2025-05-24 12:44:35.589291,pending
1583,244.0,2026-05-04 18:04:49.644902,refunded
1584,75.0,2024-10-28 21:09:15.298129,cancelled
1585,195.0,2025-09-20 20:28:46.754385,refunded
1586,110.0,2024-09-19 19:23:53.821858,pending
1587,139.0,2024-12-17 17:05:10.456516,completed
1588,42.0,2025-06-30 15:00:36.491470,cancelled
1589,343.0,2026-04-13 15:22:00.542118,refunded
1590,220.0,2026-07-09 15:35:25.707919,completed
1591,215.0,2024-09-05 05:25:50.503429,refunded
1592,224.0,2026-06-20 06:15:01.721591,completed
1593,401.0,2026-01-22 06:08:57.147262,cancelled
1594,75.0,2024-09-21 12:57:11.958356,pending
1595,,2025-05-14 00:47:16.559016,refunded
1596,256.0,2026-05-17 21:19:35.255014,completed
1597,267.0,2025-05-17 17:22:52.612272,refunded
1598,325.0,2025-08-28 22:34:55.541398,completed
1599,97.0,2025-12-19 18:01:48.575072,completed
1600,179.0,2026-01-21 14:53:29.129457,refunded
1601,,2024-10-26 22:51:34.899766,cancelled
1602,445.0,2024-12-01 19:17:44.861272,completed
1603,181.0,2025-04-23 19:19:14.708211,pending
1604,59.0,2025-08-27 12:26:58.758048,cancelled
1605,84.0,2024-08-18 18:43:39.862914,pending
1606,224.0,2026-03-14 11:42:33.281964,refunded
1607,51.0,2026-03-20 13:52:03.754693,cancelled
1608,316.0,2025-02-25 22:24:05.667372,cancelled
1609,279.0,2025-08-31 11:22:03.310352,completed
1610,149.0,2025-06-22 11:20:08.361489,cancelled
1611,59.0,2024-08-07 12:52:00.515636,refunded
1612,468.0,2024-07-20 17:12:52.151458,pending
1613,524.0,2025-01-26 19:26:52.971565,completed
1614,338.0,2026-06-17 06:55:11.806300,completed
1615,527.0,2026-03-20 07:52:10.724946,pending
1616,431.0,2025-06-29 02:41:07.854767,completed
1617,492.0,2025-11-08 12:39:20.714324,completed
1618,316.0,2026-05-02 00:28:20.040792,cancelled
1619,66.0,2025-05-19 15:42:46.259445,completed
1620,163.0,2025-07-13 05:50:19.053204,pending
1621,259.0,2025-12-03 09:15:25.659806,pending
1622,470.0,2025-01-13 17:09:52.777352,completed
1623,501.0,2024-10-14 02:47:21.214543,completed
1624,363.0,2025-02-06 10:21:23.525824,completed
1625,376.0,2026-07-15 06:29:19.055290,completed
1626,123.0,2024-09-05 16:06:29.461897,refunded
1627,372.0,2026-01-14 13:13:05.952698,cancelled
1628,141.0,2025-09-16 09:17:12.210938,refunded
1629,444.0,2025-09-05 01:42:10.027182,completed
1630,145.0,2026-04-14 05:44:39.794176,refunded
1631,468.0,2025-10-20 16:02:44.958818,completed
1632,38.0,2025-07-01 16:02:16.229547,completed
1633,456.0,2025-12-08 01:29:32.595885,completed
1634,6.0,2024-10-14 06:48:15.492192,refunded
1635,61.0,2025-07-28 07:40:41.108059,cancelled
1636,534.0,2025-09-12 03:34:02.577405,completed
1637,16.0,2026-03-28 09:21:53.908057,completed
1638,187.0,2024-11-14 21:16:48.260148,completed
1639,373.0,2024-08-30 16:05:48.112992,completed
1640,48.0,2025-03-09 10:48:58.875352,pending
1641,254.0,2026-04-21 12:33:26.074926,completed
1642,102.0,2024-10-25 21:47:44.975137,completed
1643,299.0,2024-11-15 05:22:22.646374,completed
1644,370.0,2025-02-03 02:38:46.730932,pending
1645,418.0,2025-05-21 09:02:19.418035,completed
1646,181.0,2026-05-16 04:54:03.470891,completed
1647,18.0,2025-04-04 23:16:00.607759,cancelled
1648,450.0,2025-02-15 15:56:25.012699,completed
1649,93.0,2025-08-09 19:13:46.953520,completed
1650,111.0,2026-06-02 21:22:52.008292,completed
1651,164.0,2025-07-29 07:10:52.521468,cancelled
1652,165.0,2026-01-29 19:13:17.330053,cancelled
1653,270.0,2024-11-29 18:55:39.797154,refunded
1654,414.0,2024-09-25 23:12:03.185732,completed
1655,388.0,2026-01-19 17:02:32.169825,completed
1656,253.0,2025-08-20 02:25:27.246751,completed
1657,88.0,2026-04-17 05:34:29.338235,completed
1658,10.0,2026-03-14 21:46:00.931830,refunded
1659,146.0,2025-12-01 06:50:09.123439,cancelled
1660,,2025-02-23 20:34:32.741115,pending
1661,213.0,2025-12-01 15:11:26.995798,completed
1662,285.0,2025-12-03 18:05:00.514681,completed
1663,233.0,2024-09-26 22:25:33.228226,refunded
1664,481.0,2025-09-15 15:25:11.464874,completed
1665,54.0,2026-03-12 08:16:50.639213,completed
1666,46.0,2024-07-28 08:26:10.345555,refunded
1667,3.0,2025-08-01 10:38:28.886398,pending
1668,57.0,2025-04-17 09:49:34.958393,pending
1669,406.0,2025-07-08 03:20:15.021684,completed
1670,236.0,2025-03-24 12:31:34.758039,cancelled
1671,436.0,2026-05-15 05:49:05.578548,completed
1672,271.0,2024-10-01 17:51:40.618115,completed
1673,396.0,2024-11-08 19:54:11.281905,completed
1674,43.0,2024-12-27 10:46:34.799905,cancelled
1675,439.0,2024-12-03 13:33:11.482237,completed
1676,7.0,2026-05-05 05:05:18.985697,completed
1677,175.0,2025-10-10 00:39:07.585100,refunded
1678,390.0,2026-03-18 06:18:35.914549,refunded
1679,55.0,2025-08-06 21:48:48.832509,refunded
1680,445.0,2025-08-11 14:45:58.138417,completed
1681,217.0,2025-08-25 12:09:58.065363,cancelled
1682,76.0,2026-01-22 09:31:38.488201,completed
1683,236.0,2024-10-10 04:19:50.422087,completed
1684,136.0,2025-06-20 07:26:02.467763,completed
1685,204.0,2024-09-12 17:44:03.808700,completed
1686,51.0,2026-03-09 01:54:48.825994,completed
1687,97.0,2026-05-24 11:05:49.570121,completed
1688,222.0,2025-07-04 05:00:14.374614,completed
1689,59.0,2025-03-03 12:40:37.212669,completed
1690,52.0,2025-04-09 18:41:55.022463,completed
1691,202.0,2026-03-07 18:15:03.322205,completed
1692,106.0,2026-04-29 20:34:35.311448,pending
1693,148.0,2025-09-28 12:00:34.668874,pending
1694,245.0,2026-01-27 17:12:21.422236,completed
1695,349.0,2025-03-25 18:53:29.711547,completed
1696,7.0,2025-12-19 11:51:24.816273,refunded
1697,452.0,2024-08-08 22:31:08.247284,cancelled
1698,,2026-03-05 23:02:34.183145,completed
1699,24.0,2024-12-28 08:35:29.798298,refunded
1700,269.0,2026-04-05 19:35:36.714819,completed
1701,412.0,2024-10-30 22:05:45.990340,refunded
1702,132.0,2024-12-31 10:30:52.986011,pending
1703,155.0,2024-10-18 11:47:40.466371,refunded
1704,462.0,2024-10-22 01:14:40.026666,cancelled
1705,527.0,2024-09-14 08:23:06.075602,completed
1706,537.0,2025-12-05 13:24:45.124866,completed
1707,382.0,2026-02-11 15:33:11.972640,completed
1708,141.0,2024-09-13 17:08:18.523566,completed
1709,491.0,2026-02-04 19:51:15.292121,completed
1710,170.0,2026-01-23 03:32:14.373343,completed
1711,22.0,2024-08-18 23:42:25.753019,completed
1712,408.0,2024-10-05 16:31:23.311433,completed
1713,544.0,2026-02-18 05:47:00.001569,cancelled
1714,149.0,2025-07-29 00:23:28.638691,completed
1715,410.0,2024-08-31 05:19:48.880469,pending
1716,64.0,2024-10-13 19:12:28.075850,cancelled
1717,1.0,2025-01-19 18:00:49.518214,pending
1718,258.0,2024-09-05 07:44:14.974001,completed
1719,139.0,2025-11-18 14:07:31.049243,refunded
1720,149.0,2026-01-21 02:44:01.430082,pending
1721,327.0,2026-02-10 10:28:12.470155,refunded
1722,472.0,2026-05-22 01:02:17.829552,pending
1723,166.0,2024-12-15 23:18:56.036258,completed
1724,214.0,2026-05-08 05:17:08.745187,cancelled
1725,322.0,2024-11-30 21:49:36.511635,refunded
1726,50.0,2025-04-01 17:14:24.215880,refunded
1727,365.0,2024-09-23 05:49:11.631695,refunded
1728,536.0,2026-03-28 19:33:31.513184,completed
1729,72.0,2026-06-06 22:17:40.742333,cancelled
1730,66.0,2026-06-12 00:04:46.401259,completed
1731,433.0,2027-05-10 09:50:26.736861,completed
1732,28.0,2024-11-13 05:08:04.931669,completed
1733,305.0,2025-07-19 15:12:10.152568,completed
1734,32.0,2026-01-02 02:58:52.125867,pending
1735,360.0,2025-01-11 13:50:12.981956,completed
1736,115.0,2025-09-08 11:24:47.249904,cancelled
1737,,2024-09-29 07:47:37.850367,pending
1738,59.0,2025-09-14 05:52:57.708961,cancelled
1739,127.0,2024-07-29 03:29:12.457780,completed
1740,29.0,2024-12-24 10:37:35.981792,completed
1741,121.0,2024-12-05 20:26:23.052335,pending
1742,440.0,2025-02-09 19:41:54.716123,completed
1743,73.0,2026-05-08 13:47:45.561600,pending
1744,280.0,2025-08-15 06:57:51.624962,completed
1745,302.0,2026-06-30 02:39:22.003348,pending
1746,55.0,2024-09-29 00:25:52.331874,completed
1747,,2024-12-22 06:20:08.097514,cancelled
1748,458.0,2025-07-22 05:37:48.170202,completed
1749,72.0,2025-12-17 22:21:38.214540,refunded
1750,184.0,2025-04-12 14:58:27.908107,refunded
1751,269.0,2025-09-22 11:03:28.173693,completed
1752,369.0,2025-06-05 02:19:51.000132,completed
1753,402.0,2026-06-18 13:05:38.911698,refunded
1754,331.0,2024-11-28 00:52:13.116855,completed
1755,363.0,2025-04-04 02:53:44.132261,completed
1756,166.0,2025-04-22 05:32:58.251450,pending
1757,35.0,2024-12-22 10:52:10.129789,completed
1758,55.0,2025-01-01 03:41:30.423332,completed
1759,396.0,2024-10-09 08:40:23.958013,refunded
1760,90.0,2026-07-08 04:04:43.251220,refunded
1761,32.0,2024-10-17 05:29:11.242828,completed
1762,391.0,2024-10-07 12:19:49.951882,completed
1763,56.0,2024-10-26 05:04:15.552486,cancelled
1764,103.0,2026-01-26 18:08:12.520200,completed
1765,380.0,2025-12-15 17:19:28.883430,completed
1766,543.0,2025-08-29 21:41:36.634568,completed
1767,3.0,2024-08-17 14:15:01.412815,completed
1768,95.0,2025-03-15 14:40:56.573331,cancelled
1769,98.0,2024-10-11 11:06:49.514312,completed
1770,317.0,2025-02-11 02:27:36.839708,completed
1771,321.0,2025-09-30 12:03:40.429232,pending
1772,153.0,2025-03-03 20:16:33.428193,cancelled
1773,12.0,2026-07-02 00:13:22.964655,completed
1774,361.0,2025-06-08 05:32:30.380924,completed
1775,274.0,2025-08-27 13:18:29.083645,cancelled
1776,205.0,2025-02-16 04:47:35.228019,cancelled
1777,480.0,2026-04-04 18:10:51.071152,completed
1778,134.0,2024-12-03 20:00:29.906932,completed
1779,419.0,2024-09-07 18:40:29.578545,refunded
1780,121.0,2026-03-25 07:21:01.897263,cancelled
1781,428.0,2025-07-01 09:39:28.200715,refunded
1782,307.0,2025-11-27 00:31:16.186748,completed
1783,67.0,2024-11-26 21:40:28.074726,cancelled
1784,333.0,2026-07-18 11:27:30.651421,refunded
1785,504.0,2025-07-13 01:39:49.857573,completed
1786,312.0,2024-10-03 18:08:36.791952,cancelled
1787,27.0,2025-06-03 22:08:57.432594,pending
1788,282.0,2025-11-11 23:40:21.375515,refunded
1789,189.0,2024-09-19 00:36:12.126472,completed
1790,48.0,2024-10-31 15:46:18.588493,refunded
1791,407.0,2025-05-07 13:52:23.772891,refunded
1792,128.0,2025-09-23 07:41:11.347184,completed
1793,23.0,2024-10-01 05:39:52.480153,refunded
1794,67.0,2026-05-25 20:03:58.421820,completed
1795,129.0,2026-07-03 05:34:32.715516,pending
1796,460.0,2024-09-04 04:47:32.722794,refunded
1797,400.0,2026-07-01 07:11:24.878906,refunded
1798,164.0,2025-03-23 07:02:52.929410,refunded
1799,362.0,2025-09-26 12:53:17.681745,refunded
1800,431.0,2026-07-12 14:07:09.394972,completed
1801,191.0,2024-10-16 14:31:40.633709,completed
1802,226.0,2026-03-23 03:38:51.193863,completed
1803,18.0,2025-12-30 16:11:15.472130,refunded
1804,31.0,2025-02-07 09:10:12.965768,refunded
1805,197.0,2025-12-22 02:57:05.433009,cancelled
1806,273.0,2025-09-17 00:14:18.781860,completed
1807,14.0,2025-02-03 07:56:54.574485,pending
1808,135.0,2026-02-15 15:19:41.453827,completed
1809,425.0,2025-11-01 05:39:35.033190,refunded
1810,386.0,2025-05-07 07:03:27.847698,pending
1811,348.0,2025-07-01 12:16:42.807668,completed
1812,369.0,2025-10-02 12:43:38.631625,completed
1813,382.0,2025-05-10 08:49:53.773104,completed
1814,350.0,2025-07-07 20:55:05.046077,cancelled
1815,173.0,2025-02-07 15:41:50.168961,completed
1816,129.0,2026-01-30 22:31:12.446959,completed
1817,292.0,2024-10-05 20:22:03.221986,completed
1818,9.0,2025-01-18 01:17:41.482131,completed
1819,433.0,2025-07-17 04:17:08.924498,completed
1820,460.0,2025-10-20 22:37:11.386254,completed
1821,393.0,2024-10-25 06:12:36.267408,completed
1822,90.0,2024-09-29 16:31:09.780401,completed
1823,20.0,2024-08-26 12:54:13.776172,completed
1824,284.0,2024-09-06 18:28:22.454089,completed
1825,523.0,2025-11-26 06:34:28.969777,completed
1826,56.0,2026-06-29 00:13:47.697866,completed
1827,167.0,2025-04-24 10:27:30.044016,completed
1828,219.0,2025-11-27 01:48:19.488832,pending
1829,172.0,2024-11-07 12:01:34.357173,refunded
1830,151.0,2025-10-16 06:20:35.788358,refunded
1831,467.0,2024-09-27 07:11:43.771062,completed
1832,367.0,2024-09-12 19:47:03.885912,completed
1833,111.0,2026-01-18 23:10:54.691625,completed
1834,391.0,2026-01-30 15:01:34.783978,refunded
1835,115.0,2026-02-18 00:06:25.978463,pending
1836,276.0,2024-12-13 10:29:28.130499,completed
1837,242.0,2025-11-14 13:49:16.741363,completed
1838,295.0,2025-07-12 01:09:16.385032,pending
1839,186.0,2025-01-26 01:42:37.929705,pending
1840,228.0,2025-03-26 22:25:30.686810,completed
1841,259.0,2026-04-07 21:40:58.392297,completed
1842,403.0,2025-08-22 05:24:02.198699,completed
1843,276.0,2026-06-14 18:30:16.393262,cancelled
1844,311.0,2024-08-11 00:17:26.508591,completed
1845,216.0,2025-05-29 07:59:56.630265,refunded
1846,102.0,2026-10-18 09:50:26.738380,completed
1847,392.0,2025-04-25 03:56:07.484535,completed
1848,18.0,2025-03-05 17:01:17.123942,completed
1849,264.0,2025-04-19 20:04:21.128358,completed
1850,206.0,2025-06-19 16:47:35.158643,completed
1851,423.0,2024-08-11 22:24:09.821922,refunded
1852,24.0,2025-08-29 13:31:52.747239,refunded
1853,323.0,2026-04-08 09:45:05.120935,completed
1854,69.0,2025-02-25 07:09:09.085282,pending
1855,261.0,2025-12-16 16:36:41.787784,completed
1856,333.0,2025-07-12 22:42:18.518797,pending
1857,144.0,2024-10-25 04:06:13.909200,completed
1858,289.0,2025-12-23 18:02:09.488477,refunded
1859,147.0,2025-07-10 00:08:46.867510,completed
1860,417.0,2024-10-06 19:57:11.345119,completed
1861,143.0,2025-11-24 00:31:38.937982,completed
1862,61.0,2025-11-13 02:30:05.561936,completed
1863,481.0,2025-12-01 13:58:17.305418,refunded
1864,342.0,2025-09-09 22:02:08.545930,cancelled
1865,503.0,2025-07-01 13:45:53.058374,pending
1866,4.0,2026-04-04 00:24:01.551532,completed
1867,486.0,2025-07-24 01:16:46.637545,pending
1868,152.0,2025-04-30 19:53:28.854455,completed
1869,456.0,2025-07-15 07:00:28.810443,refunded
1870,375.0,2026-06-28 03:09:38.427643,pending
1871,114.0,2025-10-12 14:12:38.990761,completed
1872,323.0,2025-04-02 14:48:20.337605,pending
1873,457.0,2026-07-03 04:20:30.488131,pending
1874,163.0,2025-03-10 00:52:15.181469,cancelled
1875,,2024-08-08 11:46:48.050177,completed
1876,483.0,2024-08-20 21:18:56.161632,completed
1877,96.0,2026-03-22 07:02:54.167796,refunded
1878,487.0,2025-03-30 18:39:39.377842,completed
1879,252.0,2026-01-11 23:42:36.154891,completed
1880,135.0,2024-08-07 13:54:56.466438,completed
1881,272.0,2026-05-01 00:54:58.558816,completed
1882,150.0,2025-03-25 05:03:58.102441,cancelled
1883,279.0,2024-09-28 01:00:53.606187,refunded
1884,387.0,2025-03-28 01:12:08.804869,completed
1885,218.0,2025-04-05 23:29:28.126180,completed
1886,357.0,2025-04-01 12:36:16.635099,refunded
1887,443.0,2025-11-13 22:51:46.592771,completed
1888,260.0,2025-01-15 19:22:08.898464,cancelled
1889,166.0,2025-11-04 08:11:51.222161,completed
1890,205.0,2025-09-24 18:18:04.761221,completed
1891,326.0,2026-05-14 22:49:25.841736,cancelled
1892,86.0,2024-09-04 18:38:21.315273,refunded
1893,313.0,2027-08-22 09:50:26.739205,completed
1894,195.0,2025-03-22 12:51:39.690946,pending
1895,284.0,2024-08-02 07:54:06.141277,cancelled
1896,81.0,2025-03-14 03:38:39.913719,completed
1897,83.0,2025-06-20 14:45:45.653698,pending
1898,502.0,2026-04-10 14:28:59.026192,cancelled
1899,406.0,2025-09-06 21:05:24.209517,completed
1900,396.0,2026-05-08 09:24:19.026305,pending
1901,194.0,2025-01-29 16:33:17.549017,completed
1902,44.0,2025-12-09 07:31:49.806357,pending
1903,535.0,2025-09-21 10:39:56.031107,pending
1904,406.0,2026-07-09 00:16:31.936336,pending
1905,218.0,2025-04-20 20:38:05.026288,completed
1906,136.0,2025-04-30 00:53:12.005702,completed
1907,114.0,2025-09-10 03:47:35.727724,refunded
1908,274.0,2026-03-01 09:30:50.239535,pending
1909,488.0,2024-09-30 00:27:58.673812,completed
1910,550.0,2025-11-24 02:02:51.834496,cancelled
1911,330.0,2025-03-21 08:20:27.036491,completed
1912,288.0,2025-07-21 04:37:01.072735,completed
1913,73.0,2026-01-28 16:14:54.908750,refunded
1914,390.0,2025-03-23 22:57:45.981678,completed
1915,173.0,2025-10-11 01:11:15.782385,cancelled
1916,545.0,2025-04-10 08:07:23.507766,completed
1917,256.0,2025-06-02 09:54:28.118927,pending
1918,264.0,2025-07-16 22:38:21.925441,refunded
1919,218.0,2026-03-29 21:22:30.625949,completed
1920,384.0,2026-02-13 22:14:58.788272,completed
1921,454.0,2026-03-24 19:28:04.443615,completed
1922,384.0,2026-10-17 09:50:26.739548,completed
1923,151.0,2025-02-13 20:06:01.030755,completed
1924,456.0,2024-08-22 15:37:03.228721,cancelled
1925,105.0,2026-07-16 15:42:22.630530,cancelled
1926,242.0,2025-05-08 14:28:16.035586,pending
1927,437.0,2024-12-30 22:26:42.286732,completed
1928,163.0,2026-01-12 14:16:36.604488,refunded
1929,160.0,2024-09-24 02:28:52.259598,completed
1930,49.0,2026-03-27 14:11:59.266249,completed
1931,287.0,2026-11-24 09:50:26.739687,completed
1932,421.0,2025-03-21 23:36:13.541812,completed
1933,393.0,2024-09-06 01:39:43.156299,cancelled
1934,40.0,2026-02-24 04:19:23.443220,completed
1935,289.0,2025-07-01 02:29:50.781649,pending
1936,170.0,2024-12-19 03:22:00.517081,refunded
1937,378.0,2026-02-20 03:18:18.404201,completed
1938,402.0,2025-11-06 20:45:04.439286,cancelled
1939,74.0,2025-02-24 10:09:27.104920,refunded
1940,27.0,2026-02-26 07:53:02.718107,completed
1941,155.0,2025-05-31 03:53:57.745048,completed
1942,198.0,2025-08-17 08:25:20.418499,completed
1943,41.0,2024-12-12 01:58:27.220043,refunded
1944,427.0,2025-05-08 19:16:04.105488,completed
1945,356.0,2025-10-18 10:53:14.087327,completed
1946,179.0,2025-06-15 00:06:24.891887,pending
1947,178.0,2026-01-27 14:37:22.855777,refunded
1948,481.0,2024-11-27 20:31:40.745622,refunded
1949,101.0,2027-01-23 09:50:26.739987,completed
1950,467.0,2025-12-14 16:47:36.127539,cancelled
1951,18.0,2026-04-10 02:56:05.233022,refunded
1952,361.0,2025-09-13 07:15:37.162544,pending
1953,442.0,2024-12-21 11:42:24.896855,completed
1954,89.0,2026-06-21 17:41:43.049001,pending
1955,20.0,2026-01-12 02:21:18.519617,pending
1956,91.0,2025-06-25 06:43:03.677222,refunded
1957,29.0,2026-06-03 12:12:40.063382,refunded
1958,143.0,2025-08-12 01:42:00.835056,completed
1959,429.0,2025-10-10 18:04:38.492852,completed
1960,301.0,2027-07-24 09:50:26.740131,completed
1961,429.0,2025-05-31 18:10:12.130341,pending
1962,76.0,2025-09-05 11:12:08.256957,completed
1963,102.0,2025-10-19 18:20:57.246668,refunded
1964,518.0,2025-08-04 10:30:00.875641,completed
1965,429.0,2025-04-11 00:36:33.132282,completed
1966,47.0,2024-11-03 20:29:31.167807,cancelled
1967,11.0,2024-11-05 20:20:05.635194,completed
1968,42.0,2025-12-01 12:47:15.228818,pending
1969,483.0,2025-02-23 06:36:34.393206,completed
1970,28.0,2025-06-01 23:20:51.839900,cancelled
1971,212.0,2025-03-08 16:47:42.563333,completed
1972,152.0,2026-03-17 09:14:26.061211,completed
1973,187.0,2024-09-03 23:49:59.080907,cancelled
1974,426.0,2024-12-14 15:00:08.752447,completed
1975,292.0,2025-05-16 04:59:32.130614,pending
1976,408.0,2026-03-12 15:13:16.484455,cancelled
1977,381.0,2025-11-02 20:25:48.930342,completed
1978,240.0,2025-01-22 06:13:11.510000,cancelled
1979,244.0,2025-10-01 02:50:10.017662,completed
1980,302.0,2025-05-11 09:46:02.592497,completed
1981,527.0,2024-10-09 21:10:30.046389,refunded
1982,96.0,2024-12-06 02:53:59.816912,completed
1983,12.0,2025-01-14 07:49:37.622347,pending
1984,375.0,2026-03-15 04:53:57.229181,completed
1985,173.0,2025-06-22 23:44:44.286951,refunded
1986,120.0,2025-08-31 20:54:14.127164,completed
1987,397.0,2025-06-02 12:23:36.267417,completed
1988,86.0,2025-11-03 11:50:50.764825,refunded
1989,102.0,2024-08-14 23:03:08.175314,cancelled
1990,404.0,2024-11-12 08:07:01.506011,pending
1991,411.0,2024-10-26 14:09:24.671649,cancelled
1992,103.0,2025-01-23 16:24:36.197632,completed
1993,105.0,2026-02-25 21:33:58.611004,cancelled
1994,398.0,2025-11-12 01:49:09.579436,completed
1995,352.0,2024-11-24 11:36:32.374470,completed
1996,238.0,2026-04-02 16:18:35.367931,completed
1997,391.0,2026-06-22 22:58:10.929128,completed
1998,346.0,2025-07-08 19:52:07.288722,completed
1999,251.0,2024-08-02 11:21:03.801030,refunded
2000,92.0,2026-04-07 20:08:04.899675,pending
2001,313.0,2024-09-18 05:43:58.740015,completed
2002,256.0,2025-10-01 09:16:42.359705,completed
2003,335.0,2026-04-13 09:09:35.840357,pending
2004,527.0,2026-05-07 18:46:01.786718,cancelled
2005,55.0,2025-05-12 05:46:09.529720,completed
2006,442.0,2025-04-10 09:52:31.059933,completed
2007,260.0,2025-11-11 04:04:41.970084,refunded
2008,206.0,2024-09-22 21:31:37.660038,pending
2009,60.0,2026-06-07 21:23:11.442908,completed
2010,243.0,2025-12-29 23:15:04.881087,completed
2011,92.0,2024-10-29 14:33:13.211580,pending
2012,546.0,2024-10-08 16:39:54.114260,pending
2013,373.0,2026-01-06 10:52:42.607477,completed
2014,445.0,2026-05-31 10:05:49.237264,pending
2015,130.0,2025-08-04 05:01:47.777052,completed
2016,137.0,2027-01-31 09:50:26.740894,completed
2017,19.0,2026-06-12 15:33:28.986297,pending
2018,128.0,2026-05-30 09:54:23.869993,completed
2019,253.0,2025-01-18 20:53:54.845983,pending
2020,125.0,2026-04-26 02:05:13.670699,pending
2021,292.0,2025-01-08 20:10:10.937096,completed
2022,371.0,2024-10-16 06:01:09.504429,refunded
2023,41.0,2026-02-28 04:46:26.889061,completed
2024,95.0,2025-03-16 11:12:11.121779,refunded
2025,429.0,2025-09-18 18:26:50.561518,cancelled
2026,156.0,2025-04-29 18:44:54.620182,pending
2027,26.0,2026-01-16 14:27:29.963420,completed
2028,383.0,2025-01-07 06:40:25.353720,completed
2029,205.0,2025-05-23 19:51:24.695418,completed
2030,10.0,2024-11-01 07:43:53.751195,completed
2031,405.0,2024-11-23 21:02:27.196121,completed
2032,167.0,2026-06-27 10:33:12.140890,cancelled
2033,236.0,2025-06-04 22:59:33.155973,completed
2034,477.0,2025-01-20 16:41:23.591238,pending
2035,78.0,2025-09-22 12:49:03.078576,pending
2036,345.0,2025-07-12 03:03:06.518460,cancelled
2037,41.0,2025-04-18 15:28:06.552087,completed
2038,272.0,2026-06-11 22:39:52.158396,pending
2039,16.0,2025-03-07 02:52:13.372794,cancelled
2040,213.0,2025-05-24 11:51:04.255574,cancelled
2041,252.0,2025-11-29 15:45:47.891801,completed
2042,486.0,2026-06-22 14:42:09.736091,refunded
2043,293.0,2026-04-22 08:07:38.158362,refunded
2044,206.0,2026-06-03 08:52:08.475346,refunded
2045,143.0,2025-04-10 02:13:38.883377,refunded
2046,492.0,2025-12-23 17:07:30.080405,cancelled
2047,116.0,2026-03-10 22:06:14.040925,pending
2048,231.0,2024-08-03 07:47:00.590878,completed
2049,425.0,2026-06-25 03:53:04.353431,refunded
2050,197.0,2025-10-04 11:10:25.180212,completed
2051,15.0,2026-03-25 14:37:14.511083,refunded
2052,307.0,2025-11-14 16:06:14.187295,cancelled
2053,86.0,2026-06-06 04:49:15.350488,completed
2054,381.0,2025-12-05 11:02:01.802353,cancelled
2055,99.0,2026-02-15 03:13:51.795854,refunded
2056,90.0,2025-01-10 00:12:07.735875,completed
2057,34.0,2025-08-26 16:28:51.049277,completed
2058,309.0,2025-03-01 20:16:02.921966,completed
2059,329.0,2026-06-19 01:59:42.595604,refunded
2060,82.0,2025-04-09 23:43:19.094192,pending
2061,350.0,2026-03-04 06:18:10.496414,refunded
2062,37.0,2024-10-16 02:06:31.116238,cancelled
2063,367.0,2026-04-13 05:19:23.796787,completed
2064,247.0,2026-04-06 10:10:42.702619,pending
2065,372.0,2025-04-28 16:48:28.518944,cancelled
2066,333.0,2026-05-14 12:18:22.888559,refunded
2067,389.0,2025-05-01 23:46:46.522247,completed
2068,212.0,2026-07-03 08:01:18.632433,completed
2069,136.0,2025-01-21 14:12:52.389639,refunded
2070,252.0,2024-09-22 20:32:45.530836,pending
2071,170.0,2026-03-11 21:38:15.012580,cancelled
2072,390.0,2025-01-06 22:18:00.830682,refunded
2073,289.0,2024-12-19 14:42:55.925602,completed
2074,325.0,2026-04-30 05:41:55.925970,completed
2075,413.0,2026-05-18 23:16:42.439266,completed
2076,327.0,2025-10-23 02:53:35.121221,completed
2077,7.0,2026-04-22 08:43:05.501129,refunded
2078,208.0,2026-01-30 00:27:14.361848,cancelled
2079,301.0,2025-05-11 17:10:51.809702,refunded
2080,249.0,2024-08-12 16:19:04.538929,completed
2081,505.0,2026-04-12 20:24:40.263493,completed
2082,143.0,2026-03-12 06:13:44.063514,completed
2083,256.0,2026-06-05 22:38:05.368001,refunded
2084,434.0,2025-06-28 01:16:00.523553,pending
2085,187.0,2025-05-16 14:09:36.614839,completed
2086,35.0,2026-03-25 09:11:40.882136,cancelled
2087,41.0,2025-12-24 23:11:16.354328,completed
2088,132.0,2026-04-20 09:16:39.166051,refunded
2089,117.0,2026-03-10 02:23:50.980355,cancelled
2090,283.0,2026-03-13 03:19:14.956416,refunded
2091,464.0,2025-12-11 03:46:29.986219,completed
2092,300.0,2025-07-23 19:08:03.166943,refunded
2093,27.0,2025-04-01 22:53:49.678145,completed
2094,43.0,2025-10-01 18:19:41.646835,cancelled
2095,154.0,2026-03-05 02:57:02.356711,completed
2096,454.0,2026-01-08 20:49:19.796647,cancelled
2097,,2025-06-15 00:41:16.965219,cancelled
2098,253.0,2024-08-07 21:49:23.840571,completed
2099,331.0,2024-08-25 23:41:31.600455,completed
2100,288.0,2025-10-30 14:24:45.004508,pending
2101,94.0,2025-10-22 05:55:08.616050,completed
2102,84.0,2026-02-16 18:05:29.566310,completed
2103,442.0,2024-10-26 08:13:26.721503,completed
2104,399.0,2025-05-07 14:31:54.449938,completed
2105,393.0,2025-10-20 21:18:33.249029,cancelled
2106,293.0,2025-03-05 02:20:26.207369,completed
2107,88.0,2024-09-16 23:58:24.275013,refunded
2108,243.0,2024-11-11 05:11:16.112826,completed
2109,478.0,2025-07-31 02:59:58.206604,completed
2110,157.0,2026-06-27 06:00:52.750863,completed
2111,218.0,2027-03-12 09:50:26.742241,completed
2112,210.0,2026-01-27 09:43:21.905618,pending
2113,10.0,2026-03-29 14:49:27.371458,completed
2114,427.0,2025-12-01 20:37:10.643330,completed
2115,287.0,2026-02-17 22:32:41.285767,completed
2116,141.0,2025-03-09 05:52:21.999981,completed
2117,370.0,2025-07-03 08:47:40.325055,pending
2118,200.0,2026-01-06 23:00:18.304590,completed
2119,311.0,2025-01-25 08:26:06.281277,completed
2120,276.0,2025-12-03 02:39:35.157109,completed
2121,384.0,2026-03-14 20:49:51.476175,pending
2122,448.0,2026-02-22 23:16:24.197240,completed
2123,126.0,2024-12-11 01:11:51.106111,cancelled
2124,419.0,2025-05-17 17:04:22.485113,completed
2125,403.0,2024-11-28 19:06:56.327204,completed
2126,396.0,2026-04-20 02:46:10.542121,completed
2127,236.0,2026-06-09 01:20:58.238940,completed
2128,310.0,2026-04-25 22:10:12.108733,completed
2129,203.0,2024-12-29 21:55:16.413164,completed
2130,263.0,2026-06-11 12:06:58.530121,refunded
2131,448.0,2026-05-24 05:52:59.573449,cancelled
2132,325.0,2025-11-03 15:05:03.916409,cancelled
2133,58.0,2025-10-19 16:03:02.183145,completed
2134,473.0,2026-05-12 08:41:16.663189,completed
2135,351.0,2026-06-30 12:15:27.224064,refunded
2136,379.0,2024-12-10 18:13:42.430867,cancelled
2137,233.0,2025-12-13 04:29:40.220501,completed
2138,11.0,2024-11-19 04:52:08.326878,completed
2139,5.0,2025-05-07 21:04:19.633428,completed
2140,346.0,2025-05-28 05:38:54.714443,completed
2141,421.0,2025-01-24 23:16:54.761791,refunded
2142,79.0,2024-09-21 23:41:59.803891,completed
2143,274.0,2025-04-13 16:31:12.344690,cancelled
2144,489.0,2026-06-10 20:56:20.647898,cancelled
2145,104.0,2024-10-12 15:39:12.683014,refunded
2146,112.0,2025-12-25 20:10:48.799989,refunded
2147,64.0,2025-06-01 19:18:52.656871,pending
2148,379.0,2026-05-21 23:07:37.078079,completed
2149,395.0,2025-06-15 08:30:32.639137,completed
2150,468.0,2025-11-22 23:43:42.571203,completed
2151,482.0,2024-10-13 12:01:19.821094,completed
2152,98.0,2025-12-22 04:10:37.355299,completed
2153,261.0,2027-03-21 09:50:26.743550,completed
2154,440.0,2026-04-09 13:22:53.313988,completed
2155,485.0,2026-02-10 06:06:25.377294,completed
2156,330.0,2027-01-05 09:50:26.743618,pending
2157,460.0,2025-07-14 21:50:22.186940,cancelled
2158,66.0,2024-10-22 00:54:45.849059,completed
2159,306.0,2026-04-05 11:13:21.196930,completed
2160,213.0,2025-09-30 06:41:02.143275,cancelled
2161,78.0,2026-07-15 21:49:11.528081,refunded
2162,57.0,2025-02-10 15:09:59.296288,completed
2163,192.0,2025-11-25 14:28:00.975248,pending
2164,531.0,2025-05-20 12:17:55.294904,refunded
2165,24.0,2025-05-13 08:22:08.467628,completed
2166,515.0,2024-11-02 12:55:14.110587,completed
2167,244.0,2025-02-15 21:50:39.351171,completed
2168,439.0,2025-01-26 04:03:47.134096,completed
2169,463.0,2025-10-13 03:11:38.535806,refunded
2170,343.0,2026-05-12 17:09:49.152774,refunded
2171,101.0,2025-04-14 22:37:55.124031,completed
2172,338.0,2025-11-30 18:33:45.581780,refunded
2173,54.0,2025-06-18 14:38:01.817420,completed
2174,364.0,2024-07-26 11:15:00.321067,cancelled
2175,453.0,2024-10-24 05:36:19.999973,completed
2176,75.0,2025-03-12 01:18:50.086055,refunded
2177,198.0,2025-12-07 04:04:36.919561,completed
2178,516.0,2025-12-02 15:53:16.825116,cancelled
2179,248.0,2025-12-22 00:11:02.447563,refunded
2180,208.0,2025-12-18 10:34:53.097204,cancelled
2181,61.0,2026-01-07 15:20:39.844747,completed
2182,457.0,2025-01-22 02:20:40.848335,pending
2183,234.0,2024-09-26 12:42:49.137749,cancelled
2184,33.0,2024-08-30 20:20:16.502139,cancelled
2185,49.0,2025-03-19 01:54:24.633856,cancelled
2186,152.0,2025-01-06 11:26:52.626194,cancelled
2187,482.0,2026-05-13 08:54:44.135579,completed
2188,482.0,2026-07-17 00:40:40.531578,pending
2189,547.0,2026-06-05 02:03:42.970197,pending
2190,289.0,2026-06-25 10:58:45.426855,completed
2191,118.0,2025-09-28 22:14:16.744313,completed
2192,349.0,2026-01-16 12:08:14.441822,refunded
2193,385.0,2024-08-21 04:12:46.234920,completed
2194,104.0,2025-01-20 05:18:40.571881,completed
2195,462.0,2025-10-14 13:51:54.066184,completed
2196,,2025-02-24 21:44:03.520090,cancelled
2197,160.0,2025-05-03 05:57:20.341141,completed
2198,387.0,2025-04-15 20:46:57.326583,pending
2199,414.0,2026-06-26 01:50:43.514675,completed
2200,215.0,2025-08-31 16:15:52.920301,completed
2201,494.0,2025-09-15 23:08:18.333801,pending
2202,300.0,2025-01-25 01:37:43.900239,pending
2203,390.0,2025-07-21 21:45:58.623953,cancelled
2204,396.0,2026-05-29 12:21:57.351508,completed
2205,64.0,2026-04-21 05:11:06.074393,refunded
2206,387.0,2024-10-23 07:04:13.795306,refunded
2207,196.0,2025-03-07 17:22:36.006474,completed
2208,87.0,2025-08-10 09:27:21.705769,pending
2209,116.0,2024-10-30 12:12:55.088861,refunded
2210,443.0,2024-10-12 06:44:21.840171,refunded
2211,494.0,2024-08-20 04:33:01.342546,pending
2212,432.0,2024-10-20 08:06:08.002516,cancelled
2213,215.0,2026-04-16 16:11:17.449488,completed
2214,366.0,2026-03-20 17:42:15.266239,cancelled
2215,341.0,2026-01-16 04:48:03.179497,completed
2216,311.0,2026-05-26 12:39:49.645445,refunded
2217,196.0,2025-02-10 14:26:05.139369,cancelled
2218,51.0,2026-04-20 12:20:54.012447,completed
2219,345.0,2025-10-09 15:56:33.520947,pending
2220,21.0,2026-01-26 05:41:37.074142,cancelled
2221,526.0,2025-01-27 14:23:53.393043,pending
2222,343.0,2025-03-04 13:52:01.805969,cancelled
2223,169.0,2026-05-02 00:12:51.274873,pending
2224,435.0,2025-03-06 10:16:03.212354,completed
2225,495.0,2026-07-15 10:33:28.437920,completed
2226,326.0,2026-01-27 18:42:40.836717,pending
2227,281.0,2024-11-06 10:13:17.321160,pending
2228,89.0,2026-04-03 01:17:50.095467,cancelled
2229,379.0,2025-11-11 03:52:59.796574,completed
2230,469.0,2026-02-22 00:20:01.185586,completed
2231,96.0,2024-08-26 19:23:11.089220,completed
2232,173.0,2024-11-04 11:52:09.143799,refunded
2233,513.0,2025-01-02 20:07:31.106688,pending
2234,287.0,2024-08-14 03:02:24.995686,cancelled
2235,39.0,2025-01-25 00:26:31.839461,refunded
2236,208.0,2025-12-16 14:55:21.360139,completed
2237,69.0,2025-06-02 17:35:58.160746,pending
2238,455.0,2026-07-15 21:43:11.363788,completed
2239,116.0,2026-05-27 05:39:25.449718,pending
2240,515.0,2024-08-17 17:27:40.354791,completed
2241,116.0,2025-04-05 08:39:36.374121,completed
2242,540.0,2025-12-18 20:40:44.917647,cancelled
2243,291.0,2025-07-08 08:36:19.970396,completed
2244,295.0,2025-07-14 01:09:33.047440,pending
2245,187.0,2026-03-28 19:09:09.079204,refunded
2246,480.0,2026-04-13 04:01:56.452299,pending
2247,165.0,2024-10-17 06:10:02.037377,cancelled
2248,66.0,2024-09-25 06:52:58.795910,pending
2249,275.0,2026-04-14 02:42:53.245261,pending
2250,368.0,2024-11-27 21:28:36.019106,completed
2251,138.0,2024-11-18 20:47:15.871893,completed
2252,224.0,2025-07-25 13:16:00.619179,completed
2253,333.0,2025-02-03 04:46:16.090064,completed
2254,350.0,2026-04-30 17:03:20.484554,completed
2255,460.0,2025-09-19 18:08:08.300410,pending
2256,483.0,2025-09-18 04:47:35.921450,completed
2257,357.0,2026-06-28 16:25:29.842303,refunded
2258,485.0,2025-08-07 04:10:12.636017,cancelled
2259,540.0,2025-09-08 21:05:54.535980,cancelled
2260,397.0,2025-05-19 02:46:42.353359,pending
2261,376.0,2024-09-13 01:21:46.829712,refunded
2262,428.0,2026-01-31 02:58:15.152908,completed
2263,46.0,2025-11-25 09:33:20.677209,pending
2264,413.0,2026-04-28 03:13:30.362607,completed
2265,50.0,2024-08-06 21:28:36.601389,completed
2266,47.0,2025-11-28 14:45:41.598635,refunded
2267,325.0,2025-11-28 02:57:50.309643,completed
2268,451.0,2025-05-02 20:42:58.810163,completed
2269,,2025-09-23 03:51:06.253068,completed
2270,410.0,2026-06-13 18:39:01.373789,refunded
2271,97.0,2026-03-22 07:48:11.618422,refunded
2272,50.0,2024-11-08 06:14:17.737062,cancelled
2273,457.0,2024-09-16 03:28:56.322532,cancelled
2274,417.0,2026-03-17 17:44:26.313595,cancelled
2275,491.0,2025-11-12 17:02:50.604528,refunded
2276,56.0,2025-06-15 14:36:14.041420,refunded
2277,255.0,2026-06-16 16:27:19.079422,completed
2278,233.0,2025-09-25 23:37:27.884826,completed
2279,60.0,2024-07-23 04:05:50.472835,completed
2280,492.0,2026-06-27 07:52:18.169245,completed
2281,470.0,2025-11-10 06:01:34.927177,cancelled
2282,387.0,2026-06-13 12:58:20.081273,cancelled
2283,165.0,2025-03-13 06:34:57.310983,cancelled
2284,388.0,2026-01-04 07:25:12.590936,completed
2285,102.0,2026-01-06 08:03:30.959826,completed
2286,507.0,2026-06-18 07:02:47.493964,completed
2287,255.0,2025-09-07 16:31:59.003407,pending
2288,271.0,2024-12-20 07:54:10.465975,refunded
2289,383.0,2024-08-23 11:47:39.734165,pending
2290,520.0,2025-11-01 02:22:43.435085,cancelled
2291,422.0,2025-03-11 23:59:48.183588,cancelled
2292,92.0,2024-08-28 11:56:02.181347,completed
2293,235.0,2024-09-08 14:13:16.813981,completed
2294,105.0,2026-06-14 06:34:39.902647,completed
2295,196.0,2025-04-23 12:40:59.776034,completed
2296,124.0,2025-05-06 06:54:58.579705,completed
2297,200.0,2024-11-25 23:07:13.690692,completed
2298,73.0,2026-06-23 21:06:06.593412,refunded
2299,349.0,2026-04-12 04:07:22.952013,completed
2300,450.0,2024-09-22 01:55:37.759272,completed
2301,422.0,2026-04-02 13:14:18.880737,pending
2302,,2024-11-14 22:55:06.289422,completed
2303,393.0,2026-02-08 08:00:34.922263,cancelled
2304,60.0,2025-02-12 01:40:47.252163,cancelled
2305,86.0,2026-01-19 15:48:58.001928,refunded
2306,204.0,2025-11-08 17:03:42.810058,completed
2307,390.0,2024-10-15 00:39:23.946805,refunded
2308,285.0,2025-07-12 11:34:52.324322,completed
2309,246.0,2025-05-30 18:13:14.997871,completed
2310,391.0,2026-02-27 22:55:03.852703,completed
2311,379.0,2025-03-02 10:52:04.169845,refunded
2312,393.0,2025-12-01 06:44:40.338927,completed
2313,8.0,2024-10-22 19:58:31.474601,refunded
2314,180.0,2025-11-17 01:54:10.580713,completed
2315,485.0,2026-03-18 17:28:19.786083,completed
2316,337.0,2025-07-28 09:54:39.003362,refunded
2317,309.0,2025-07-11 14:09:23.762354,refunded
2318,30.0,2026-04-26 16:57:25.022759,completed
2319,369.0,2025-07-01 23:01:56.821797,completed
2320,,2026-09-16 09:50:26.746025,pending
2321,394.0,2025-05-23 23:23:27.232588,completed
2322,280.0,2026-01-22 12:45:05.046192,refunded
2323,331.0,2026-03-03 08:17:03.807670,refunded
2324,122.0,2025-10-10 08:21:21.162145,refunded
2325,233.0,2025-06-01 00:51:25.985393,refunded
2326,115.0,2025-05-26 03:02:52.237980,refunded
2327,132.0,2024-08-17 11:15:42.236911,pending
2328,74.0,2025-03-25 13:37:37.857306,refunded
2329,206.0,2025-06-22 12:36:58.258389,completed
2330,453.0,2024-12-29 17:25:01.227312,completed
2331,187.0,2025-12-02 05:05:24.391337,cancelled
2332,126.0,2024-11-09 04:55:41.223087,refunded
2333,338.0,2025-07-15 18:04:21.193552,refunded
2334,406.0,2025-10-21 19:27:25.008829,completed
2335,56.0,2025-08-06 04:43:10.621707,refunded
2336,446.0,2025-02-16 06:47:11.195733,cancelled
2337,81.0,2025-06-03 09:49:39.298099,refunded
2338,13.0,2026-05-12 15:03:02.469695,completed
2339,382.0,2025-07-02 19:34:25.522678,cancelled
2340,411.0,2024-11-04 11:37:08.616404,refunded
2341,67.0,2024-10-20 06:40:08.703945,pending
2342,272.0,2026-05-09 11:35:36.255413,pending
2343,504.0,2026-03-25 15:45:36.114117,refunded
2344,183.0,2025-08-05 00:55:09.893995,refunded
2345,186.0,2025-02-19 18:33:45.828015,completed
2346,174.0,2024-08-22 19:04:11.109796,cancelled
2347,462.0,2024-09-12 20:03:07.041551,refunded
2348,210.0,2024-08-20 20:54:09.939389,refunded
2349,354.0,2024-10-05 13:16:34.038604,refunded
2350,466.0,2025-05-25 07:42:01.623183,completed
2351,195.0,2024-09-25 22:46:30.166319,refunded
2352,186.0,2025-11-13 16:07:03.565416,refunded
2353,497.0,2025-09-07 04:36:27.612542,completed
2354,44.0,2025-01-20 00:27:46.430034,completed
2355,202.0,2025-01-21 02:24:26.371203,refunded
2356,101.0,2024-09-16 15:51:54.932327,refunded
2357,43.0,2025-07-21 16:28:08.610925,cancelled
2358,303.0,2024-10-10 03:46:58.421003,completed
2359,144.0,2025-11-14 04:47:38.990692,completed
2360,86.0,2024-11-27 02:08:36.486154,completed
2361,222.0,2024-11-29 00:42:21.998324,cancelled
2362,338.0,2025-05-01 23:27:35.919889,refunded
2363,,2024-09-17 18:31:50.750510,refunded
2364,195.0,2026-04-20 09:10:28.052287,completed
2365,188.0,2025-02-21 08:32:02.153573,completed
2366,176.0,2025-09-20 20:58:34.165579,completed
2367,145.0,2025-06-16 07:07:46.915506,completed
2368,342.0,2025-11-20 12:59:41.316476,completed
2369,66.0,2025-10-17 14:39:53.845547,completed
2370,79.0,2025-01-28 13:28:39.074512,completed
2371,522.0,2026-06-25 02:23:06.096015,completed
2372,321.0,2026-04-16 10:19:10.788928,completed
2373,341.0,2024-12-02 16:04:34.249842,completed
2374,382.0,2024-12-01 03:11:01.858500,completed
2375,222.0,2026-01-15 14:52:48.025105,completed
2376,165.0,2025-10-03 04:17:08.111708,pending
2377,254.0,2026-04-16 15:04:13.062895,pending
2378,443.0,2024-10-04 14:27:31.053586,completed
2379,499.0,2025-08-13 06:44:38.901653,refunded
2380,359.0,2024-07-23 04:49:42.862430,refunded
2381,388.0,2024-10-12 03:52:04.118613,cancelled
2382,308.0,2024-11-21 09:06:08.279585,completed
2383,177.0,2025-07-02 10:57:25.802811,refunded
2384,129.0,2025-12-06 06:44:07.125706,completed
2385,463.0,2026-04-14 13:21:49.085546,completed
2386,392.0,2026-06-24 10:19:45.565835,pending
2387,164.0,2025-10-01 14:19:20.099762,pending
2388,348.0,2025-07-09 11:18:20.492902,completed
2389,184.0,2025-10-13 17:33:16.953734,pending
2390,161.0,2026-06-30 08:39:06.071765,completed
2391,354.0,2025-04-08 10:26:39.951200,refunded
2392,434.0,2025-11-23 03:06:49.794739,completed
2393,79.0,2025-12-05 04:12:44.291906,completed
2394,72.0,2025-05-03 11:13:21.098962,completed
2395,543.0,2025-02-25 00:21:06.551114,refunded
2396,112.0,2024-10-18 07:19:46.020206,completed
2397,12.0,2024-07-29 01:35:11.363544,refunded
2398,143.0,2024-10-08 16:19:00.590926,completed
2399,486.0,2024-07-30 12:48:47.061170,completed
2400,55.0,2026-06-27 21:01:03.797305,completed
2401,121.0,2026-04-07 10:06:25.719784,completed
2402,490.0,2024-12-18 18:25:52.948666,pending
2403,220.0,2025-11-04 17:40:17.541567,completed
2404,192.0,2025-11-05 13:14:50.317861,refunded
2405,524.0,2025-06-02 06:21:17.639130,completed
2406,120.0,2025-10-19 06:05:20.705146,refunded
2407,244.0,2026-02-16 00:25:24.995982,completed
2408,100.0,2024-12-05 09:20:27.965975,cancelled
2409,467.0,2025-02-23 17:52:05.536081,pending
2410,251.0,2025-06-22 10:52:29.817286,refunded
2411,197.0,2025-06-30 04:04:11.002630,completed
2412,309.0,2024-08-03 20:48:09.777276,completed
2413,200.0,2024-11-17 06:24:08.392616,completed
2414,435.0,2024-11-07 06:30:50.771391,completed
2415,183.0,2025-12-14 03:55:59.871871,completed
2416,164.0,2026-06-23 00:22:18.758108,completed
2417,416.0,2025-06-28 08:14:34.337433,completed
2418,376.0,2026-04-07 23:51:32.885016,cancelled
2419,128.0,2025-09-19 10:13:35.766428,completed
2420,134.0,2024-12-13 00:05:20.734756,cancelled
2421,216.0,2025-09-07 21:18:07.503312,completed
2422,321.0,2026-03-20 00:46:38.892612,completed
2423,480.0,2024-08-25 03:03:49.595454,completed
2424,84.0,2026-09-13 09:50:26.747345,refunded
2425,283.0,2025-10-22 10:21:50.331194,completed
2426,14.0,2025-12-21 19:55:17.389093,completed
2427,429.0,2026-07-04 10:12:55.431902,pending
2428,21.0,2026-03-30 19:51:12.627569,completed
2429,33.0,2026-01-08 08:25:25.492717,completed
2430,366.0,2025-09-27 04:17:36.791878,completed
2431,212.0,2025-08-27 20:07:17.133770,completed
2432,214.0,2025-02-16 08:02:24.279799,pending
2433,417.0,2025-07-10 00:52:31.531269,refunded
2434,117.0,2025-07-09 00:24:33.367415,completed
2435,432.0,2025-09-23 16:08:14.769043,pending
2436,487.0,2025-10-08 14:45:45.065173,completed
2437,388.0,2025-11-26 16:24:02.585737,completed
2438,13.0,2026-03-07 12:07:27.289957,completed
2439,515.0,2027-08-12 09:50:26.747554,completed
2440,452.0,2025-12-22 16:54:56.665083,completed
2441,541.0,2025-08-08 20:22:37.220720,cancelled
2442,262.0,2025-05-23 04:42:06.194999,completed
2443,101.0,2025-03-06 15:39:13.613173,completed
2444,15.0,2024-09-03 07:45:26.514844,pending
2445,105.0,2026-05-02 03:48:53.917728,pending
2446,448.0,2025-05-19 15:22:27.281599,completed
2447,354.0,2025-06-29 16:39:16.813662,completed
2448,28.0,2025-07-15 08:43:13.096744,refunded
2449,112.0,2026-06-04 19:47:42.167254,completed
2450,171.0,2025-03-29 05:37:21.159721,completed
2451,201.0,2025-12-10 10:48:32.103100,cancelled
2452,147.0,2024-08-03 03:05:51.260133,completed
2453,55.0,2025-02-14 07:35:14.390971,refunded
2454,,2024-12-06 07:54:05.208195,pending
2455,493.0,2025-03-27 02:29:16.608615,completed
2456,217.0,2025-01-04 11:26:27.332396,cancelled
2457,153.0,2024-12-26 10:02:11.802072,completed
2458,477.0,2026-05-13 23:42:07.721087,completed
2459,326.0,2025-03-23 16:11:17.283329,refunded
2460,244.0,2025-10-01 18:03:03.872923,completed
2461,454.0,2026-03-26 08:02:59.907919,pending
2462,246.0,2025-11-10 19:47:42.951436,completed
2463,532.0,2024-10-22 17:43:46.551885,completed
2464,7.0,2025-02-18 05:57:50.653332,pending
2465,144.0,2025-12-20 13:59:03.014343,completed
2466,344.0,2026-06-20 01:07:57.009244,completed
2467,1.0,2026-03-19 11:29:32.323494,refunded
2468,287.0,2025-11-22 14:54:52.330102,refunded
2469,25.0,2026-01-06 12:42:20.617234,pending
2470,279.0,2026-02-20 08:55:52.423385,cancelled
2471,75.0,2026-02-23 03:14:32.520918,cancelled
2472,191.0,2026-03-27 20:14:15.545211,pending
2473,385.0,2025-10-16 04:09:45.539558,refunded
2474,45.0,2025-02-10 06:13:29.547118,completed
2475,239.0,2026-01-17 05:53:14.399589,refunded
2476,176.0,2025-11-18 04:50:02.728156,cancelled
2477,277.0,2024-10-21 05:34:45.747483,cancelled
2478,418.0,2024-12-11 15:34:55.910248,pending
2479,451.0,2025-10-04 10:01:17.008493,completed
2480,3.0,2024-09-30 15:18:58.458807,pending
2481,351.0,2025-05-18 19:09:31.379709,pending
2482,409.0,2026-07-14 20:34:14.584758,pending
2483,113.0,2025-02-25 17:47:59.271694,refunded
2484,116.0,2024-12-18 21:59:54.079995,refunded
2485,97.0,2024-08-22 07:10:00.958452,pending
2486,254.0,2024-08-01 04:10:38.842478,completed
2487,208.0,2026-04-23 09:56:36.917806,refunded
2488,502.0,2025-04-05 17:50:32.597291,pending
2489,349.0,2024-11-11 18:54:55.580922,completed
2490,,2026-03-15 17:31:10.363632,completed
2491,192.0,2026-05-03 07:31:10.529158,completed
2492,315.0,2024-08-11 06:48:12.190130,completed
2493,545.0,2024-09-03 10:28:30.194905,pending
2494,395.0,2025-05-29 11:45:06.505870,completed
2495,498.0,2025-10-13 01:08:14.157111,refunded
2496,389.0,2024-10-15 02:09:54.780163,completed
2497,371.0,2024-12-29 15:03:27.820927,completed
2498,173.0,2025-01-23 06:20:04.477241,completed
2499,398.0,2025-03-24 12:43:16.750468,completed
2500,351.0,2025-04-04 10:14:05.428778,refunded
2501,228.0,2024-08-22 00:37:41.036276,cancelled
2502,411.0,2026-04-21 01:58:29.694339,cancelled
2503,358.0,2025-01-30 07:50:54.605546,refunded
2504,21.0,2024-11-06 08:42:26.061473,completed
2505,429.0,2025-12-05 01:26:46.752249,completed
2506,382.0,2025-07-30 09:50:44.936521,completed
2507,94.0,2025-11-19 23:25:32.982448,completed
2508,366.0,2025-12-16 22:40:20.969799,completed
2509,72.0,2026-05-26 19:35:23.000031,completed
2510,255.0,2025-06-03 18:05:17.579111,cancelled
2511,356.0,2025-06-17 20:36:11.403126,completed
2512,224.0,2026-03-25 16:47:41.060327,completed
2513,486.0,2024-10-07 23:06:24.776853,completed
2514,476.0,2024-10-04 06:45:56.902936,cancelled
2515,341.0,2025-10-07 22:35:07.147861,cancelled
2516,245.0,2026-02-10 06:42:31.074164,completed
2517,513.0,2026-06-10 23:23:35.618298,pending
2518,6.0,2027-05-13 09:50:26.748555,cancelled
2519,300.0,2024-08-18 14:06:30.899993,completed
2520,125.0,2024-10-03 22:20:13.482794,completed
2521,246.0,2025-10-22 01:52:58.293957,cancelled
2522,440.0,2026-04-16 01:59:10.172617,cancelled
2523,441.0,2026-05-15 09:17:08.921107,completed
2524,85.0,2024-11-10 15:20:23.280724,completed
2525,116.0,2025-02-17 07:40:50.005935,completed
2526,165.0,2025-06-06 10:48:02.255200,refunded
2527,201.0,2025-07-23 11:27:25.953945,refunded
2528,246.0,2026-01-05 01:04:07.457906,cancelled
2529,387.0,2024-09-29 11:05:58.169233,completed
2530,39.0,2025-11-03 14:50:38.102536,completed
2531,457.0,2025-03-20 08:29:56.679807,completed
2532,144.0,2024-10-27 13:40:52.560293,completed
2533,275.0,2026-03-30 19:28:56.560269,completed
2534,250.0,2025-06-04 16:33:33.552945,pending
2535,473.0,2025-05-18 15:02:49.804991,completed
2536,173.0,2026-01-31 16:38:27.052773,cancelled
2537,324.0,2025-01-14 03:05:02.575364,refunded
2538,305.0,2026-03-01 23:51:57.915175,refunded
2539,290.0,2025-03-25 06:10:48.667138,completed
2540,347.0,2025-07-22 20:08:11.817446,cancelled
2541,394.0,2024-09-19 04:35:58.943843,pending
2542,98.0,2025-04-16 23:41:45.614724,completed
2543,409.0,2026-01-21 07:54:16.184196,pending
2544,150.0,2025-04-08 08:56:51.533810,pending
2545,94.0,2025-11-16 16:41:53.401201,completed
2546,368.0,2024-11-06 16:17:44.142970,completed
2547,311.0,2026-01-20 08:26:47.741681,cancelled
2548,513.0,2025-05-22 23:45:06.852115,completed
2549,479.0,2025-01-01 14:41:52.515951,cancelled
2550,102.0,2026-02-24 14:32:39.049917,completed
2551,56.0,2025-05-16 22:00:57.774624,completed
2552,186.0,2025-05-13 22:08:06.268807,completed
2553,56.0,2025-06-19 00:57:32.654375,refunded
2554,352.0,2026-04-02 14:01:16.655740,completed
2555,58.0,2026-02-19 08:59:42.506262,completed
2556,119.0,2025-04-09 04:46:30.549545,refunded
2557,182.0,2024-08-09 16:06:35.660797,completed
2558,113.0,2024-11-02 06:38:05.013963,cancelled
2559,9.0,2024-07-26 04:44:11.848629,refunded
2560,139.0,2026-02-27 21:03:12.981551,completed
2561,124.0,2026-06-08 05:48:49.979768,completed
2562,543.0,2024-09-18 20:36:41.469039,cancelled
2563,198.0,2025-03-05 21:19:23.532775,completed
2564,228.0,2026-07-06 05:18:27.490849,cancelled
2565,549.0,2024-11-15 23:10:55.198311,completed
2566,405.0,2024-09-01 19:57:13.628749,cancelled
2567,199.0,2026-01-24 12:07:01.336834,pending
2568,308.0,2025-11-13 04:12:44.363960,completed
2569,112.0,2025-10-30 12:11:24.931906,completed
2570,119.0,2026-05-09 04:42:45.032277,pending
2571,289.0,2024-08-30 03:48:53.058377,pending
2572,200.0,2025-10-23 07:21:40.189050,completed
2573,229.0,2025-12-22 00:46:21.038184,completed
2574,188.0,2025-11-13 07:27:49.357188,completed
2575,300.0,2025-08-02 14:49:31.172216,refunded
2576,196.0,2025-02-19 22:49:09.208348,refunded
2577,48.0,2025-05-08 14:02:27.599751,cancelled
2578,131.0,2025-11-28 07:01:05.172704,completed
2579,469.0,2025-08-27 07:57:10.260724,completed
2580,447.0,2025-02-26 05:33:56.589373,pending
2581,489.0,2026-01-12 10:56:11.998818,completed
2582,217.0,2026-05-14 02:31:09.995046,completed
2583,365.0,2024-07-24 16:51:31.392979,pending
2584,274.0,2025-02-08 07:18:08.200725,pending
2585,79.0,2025-08-08 11:18:42.927089,completed
2586,88.0,2026-05-22 07:13:06.643177,cancelled
2587,30.0,2025-12-12 11:33:26.906093,refunded
2588,124.0,2025-06-09 20:41:34.158272,completed
2589,126.0,2024-12-15 18:37:25.913754,completed
2590,311.0,2025-08-20 14:55:24.359903,completed
2591,236.0,2026-02-14 19:08:48.171183,cancelled
2592,372.0,2025-11-07 05:31:18.458383,refunded
2593,182.0,2025-12-10 10:02:48.256540,completed
2594,129.0,2026-04-28 08:36:38.725810,completed
2595,505.0,2026-02-09 20:18:34.394586,completed
2596,310.0,2025-05-10 09:55:13.527391,completed
2597,,2024-12-10 01:12:54.062279,cancelled
2598,76.0,2025-02-24 04:37:28.349547,completed
2599,407.0,2026-12-12 09:50:26.749737,refunded
2600,130.0,2025-03-20 06:29:23.839454,refunded
2601,238.0,2025-12-30 14:24:09.384826,completed
2602,328.0,2026-01-10 12:33:39.211336,completed
2603,198.0,2024-10-18 23:23:27.810276,completed
2604,421.0,2026-07-13 12:15:19.677875,refunded
2605,246.0,2025-02-11 08:00:27.008571,cancelled
2606,6.0,2024-09-24 17:35:19.196978,completed
2607,13.0,2025-08-25 23:57:54.879884,completed
2608,172.0,2025-08-03 18:07:50.525559,completed
2609,27.0,2026-01-22 22:29:35.990183,pending
2610,222.0,2024-11-12 19:50:35.056779,pending
2611,290.0,2024-08-08 07:17:46.066743,pending
2612,170.0,2026-02-20 19:54:23.699807,completed
2613,73.0,2025-09-24 17:48:33.478942,completed
2614,113.0,2025-01-11 05:22:25.393256,completed
2615,292.0,2026-02-04 10:28:59.822479,completed
2616,291.0,2026-09-20 09:50:26.749983,completed
2617,20.0,2026-07-09 21:08:11.838932,completed
2618,85.0,2024-10-07 14:32:06.157323,completed
2619,461.0,2024-08-31 17:15:37.696254,completed
2620,490.0,2025-04-17 09:12:25.344360,pending
2621,170.0,2025-10-19 22:24:00.292243,pending
2622,367.0,2025-04-03 20:46:37.591468,pending
2623,126.0,2024-08-22 19:09:01.339609,completed
2624,261.0,2025-11-06 10:40:52.428016,completed
2625,303.0,2024-10-18 01:22:27.349886,completed
2626,115.0,2025-02-21 14:01:54.340419,completed
2627,79.0,2026-01-08 04:34:24.664340,completed
2628,205.0,2025-06-14 22:40:44.629397,completed
2629,247.0,2026-07-06 22:56:16.804210,refunded
2630,30.0,2026-02-27 05:59:19.350328,completed
2631,16.0,2026-07-11 08:59:42.787566,completed
2632,252.0,2025-09-05 02:05:58.723024,completed
2633,121.0,2026-05-03 05:26:26.990830,completed
2634,168.0,2025-10-20 11:37:59.571471,completed
2635,535.0,2025-08-12 11:40:52.690351,refunded
2636,407.0,2025-09-26 23:11:53.747818,completed
2637,519.0,2025-03-31 20:15:46.962956,pending
2638,424.0,2025-02-11 18:39:36.993240,completed
2639,159.0,2026-02-12 04:52:09.165165,refunded
2640,513.0,2025-12-23 02:48:21.462963,pending
2641,252.0,2025-11-22 03:06:25.936793,cancelled
2642,426.0,2025-12-22 17:58:44.502689,refunded
2643,81.0,2025-08-02 12:52:00.402886,cancelled
2644,353.0,2025-01-15 19:42:33.321772,completed
2645,243.0,2025-03-15 09:58:34.124707,completed
2646,362.0,2025-09-17 08:08:06.469410,pending
2647,434.0,2026-03-12 00:00:15.156657,completed
2648,504.0,2025-04-08 19:53:22.316694,completed
2649,230.0,2024-09-28 12:11:46.274282,completed
2650,164.0,2025-12-20 18:27:31.768915,completed
2651,330.0,2026-03-16 02:05:29.128895,completed
2652,364.0,2024-09-16 18:58:44.004915,completed
2653,99.0,2024-09-02 08:40:12.610709,pending
2654,200.0,2026-04-28 23:14:20.628472,completed
2655,364.0,2025-07-01 19:45:38.895396,pending
2656,363.0,2025-06-09 20:15:18.614978,cancelled
2657,359.0,2025-04-14 16:36:34.180915,completed
2658,48.0,2025-08-07 08:22:52.274576,refunded
2659,123.0,2025-09-21 15:03:08.555316,completed
2660,93.0,2025-08-02 00:12:54.690298,pending
2661,410.0,2025-05-03 07:27:26.692959,pending
2662,497.0,2025-01-27 13:16:19.554547,cancelled
2663,378.0,2025-07-18 07:31:17.191624,cancelled
2664,303.0,2025-05-24 05:33:18.847765,refunded
2665,547.0,2025-06-05 09:35:27.913222,refunded
2666,234.0,2026-05-30 00:47:23.755332,cancelled
2667,406.0,2025-07-11 12:43:10.404397,completed
2668,453.0,2026-06-29 21:15:59.615356,cancelled
2669,231.0,2026-03-12 16:59:38.885122,pending
2670,343.0,2024-11-01 08:55:42.674711,cancelled
2671,21.0,2024-10-19 18:59:49.618170,completed
2672,25.0,2025-12-20 09:52:15.440018,pending
2673,,2024-10-21 10:38:22.439027,pending
2674,393.0,2025-12-15 13:42:32.967158,completed
2675,298.0,2026-04-10 12:47:05.589990,completed
2676,121.0,2024-10-13 04:03:34.228542,completed
2677,336.0,2024-12-21 06:16:02.928694,cancelled
2678,485.0,2025-06-29 16:57:46.991781,pending
2679,87.0,2026-01-15 05:32:07.709245,refunded
2680,105.0,2026-06-08 13:17:41.807823,completed
2681,278.0,2025-04-14 17:16:22.604442,completed
2682,,2026-06-14 05:12:09.542910,pending
2683,407.0,2025-10-01 09:17:12.244989,pending
2684,173.0,2025-05-13 10:02:52.038893,completed
2685,63.0,2024-10-15 05:17:33.924937,completed
2686,48.0,2025-09-09 14:13:32.819078,refunded
2687,540.0,2024-08-17 08:31:39.815149,completed
2688,33.0,2024-11-07 21:58:53.943273,pending
2689,100.0,2025-04-16 06:42:28.457289,completed
2690,437.0,2026-07-12 20:24:33.403382,cancelled
2691,416.0,2025-02-25 10:55:50.738625,completed
2692,301.0,2025-07-08 21:20:01.996734,completed
2693,337.0,2026-02-16 21:19:26.633807,completed
2694,165.0,2024-10-30 18:14:50.649191,completed
2695,,2025-09-22 15:19:47.222848,completed
2696,174.0,2024-08-23 11:14:50.466112,refunded
2697,44.0,2026-05-03 03:56:01.156537,pending
2698,304.0,2026-04-29 08:50:41.092390,pending
2699,175.0,2024-12-23 09:47:28.168084,cancelled
2700,126.0,2026-03-09 06:49:41.121236,refunded
2701,29.0,2025-07-10 23:36:58.737229,pending
2702,418.0,2024-10-16 06:54:52.838748,completed
2703,39.0,2025-03-30 14:39:59.334072,pending
2704,519.0,2026-04-15 18:13:14.804062,refunded
2705,477.0,2025-05-19 23:02:51.809646,completed
2706,500.0,2025-09-10 12:55:02.943989,completed
2707,109.0,2025-09-05 05:01:22.862309,completed
2708,390.0,2026-05-07 13:43:30.540878,pending
2709,282.0,2026-02-09 16:33:44.251041,refunded
2710,337.0,2025-07-01 01:46:54.572018,completed
2711,471.0,2025-12-26 21:36:07.849672,pending
2712,71.0,2025-10-04 09:19:56.835883,completed
2713,245.0,2026-01-26 12:29:01.714542,completed
2714,82.0,2025-07-22 15:35:53.825014,completed
2715,87.0,2025-06-20 15:13:55.716404,completed
2716,514.0,2025-06-12 14:16:00.042852,pending
2717,421.0,2025-06-11 23:16:59.955537,completed
2718,268.0,2026-04-12 18:40:29.773988,refunded
2719,253.0,2025-03-13 11:51:22.995107,pending
2720,99.0,2026-02-23 04:14:02.359556,refunded
2721,211.0,2025-11-16 08:03:22.088775,refunded
2722,64.0,2025-05-14 03:43:39.952566,completed
2723,59.0,2025-01-05 00:02:56.661767,completed
2724,95.0,2025-05-03 18:13:59.642669,completed
2725,365.0,2025-08-18 02:46:32.122174,pending
2726,351.0,2026-06-18 18:54:37.197199,completed
2727,2.0,2026-04-30 02:07:48.380010,completed
2728,55.0,2026-01-07 11:59:25.547040,cancelled
2729,64.0,2025-11-02 18:13:08.808996,cancelled
2730,349.0,2026-04-12 11:48:10.603560,completed
2731,200.0,2025-12-17 12:45:45.825123,cancelled
2732,251.0,2025-09-09 18:15:31.392506,completed
2733,238.0,2026-02-20 12:11:38.959718,pending
2734,269.0,2025-12-17 16:05:51.452134,completed
2735,144.0,2025-09-01 18:16:51.194675,pending
2736,34.0,2024-10-17 08:24:01.262212,completed
2737,353.0,2025-08-31 12:37:32.747441,completed
2738,246.0,2026-12-16 09:50:26.751673,cancelled
2739,197.0,2025-10-13 21:08:35.039937,refunded
2740,57.0,2025-09-13 07:28:32.696642,completed
2741,442.0,2024-08-26 13:17:20.079848,completed
2742,291.0,2025-09-08 11:34:16.914079,completed
2743,126.0,2024-12-04 06:43:05.119941,cancelled
2744,410.0,2025-07-01 12:26:36.633560,refunded
2745,,2026-05-05 01:42:52.638961,pending
2746,,2024-10-14 19:04:02.888249,completed
2747,157.0,2026-06-02 19:00:38.451748,completed
2748,103.0,2024-11-27 05:29:44.133079,cancelled
2749,183.0,2024-08-01 18:57:22.733588,completed
2750,24.0,2026-02-13 15:22:02.795260,cancelled
2751,253.0,2026-09-26 09:50:26.751873,completed
2752,459.0,2025-12-16 08:52:17.096642,completed
2753,274.0,2026-04-28 08:16:35.292872,refunded
2754,226.0,2025-06-08 10:20:18.174383,completed
2755,19.0,2026-02-28 08:52:21.462349,refunded
2756,330.0,2025-10-05 05:24:28.762636,completed
2757,122.0,2025-05-08 10:26:52.318016,cancelled
2758,383.0,2024-08-20 18:57:07.954468,pending
2759,278.0,2026-04-09 14:02:27.101807,refunded
2760,251.0,2024-08-04 22:09:38.373611,completed
2761,46.0,2025-06-03 03:54:00.687368,completed
2762,357.0,2025-05-18 00:47:12.345144,pending
2763,14.0,2026-04-07 21:15:49.882071,pending
2764,99.0,2025-03-07 18:31:01.447801,pending
2765,101.0,2025-01-22 19:02:17.448112,completed
2766,231.0,2024-10-10 16:12:54.275752,refunded
2767,105.0,2024-09-29 11:47:24.468076,refunded
2768,222.0,2024-11-18 18:21:02.534822,completed
2769,4.0,2024-11-01 03:27:35.789445,refunded
2770,216.0,2025-01-21 14:34:47.378133,completed
2771,56.0,2024-09-22 09:38:43.831613,pending
2772,366.0,2025-02-28 00:53:22.310390,refunded
2773,461.0,2025-05-12 10:29:43.831946,completed
2774,425.0,2024-11-19 12:29:48.469853,refunded
2775,218.0,2025-10-10 19:00:31.768264,completed
2776,311.0,2025-03-13 13:09:39.245518,completed
2777,208.0,2024-08-07 18:40:22.291836,completed
2778,298.0,2024-08-30 15:56:44.596210,completed
2779,359.0,2025-04-29 18:33:23.046627,completed
2780,333.0,2025-03-09 17:08:01.966934,cancelled
2781,276.0,2025-05-16 11:43:54.986029,completed
2782,440.0,2025-03-12 18:21:04.461360,cancelled
2783,174.0,2025-04-19 05:38:13.202209,cancelled
2784,424.0,2026-03-15 13:53:07.587481,completed
2785,412.0,2024-10-15 07:02:34.884474,completed
2786,227.0,2024-12-13 21:29:44.681736,pending
2787,165.0,2026-01-19 08:22:05.674882,completed
2788,17.0,2025-09-20 00:18:03.732839,pending
2789,442.0,2025-07-14 00:59:58.139965,pending
2790,414.0,2026-01-19 12:51:37.850631,completed
2791,413.0,2025-04-26 04:48:33.060474,completed
2792,404.0,2024-10-10 23:52:18.942073,completed
2793,181.0,2024-09-01 05:17:28.639709,cancelled
2794,149.0,2025-06-23 11:23:01.050420,pending
2795,308.0,2025-05-12 06:59:22.986709,cancelled
2796,394.0,2025-07-07 14:34:59.036939,cancelled
2797,404.0,2025-05-12 14:18:21.889178,completed
2798,14.0,2025-01-05 16:08:45.709849,refunded
2799,194.0,2026-04-27 05:58:49.331570,cancelled
2800,272.0,2025-01-31 13:05:59.611603,completed
2801,409.0,2026-06-22 17:29:46.733124,cancelled
2802,188.0,2025-11-24 01:48:16.683634,pending
2803,283.0,2025-01-14 20:36:58.022416,completed
2804,211.0,2025-08-28 03:11:07.117471,completed
2805,9.0,2026-02-12 12:19:07.583157,refunded
2806,270.0,2025-02-26 10:38:48.072236,completed
2807,63.0,2025-05-12 01:11:41.322525,refunded
2808,,2024-09-18 05:21:41.650518,completed
2809,439.0,2025-10-26 08:50:36.034163,refunded
2810,128.0,2024-12-14 13:13:45.793480,cancelled
2811,33.0,2026-06-25 23:16:50.156553,completed
2812,205.0,2025-04-17 14:55:42.578843,cancelled
2813,343.0,2026-07-08 16:16:48.024799,completed
2814,451.0,2026-02-10 04:23:02.536958,pending
2815,271.0,2025-08-15 14:08:13.921235,completed
2816,237.0,2025-05-24 11:20:42.805534,refunded
2817,200.0,2026-05-15 18:10:25.008752,completed
2818,448.0,2025-06-13 22:02:40.143281,pending
2819,175.0,2024-07-19 15:52:14.284748,refunded
2820,506.0,2025-06-23 08:22:38.382332,pending
2821,442.0,2026-03-16 18:28:06.916422,cancelled
2822,515.0,2025-02-15 05:18:11.368681,cancelled
2823,257.0,2026-06-29 00:23:31.720514,pending
2824,69.0,2024-07-19 07:50:20.305089,pending
2825,20.0,2026-05-31 20:06:50.296142,completed
2826,105.0,2025-07-06 03:46:43.011435,completed
2827,425.0,2025-09-28 15:51:03.594041,completed
2828,373.0,2026-03-24 03:48:58.812932,completed
2829,308.0,2025-04-22 14:59:22.189259,completed
2830,25.0,2025-04-01 15:12:39.073758,cancelled
2831,102.0,2025-10-23 17:52:09.052976,refunded
2832,21.0,2025-09-19 09:03:00.667940,refunded
2833,471.0,2025-07-26 17:09:12.547612,refunded
2834,200.0,2024-08-21 03:44:13.253090,pending
2835,369.0,2026-11-20 09:50:26.752930,completed
2836,14.0,2025-09-03 05:59:47.403114,pending
2837,58.0,2025-02-23 12:58:03.992237,completed
2838,353.0,2025-05-03 16:36:58.809634,completed
2839,146.0,2024-10-16 18:17:37.233346,refunded
2840,540.0,2024-10-28 22:36:07.297795,cancelled
2841,178.0,2025-08-29 10:14:40.929007,completed
2842,64.0,2025-02-08 01:38:57.489489,completed
2843,150.0,2025-05-30 11:16:42.860120,refunded
2844,301.0,2025-10-07 20:21:16.946531,pending
2845,81.0,2026-06-18 07:17:55.984569,completed
2846,232.0,2025-03-08 10:40:20.919267,completed
2847,19.0,2025-11-29 04:35:16.110220,cancelled
2848,209.0,2025-03-26 05:14:14.655590,completed
2849,406.0,2025-01-25 20:22:04.705623,completed
2850,405.0,2026-01-19 18:11:25.763408,pending
2851,,2025-06-14 15:09:23.936928,completed
2852,29.0,2025-01-14 13:49:01.928716,refunded
2853,46.0,2026-07-07 00:11:22.137321,pending
2854,38.0,2025-03-25 11:36:37.116452,completed
2855,112.0,2025-06-19 19:18:06.868654,completed
2856,282.0,2025-09-29 20:42:23.054052,refunded
2857,218.0,2024-07-30 12:37:36.142596,completed
2858,269.0,2025-12-06 07:24:57.847337,completed
2859,,2025-11-03 03:27:14.604141,completed
2860,100.0,2024-07-20 10:12:59.685372,refunded
2861,378.0,2025-07-02 00:35:50.547272,completed
2862,192.0,2026-05-08 10:01:17.387383,completed
2863,354.0,2025-11-22 07:53:10.801353,completed
2864,290.0,2025-05-16 17:41:47.501957,cancelled
2865,529.0,2026-05-03 21:43:57.035146,completed
2866,388.0,2025-12-14 16:13:58.349172,completed
2867,320.0,2026-01-26 21:29:42.670238,completed
2868,283.0,2025-08-16 00:34:58.435507,pending
2869,390.0,2026-02-14 00:58:40.901106,completed
2870,275.0,2025-11-05 01:58:56.761418,cancelled
2871,76.0,2024-09-13 13:25:07.030603,cancelled
2872,159.0,2024-08-10 12:52:39.470347,refunded
2873,456.0,2026-03-18 18:00:55.691958,pending
2874,151.0,2025-11-21 12:43:07.203029,cancelled
2875,492.0,2025-11-21 23:48:47.618182,refunded
2876,243.0,2025-04-02 18:51:17.156345,completed
2877,529.0,2026-03-04 15:36:40.494894,cancelled
2878,371.0,2026-03-15 09:04:18.927466,cancelled
2879,465.0,2025-04-06 10:00:14.737657,completed
2880,,2024-11-25 08:40:17.847922,completed
2881,2.0,2026-01-30 21:55:44.815098,completed
2882,73.0,2025-12-10 02:19:05.869244,completed
2883,412.0,2024-07-25 02:08:07.410337,completed
2884,347.0,2025-06-21 22:01:26.145533,cancelled
2885,294.0,2026-06-02 20:10:06.428937,pending
2886,8.0,2025-06-08 16:26:33.491500,pending
2887,452.0,2024-12-27 17:54:58.580447,cancelled
2888,473.0,2024-08-02 09:07:23.854486,completed
2889,278.0,2025-02-09 07:02:07.372705,refunded
2890,140.0,2026-05-22 23:50:24.401095,refunded
2891,,2025-04-06 07:28:00.859289,cancelled
2892,308.0,2024-09-22 15:34:13.396668,completed
2893,427.0,2025-10-10 00:54:13.221661,completed
2894,99.0,2025-02-25 09:30:03.820948,refunded
2895,25.0,2025-12-25 06:36:45.657847,cancelled
2896,42.0,2025-01-06 01:13:06.175544,completed
2897,233.0,2025-07-14 15:32:13.767653,completed
2898,299.0,2025-04-10 02:14:52.503640,completed
2899,189.0,2027-04-28 09:50:26.753777,completed
2900,307.0,2026-05-10 15:42:48.462537,completed
2901,72.0,2025-12-17 08:32:39.485441,completed
2902,71.0,2024-12-18 15:55:17.687947,refunded
2903,372.0,2024-12-09 04:01:12.383996,completed
2904,83.0,2026-03-10 17:51:47.173561,pending
2905,12.0,2025-05-04 06:18:48.002402,completed
2906,100.0,2026-04-15 09:16:27.782647,completed
2907,477.0,2025-09-07 15:32:51.747583,completed
2908,493.0,2025-07-14 19:05:23.703632,completed
2909,105.0,2025-08-25 23:57:12.973521,completed
2910,309.0,2025-11-12 22:17:27.720105,completed
2911,423.0,2025-09-05 04:01:29.922879,completed
2912,294.0,2025-11-29 09:32:32.319563,completed
2913,457.0,2025-09-04 18:05:16.318955,completed
2914,493.0,2024-09-04 16:11:29.975842,refunded
2915,151.0,2024-10-20 14:40:29.252825,completed
2916,28.0,2024-09-04 10:44:02.525353,completed
2917,241.0,2025-01-24 13:55:56.393564,pending
2918,256.0,2025-09-08 05:35:29.379363,completed
2919,83.0,2025-01-01 10:53:47.703153,cancelled
2920,424.0,2025-08-05 00:42:26.378829,refunded
2921,215.0,2026-02-10 08:23:58.423120,completed
2922,375.0,2024-12-06 01:46:11.284903,refunded
2923,119.0,2025-11-26 04:19:04.769635,refunded
2924,91.0,2026-07-13 12:44:07.982251,completed
2925,294.0,2025-12-07 03:24:54.855949,pending
2926,302.0,2025-08-12 05:35:43.532374,refunded
2927,61.0,2025-01-19 16:24:41.011642,refunded
2928,121.0,2025-09-01 02:00:18.046971,refunded
2929,,2025-06-15 12:20:07.697783,completed
2930,431.0,2026-06-04 00:57:51.536769,pending
2931,45.0,2025-10-30 03:26:01.763958,completed
2932,172.0,2026-06-07 19:50:42.615951,completed
2933,292.0,2024-08-25 19:33:15.220531,refunded
2934,38.0,2026-06-04 16:11:54.647124,refunded
2935,387.0,2025-05-30 21:32:50.917697,pending
2936,138.0,2026-07-15 20:02:58.747696,pending
2937,511.0,2025-02-04 02:34:51.931829,refunded
2938,539.0,2025-11-27 18:47:43.596796,refunded
2939,222.0,2025-06-24 18:17:42.368964,cancelled
2940,150.0,2025-04-08 23:28:17.048470,refunded
2941,313.0,2026-01-24 09:07:29.735179,completed
2942,232.0,2026-04-25 12:43:14.655599,pending
2943,19.0,2024-12-29 22:59:30.917283,completed
2944,459.0,2025-02-06 22:54:32.551751,cancelled
2945,498.0,2025-05-21 18:38:49.635854,completed
2946,400.0,2025-06-11 19:32:41.523833,cancelled
2947,237.0,2024-07-22 16:46:14.333456,completed
2948,320.0,2024-12-08 02:05:49.363639,refunded
2949,429.0,2024-09-16 16:33:17.809747,completed
2950,542.0,2025-09-09 15:11:15.380986,completed
2951,330.0,2024-08-06 11:07:45.153541,completed
2952,138.0,2026-01-08 14:50:16.539787,pending
2953,200.0,2026-07-03 09:49:23.964923,cancelled
2954,16.0,2025-05-24 12:32:01.915142,completed
2955,383.0,2024-09-11 07:22:24.012103,refunded
2956,202.0,2025-01-17 12:55:22.379325,pending
2957,314.0,2024-11-16 01:55:57.294672,completed
2958,273.0,2025-03-02 23:13:10.794215,pending
2959,114.0,2025-10-19 04:57:32.148282,refunded
2960,479.0,2024-09-27 14:04:33.838296,pending
2961,469.0,2025-07-04 12:51:41.220546,refunded
2962,248.0,2026-03-01 04:49:27.751571,refunded
2963,88.0,2025-09-24 18:17:08.198085,completed
2964,272.0,2025-10-19 10:15:39.011225,refunded
2965,482.0,2025-03-20 03:09:07.742520,completed
2966,488.0,2025-01-17 20:22:45.127019,refunded
2967,287.0,2024-10-05 16:55:52.053271,pending
2968,148.0,2025-01-09 01:07:11.488379,cancelled
2969,62.0,2025-03-24 21:05:49.460036,completed
2970,427.0,2024-08-27 16:36:40.796725,completed
2971,268.0,2025-03-19 14:37:59.615362,pending
2972,45.0,2026-02-19 00:17:43.904473,completed
2973,233.0,2026-06-08 04:08:37.594855,completed
2974,89.0,2026-02-05 14:23:16.566415,completed
2975,434.0,2025-10-14 12:15:50.459520,completed
2976,163.0,2026-01-28 02:07:47.732194,refunded
2977,357.0,2025-10-18 17:38:05.300089,pending
2978,523.0,2025-09-14 19:55:18.415412,cancelled
2979,63.0,2024-09-19 09:52:25.834871,cancelled
2980,428.0,2024-09-01 06:15:17.822622,completed
2981,433.0,2024-08-12 06:53:09.134098,completed
2982,456.0,2025-03-04 18:35:06.799796,pending
2983,220.0,2026-03-30 03:39:08.433633,cancelled
2984,213.0,2024-09-04 10:21:50.666173,completed
2985,86.0,2024-10-20 02:13:00.553257,refunded
2986,458.0,2026-05-21 07:49:02.535694,cancelled
2987,494.0,2025-06-06 17:49:18.774123,refunded
2988,148.0,2025-02-24 03:34:00.188056,refunded
2989,496.0,2025-10-19 08:17:56.830269,completed
2990,478.0,2024-09-04 23:43:25.676001,pending
2991,191.0,2025-11-25 21:03:19.415017,completed
2992,122.0,2025-08-31 10:57:51.380781,pending
2993,410.0,2025-02-19 08:39:35.320505,completed
2994,514.0,2025-04-23 13:48:54.011531,pending
2995,350.0,2024-09-26 22:22:13.888828,cancelled
2996,197.0,2026-01-19 05:22:52.321866,completed
2997,494.0,2025-01-05 05:07:40.676238,completed
2998,327.0,2025-09-29 21:47:47.826251,completed
2999,524.0,2025-11-12 20:17:08.194071,pending
3000,471.0,2024-07-26 16:16:09.919236,cancelled
