order_item_id,order_id,product_id,quantity,unit_price
1,1,140,1,97.64
2,1,37,-1,313.16
3,2,134,3,104.37
4,3,43,4,46.28
5,3,90,3,486.73
6,3,35,5,164.74
7,3,117,6,365.59
8,3,47,1,90.25
9,4,56,6,95.52
10,4,47,5,455.09
11,4,44,6,165.5
12,4,78,5,448.66
13,5,148,5,279.3
14,5,126,4,441.61
15,6,64,5,433.12
16,6,128,6,446.96
17,6,150,2,221.75
18,7,120,4,109.48
19,7,36,5,260.92
20,7,26,3,395.92
21,7,45,1,278.44
22,7,120,5,220.87
23,8,132,2,198.99
24,8,11,3,120.43
25,8,147,5,231.73
26,9,147,1,77.16
27,9,90,1,240.55
28,10,15,2,289.54
29,10,128,1,27.06
30,11,41,6,480.18
31,11,36,5,337.7
32,12,34,1,361.67
33,13,113,2,374.15
34,13,50,3,9.66
35,13,78,1,393.15
36,13,6,6,263.83
37,13,148,2,145.5
38,14,50,3,176.94
39,14,1,2,285.73
40,14,150,1,116.75
41,14,49,3,271.2
42,14,34,1,40.25
43,15,124,4,308.28
44,15,72,5,223.23
45,16,6,2,142.86
46,16,88,2,343.17
47,16,74,1,309.22
48,16,128,6,213.32
49,17,114,3,214.31
50,17,123,2,127.8
51,17,143,1,258.55
52,18,142,4,382.43
53,18,133,1,406.73
54,18,38,6,173.33
55,18,131,4,29.78
56,19,74,5,247.54
57,20,169,4,267.25
58,21,110,4,
59,21,52,2,459.97
60,21,112,4,42.23
61,21,36,0,489.97
62,22,85,1,398.17
63,22,120,3,375.26
64,22,142,6,350.87
65,23,1,6,35.69
66,23,129,5,415.58
67,23,102,5,320.52
68,23,113,4,279.6
69,23,98,2,145.47
70,24,64,2,220.14
71,24,132,5,285.53
72,24,4,3,217.1
73,25,55,5,452.33
74,26,15,6,16.63
75,26,25,5,400.2
76,26,147,5,390.68
77,26,29,4,366.29
78,27,131,1,464.25
79,27,36,1,440.45
80,27,60,4,188.78
81,28,7,1,162.14
82,29,49,1,203.41
83,29,41,4,296.44
84,30,144,2,376.82
85,30,123,1,295.65
86,30,23,4,215.29
87,30,64,3,404.81
88,31,91,4,429.92
89,31,47,1,463.33
90,31,97,2,467.97
91,31,131,1,79.02
92,32,92,2,205.1
93,32,129,2,201.86
94,33,112,3,78.22
95,34,148,1,34.51
96,34,29,6,331.61
97,34,42,2,56.66
98,34,1,2,129.49
99,34,86,6,85.29
100,35,127,1,216.17
101,35,75,5,423.03
102,35,17,2,298.49
103,36,140,-1,232.48
104,37,114,5,54.98
105,38,101,3,309.38
106,38,64,5,310.42
107,39,146,1,295.41
108,39,13,5,300.76
109,39,123,2,192.6
110,39,19,4,33.75
111,40,102,3,488.0
112,40,149,3,
113,40,147,2,485.72
114,40,97,6,393.4
115,3020,112,4,395.22
116,41,109,4,171.94
117,41,79,2,254.69
118,41,63,3,204.0
119,42,108,3,200.06
120,42,59,1,338.61
121,43,39,4,441.03
122,43,103,3,196.9
123,44,24,5,127.85
124,45,2,-1,295.64
125,46,144,1,298.98
126,46,4,3,497.13
127,46,43,4,366.03
128,46,136,6,240.92
129,47,99,5,278.39
130,47,95,5,66.57
131,47,60,3,376.95
132,47,110,6,327.15
133,47,51,1,472.4
134,48,74,5,366.29
135,48,22,4,123.72
136,48,43,1,416.8
137,48,19,3,328.56
138,49,100,1,358.23
139,49,59,5,74.98
140,49,59,1,460.65
141,49,27,6,221.95
142,49,18,3,141.59
143,50,67,1,107.5
144,3044,17,5,353.17
145,50,83,5,269.71
146,51,138,5,214.52
147,51,40,6,155.12
148,51,35,1,226.36
149,52,23,5,481.86
150,53,53,6,226.42
151,53,27,1,330.79
152,54,146,2,258.8
153,54,55,1,61.14
154,55,5,5,218.68
155,56,143,6,
156,56,76,4,146.52
157,56,142,3,321.65
158,56,13,3,376.28
159,56,50,4,295.58
160,3018,1,1,376.54
161,58,98,1,451.76
162,58,100,1,452.78
163,58,23,6,496.58
164,59,139,4,461.43
165,59,121,-3,380.82
166,59,76,4,285.03
167,59,118,5,218.42
168,60,31,6,244.19
169,60,95,4,228.41
170,60,170,2,471.8
171,60,92,6,280.86
172,60,78,5,381.24
173,61,19,3,159.23
174,61,117,1,71.57
175,62,25,6,142.32
176,63,112,2,471.68
177,63,116,6,456.97
178,64,34,5,148.94
179,64,82,5,422.93
180,64,94,1,11.98
181,65,57,3,475.47
182,65,35,4,253.04
183,65,153,4,472.82
184,65,68,2,496.86
185,66,153,1,471.66
186,66,16,5,3.51
187,66,28,6,95.41
188,66,93,4,286.05
189,66,19,5,10.31
190,67,130,3,165.63
191,68,146,4,287.82
192,68,34,3,383.7
193,69,132,4,157.49
194,69,19,3,177.84
195,69,57,1,150.49
196,69,93,5,412.46
197,69,108,4,489.57
198,70,50,2,498.24
199,70,129,3,161.01
200,70,77,2,167.43
201,70,71,4,311.08
202,71,41,2,7.84
203,71,84,4,
204,71,27,1,498.4
205,71,100,-1,403.3
206,72,14,2,14.83
207,3006,60,3,44.33
208,72,35,3,450.35
209,72,3,4,350.72
210,73,55,2,175.47
211,73,67,5,220.72
212,73,26,6,67.18
213,74,94,2,415.13
214,74,74,5,154.12
215,74,149,3,469.03
216,75,73,5,307.88
217,75,87,5,480.04
218,75,63,6,75.81
219,75,16,4,290.07
220,75,110,5,274.73
221,76,62,5,341.07
222,77,146,3,481.7
223,77,1,4,424.49
224,78,42,1,108.62
225,78,101,1,129.62
226,79,39,2,428.44
227,79,9,6,212.61
228,3008,2,5,208.76
229,79,23,4,70.63
230,79,86,4,438.6
231,80,116,5,46.6
232,80,109,4,476.77
233,80,46,6,186.91
234,80,119,1,65.66
235,80,89,2,276.71
236,81,26,5,87.95
237,81,32,4,344.14
238,82,129,5,276.47
239,83,146,6,86.24
240,83,133,1,387.24
241,83,56,4,79.82
242,84,131,3,329.71
243,84,123,1,109.23
244,85,35,2,47.07
245,85,55,6,374.64
246,86,148,2,337.54
247,86,33,2,140.67
248,86,34,4,425.69
249,87,96,1,380.37
250,87,13,4,342.04
251,88,60,4,179.86
252,88,138,1,326.93
253,88,19,4,23.32
254,88,136,1,421.55
255,88,18,4,285.04
256,89,108,5,204.71
257,90,101,1,351.11
258,90,132,3,153.69
259,90,66,1,217.45
260,90,49,5,7.24
261,91,49,2,218.62
262,91,38,4,460.06
263,91,143,3,53.4
264,91,11,4,298.28
265,92,105,2,454.0
266,92,147,3,281.17
267,92,73,2,334.36
268,92,63,2,20.26
269,92,94,5,16.91
270,93,100,5,251.19
271,93,69,6,102.09
272,93,145,3,465.8
273,93,17,3,91.01
274,94,147,5,155.26
275,95,37,3,200.35
276,95,178,3,185.87
277,95,69,1,145.1
278,95,140,2,81.23
279,96,80,1,208.09
280,96,27,6,17.9
281,96,127,3,73.62
282,97,115,5,80.74
283,97,72,2,453.2
284,97,128,4,482.54
285,97,7,4,438.03
286,97,114,2,201.95
287,98,1,1,26.18
288,98,40,5,464.0
289,98,12,2,342.16
290,98,48,6,99.85
291,99,147,1,111.16
292,99,23,2,101.63
293,100,40,4,361.26
294,100,125,3,188.64
295,100,55,2,321.05
296,101,49,5,3.71
297,101,57,2,213.34
298,101,9,1,276.96
299,101,100,1,404.04
300,101,10,4,200.02
301,102,57,5,317.16
302,102,127,6,354.6
303,102,104,3,133.54
304,3007,56,2,83.21
305,102,75,2,495.22
306,103,46,3,190.38
307,103,87,6,196.64
308,104,63,6,30.54
309,104,71,-3,159.68
310,104,32,3,444.57
311,104,45,1,145.55
312,105,94,3,396.0
313,105,146,2,330.87
314,105,69,5,337.6
315,105,146,1,189.86
316,3011,141,2,402.3
317,106,112,-3,433.84
318,106,23,1,287.07
319,106,104,5,204.77
320,107,19,4,117.97
321,107,48,6,383.03
322,108,136,4,211.92
323,108,54,6,458.17
324,108,24,4,96.62
325,108,149,2,74.93
326,108,91,3,190.93
327,109,73,6,72.72
328,109,79,6,249.72
329,109,116,1,103.05
330,109,9,3,205.13
331,110,51,6,138.38
332,110,119,1,284.02
333,3024,98,2,187.37
334,110,90,5,208.52
335,111,81,5,281.12
336,112,90,4,126.26
337,112,75,3,393.43
338,112,32,5,377.23
339,112,67,4,288.74
340,113,135,6,88.15
341,114,108,6,467.78
342,114,137,5,467.08
343,114,3,5,33.42
344,114,12,3,260.73
345,114,106,4,68.56
346,115,11,5,154.28
347,116,58,1,369.44
348,116,30,4,198.56
349,3028,101,5,339.74
350,116,21,5,37.19
351,116,49,3,112.98
352,117,95,2,94.23
353,117,35,2,230.39
354,117,158,6,290.98
355,117,102,5,19.24
356,117,81,2,142.45
357,118,23,4,145.17
358,118,10,3,116.51
359,119,42,5,142.32
360,3002,41,2,79.2
361,120,35,5,110.12
362,120,57,4,36.66
363,121,117,1,215.15
364,121,89,3,374.95
365,121,54,2,368.15
366,121,125,1,359.22
367,122,139,1,400.38
368,122,5,6,84.21
369,123,15,6,416.17
370,123,27,4,346.42
371,123,28,5,93.89
372,124,59,4,339.79
373,124,17,3,401.92
374,124,99,5,129.6
375,124,64,6,287.98
376,124,26,1,62.26
377,125,89,5,459.35
378,125,19,1,243.91
379,126,39,5,309.77
380,126,82,1,88.81
381,127,66,5,84.28
382,127,37,2,162.29
383,127,98,2,
384,3033,51,3,223.08
385,128,128,5,8.84
386,128,3,5,383.68
387,128,81,6,130.92
388,128,110,2,439.19
389,128,69,4,398.01
390,129,5,4,44.61
391,129,95,2,145.06
392,130,56,5,379.45
393,130,112,6,79.62
394,130,76,2,190.36
395,130,172,5,99.68
396,131,11,5,425.94
397,131,22,2,414.93
398,131,76,1,270.55
399,131,138,4,7.19
400,131,84,5,156.72
401,132,11,2,252.73
402,133,123,3,388.64
403,133,73,4,388.21
404,133,34,6,306.43
405,133,38,2,154.9
406,133,65,1,244.34
407,134,24,5,413.22
408,135,72,5,82.96
409,135,158,4,13.41
410,135,1,3,374.75
411,135,102,-3,26.07
412,135,136,5,467.85
413,136,44,5,34.04
414,136,111,4,466.98
415,136,143,2,252.3
416,136,53,4,374.25
417,137,104,4,218.72
418,137,1,2,254.4
419,137,40,5,366.35
420,137,119,6,265.59
421,137,6,4,50.2
422,138,149,6,270.5
423,138,69,1,235.14
424,138,118,6,485.06
425,139,139,3,91.56
426,139,39,4,476.81
427,140,91,1,225.76
428,140,145,2,114.09
429,141,114,2,305.09
430,142,106,3,220.62
431,142,176,5,343.94
432,143,147,3,256.0
433,143,78,4,419.93
434,143,53,5,268.01
435,143,150,3,7.91
436,143,132,1,87.94
437,144,103,4,201.91
438,144,5,2,417.28
439,145,1,5,97.41
440,145,124,5,310.57
441,146,142,-1,394.79
442,147,12,6,340.38
443,147,92,1,475.31
444,148,145,4,333.49
445,148,115,5,457.25
446,148,136,4,402.41
447,149,110,6,117.77
448,149,65,5,198.52
449,150,144,4,188.99
450,150,37,2,455.35
451,150,123,4,94.57
452,150,3,2,324.82
453,151,128,4,146.42
454,151,58,3,424.51
455,151,177,1,145.87
456,152,158,4,94.86
457,152,121,6,485.05
458,153,138,6,175.21
459,153,142,2,154.72
460,153,81,1,165.86
461,154,15,1,319.46
462,155,115,3,383.05
463,155,37,5,427.03
464,155,119,5,403.47
465,156,53,2,268.55
466,156,56,1,122.1
467,156,47,1,254.5
468,157,18,2,
469,157,112,6,93.23
470,157,84,2,365.28
471,157,132,5,56.37
472,157,75,4,368.4
473,158,102,1,114.57
474,158,148,4,216.72
475,159,148,1,58.75
476,159,123,1,119.27
477,159,42,1,206.57
478,159,44,4,469.13
479,159,118,4,455.69
480,160,85,5,261.39
481,160,14,1,293.15
482,160,19,3,96.2
483,160,21,3,265.97
484,161,26,2,380.99
485,161,134,2,320.18
486,161,112,1,290.33
487,162,21,3,
488,162,147,2,224.31
489,162,38,4,293.84
490,162,23,6,253.78
491,162,119,1,335.46
492,163,32,2,42.67
493,164,147,3,433.47
494,164,110,1,166.06
495,165,32,3,70.41
496,165,103,3,398.15
497,165,103,4,346.03
498,165,146,3,310.48
499,165,140,4,317.54
500,166,86,4,245.21
501,167,26,2,340.38
502,168,62,2,428.06
503,168,97,3,149.61
504,168,66,6,41.04
505,168,119,3,104.75
506,168,77,3,188.53
507,169,166,0,244.84
508,169,131,3,339.19
509,169,149,3,463.5
510,169,12,4,378.82
511,169,1,2,382.48
512,170,70,3,354.34
513,170,138,4,247.01
514,170,6,4,480.05
515,170,99,3,383.54
516,171,129,1,105.16
517,171,92,2,109.58
518,172,65,0,312.48
519,173,132,4,95.59
520,173,68,1,36.71
521,174,22,6,226.75
522,174,72,1,248.89
523,175,145,3,391.05
524,176,124,3,318.24
525,177,174,6,78.06
526,177,148,2,41.83
527,177,37,1,445.37
528,177,108,5,28.65
529,177,111,4,239.02
530,178,15,2,18.8
531,178,101,4,37.83
532,179,150,3,303.64
533,179,63,5,15.92
534,179,23,1,88.32
535,179,98,6,442.65
536,179,48,3,461.26
537,180,127,2,496.43
538,181,66,4,489.25
539,3022,76,2,74.68
540,181,47,5,43.89
541,181,5,3,224.7
542,182,6,2,313.88
543,182,34,1,302.53
544,182,35,3,181.47
545,182,10,1,57.89
546,183,44,5,496.7
547,184,106,5,439.77
548,184,33,4,454.2
549,184,117,5,220.85
550,184,145,1,311.0
551,184,77,4,363.87
552,185,101,6,417.3
553,185,72,5,226.18
554,186,58,5,139.34
555,187,44,2,364.25
556,188,92,1,
557,189,133,3,497.05
558,189,167,5,285.36
559,189,104,1,428.37
560,189,39,2,103.17
561,189,137,5,370.79
562,190,87,1,433.7
563,190,67,1,460.92
564,190,132,2,62.01
565,190,115,1,45.33
566,190,95,3,380.34
567,191,49,-1,104.12
568,192,8,4,304.78
569,192,70,4,358.91
570,192,69,0,354.05
571,192,130,2,258.13
572,193,39,4,266.85
573,194,84,4,456.63
574,194,80,2,
575,194,25,5,277.18
576,195,18,6,
577,195,102,1,302.0
578,195,153,2,262.62
579,195,45,2,495.13
580,196,179,3,
581,197,84,6,377.7
582,197,79,2,211.22
583,197,99,1,46.79
584,197,53,3,77.0
585,198,22,4,84.1
586,198,33,6,198.94
587,198,108,4,466.15
588,198,34,1,311.84
589,199,114,3,148.85
590,199,41,6,10.48
591,199,131,5,152.76
592,199,70,3,363.85
593,199,141,1,170.13
594,200,92,3,88.52
595,200,71,6,383.91
596,3043,127,5,267.0
597,200,110,2,294.62
598,200,129,6,259.86
599,201,104,1,51.87
600,202,42,3,329.29
601,203,64,1,28.33
602,203,158,4,357.62
603,204,15,1,103.22
604,205,13,3,9.56
605,205,30,6,52.15
606,205,143,6,316.28
607,205,91,5,495.34
608,205,149,6,263.37
609,206,20,4,170.84
610,207,43,6,223.49
611,207,120,1,235.57
612,207,8,5,308.94
613,207,52,5,193.95
614,208,51,2,439.52
615,208,2,3,337.85
616,208,91,5,87.35
617,208,50,2,199.44
618,208,32,1,194.07
619,209,117,6,196.3
620,209,17,6,290.3
621,209,37,1,419.85
622,210,180,1,183.9
623,210,134,2,108.31
624,210,138,5,272.29
625,210,180,1,301.54
626,211,59,1,38.42
627,211,141,6,357.32
628,211,85,5,
629,212,128,2,410.67
630,212,32,2,162.51
631,212,36,1,454.08
632,213,96,4,172.66
633,213,12,5,115.86
634,214,112,3,213.16
635,214,92,1,104.18
636,214,93,3,241.9
637,215,16,4,489.41
638,215,114,1,253.12
639,215,47,2,168.17
640,215,136,2,95.41
641,216,115,3,224.32
642,217,123,6,171.11
643,217,103,6,303.06
644,218,122,4,347.96
645,218,134,5,90.65
646,218,61,3,344.59
647,218,38,5,44.65
648,218,116,3,159.19
649,219,116,4,441.27
650,219,66,1,431.74
651,219,67,2,430.58
652,219,53,6,472.02
653,220,119,6,214.69
654,221,43,3,441.87
655,221,142,5,189.27
656,221,169,2,449.55
657,221,146,1,489.71
658,222,127,1,15.56
659,222,5,1,99.43
660,222,88,1,101.55
661,223,65,4,426.85
662,223,145,4,123.11
663,224,9,3,80.67
664,224,141,6,369.87
665,224,41,4,431.01
666,224,100,6,487.55
667,224,33,6,199.38
668,225,142,3,295.29
669,3048,174,1,274.43
670,226,94,1,274.18
671,226,145,2,85.45
672,226,77,2,141.91
673,3011,150,2,98.64
674,227,92,2,453.22
675,227,16,6,170.81
676,228,58,5,278.53
677,229,50,2,83.61
678,229,42,-3,16.25
679,230,32,3,47.96
680,230,86,4,437.66
681,231,31,4,40.4
682,232,41,1,298.86
683,232,145,4,493.03
684,232,102,6,242.36
685,233,71,2,255.82
686,233,27,2,445.51
687,233,169,5,371.69
688,233,36,2,55.63
689,234,154,3,386.63
690,234,77,1,222.48
691,234,36,5,189.06
692,235,24,2,129.42
693,235,139,5,
694,236,127,4,415.27
695,236,61,5,280.42
696,236,15,4,333.76
697,236,134,5,181.56
698,237,44,3,356.17
699,237,167,3,65.29
700,237,79,6,369.35
701,237,44,2,177.13
702,237,91,6,204.65
703,3011,45,2,128.22
704,3001,42,3,286.16
705,238,107,6,69.79
706,238,88,1,182.57
707,239,158,5,369.45
708,239,95,5,69.83
709,239,23,2,5.88
710,240,37,6,201.79
711,240,108,1,219.66
712,240,135,-3,164.81
713,240,109,4,429.12
714,240,51,-3,131.71
715,241,36,6,176.44
716,241,51,4,447.7
717,241,108,1,347.2
718,242,12,4,238.27
719,242,141,1,248.72
720,243,47,2,111.94
721,243,20,2,174.64
722,243,129,5,286.43
723,244,138,2,381.25
724,244,72,2,218.64
725,244,4,1,115.89
726,245,124,3,197.23
727,245,5,1,112.53
728,245,110,4,318.64
729,246,130,5,108.5
730,246,22,4,481.62
731,246,107,2,195.69
732,246,18,3,46.3
733,247,147,1,239.26
734,247,167,3,349.66
735,247,158,3,441.5
736,247,59,4,214.13
737,247,102,4,14.06
738,248,141,2,212.05
739,249,72,-3,227.7
740,249,56,3,404.74
741,249,53,2,407.16
742,249,129,4,422.39
743,249,6,6,71.61
744,250,68,5,350.98
745,251,8,2,33.41
746,251,148,6,10.37
747,251,149,5,42.81
748,251,41,5,352.11
749,252,119,6,6.02
750,252,68,5,18.01
751,253,23,2,153.34
752,253,5,3,306.42
753,254,46,3,
754,254,136,3,456.49
755,254,63,6,436.17
756,254,120,1,252.49
757,255,70,6,441.87
758,255,14,6,441.59
759,255,37,6,166.3
760,255,12,1,488.73
761,256,13,5,18.63
762,256,17,4,85.31
763,3010,76,5,473.42
764,256,133,5,475.85
765,257,23,-3,343.66
766,257,99,2,204.85
767,257,136,1,62.66
768,258,108,3,111.52
769,258,48,3,341.19
770,259,174,3,465.43
771,260,56,1,469.58
772,260,94,2,135.33
773,260,16,4,226.08
774,261,97,6,177.91
775,261,66,1,408.13
776,262,5,4,138.17
777,262,38,6,499.04
778,262,103,2,117.72
779,263,136,5,188.3
780,263,45,1,95.44
781,263,106,-1,200.88
782,263,146,2,174.34
783,264,40,6,475.82
784,264,142,4,233.6
785,264,96,0,125.79
786,264,65,2,102.47
787,264,22,2,17.58
788,265,120,2,363.02
789,266,59,3,283.32
790,266,53,5,78.7
791,266,34,5,323.28
792,267,35,1,484.9
793,267,47,2,466.45
794,268,67,5,457.94
795,269,9,3,
796,269,94,1,206.02
797,269,147,4,382.95
798,269,75,1,398.32
799,269,42,1,242.63
800,270,4,4,322.25
801,271,16,1,381.61
802,271,86,6,300.02
803,271,124,4,151.24
804,272,71,3,3.04
805,272,114,5,66.95
806,272,2,4,40.88
807,273,9,6,391.28
808,273,62,2,297.77
809,273,50,1,39.47
810,273,89,6,369.09
811,274,67,5,184.78
812,274,102,4,4.34
813,3049,4,3,61.26
814,274,64,6,91.57
815,275,98,2,369.99
816,275,140,6,315.29
817,276,137,2,81.25
818,276,98,4,105.7
819,276,107,1,303.64
820,276,6,5,381.76
821,277,143,1,23.39
822,277,24,6,315.71
823,277,21,6,75.19
824,277,86,5,26.38
825,277,48,1,203.43
826,278,158,5,340.03
827,278,94,3,350.02
828,279,51,1,373.71
829,279,63,4,244.5
830,280,47,6,
831,280,4,4,
832,280,143,1,195.97
833,280,14,1,121.64
834,281,136,1,216.18
835,281,157,5,61.78
836,282,8,2,133.36
837,282,118,5,299.94
838,283,101,5,216.9
839,283,90,4,331.81
840,284,36,3,481.43
841,284,85,1,11.1
842,284,100,3,143.85
843,284,85,4,86.43
844,284,32,4,350.61
845,285,27,2,213.26
846,285,40,0,178.6
847,285,162,2,36.72
848,285,24,1,29.82
849,286,34,3,124.91
850,286,68,4,366.77
851,286,82,4,161.7
852,287,135,5,482.32
853,288,149,3,64.16
854,288,127,6,199.81
855,288,120,2,496.93
856,288,23,2,403.44
857,289,93,2,425.6
858,290,55,2,499.15
859,290,48,2,382.25
860,290,118,5,131.37
861,290,41,5,326.9
862,291,6,3,3.07
863,291,45,3,480.88
864,292,135,-3,243.19
865,292,85,6,448.66
866,292,83,6,37.51
867,292,177,4,492.39
868,292,111,6,457.06
869,293,53,4,254.6
870,293,103,6,462.98
871,294,14,1,158.66
872,294,35,1,21.68
873,294,14,4,338.67
874,295,130,4,187.51
875,295,111,1,124.82
876,295,92,4,398.35
877,296,147,3,323.91
878,296,56,6,340.66
879,296,72,5,131.07
880,297,81,1,299.82
881,298,112,2,113.55
882,298,26,2,294.1
883,298,20,1,146.29
884,298,153,2,220.16
885,299,36,5,352.49
886,299,45,6,200.65
887,300,17,5,454.77
888,300,140,1,274.69
889,300,134,6,366.45
890,300,95,4,288.75
891,301,172,3,344.29
892,301,100,6,485.62
893,301,114,4,28.2
894,302,107,4,52.18
895,302,116,4,167.28
896,303,83,3,177.98
897,303,121,-1,263.32
898,303,107,2,31.57
899,303,66,2,130.57
900,304,121,1,424.47
901,304,137,1,118.99
902,304,11,0,205.88
903,304,69,2,207.37
904,304,86,5,268.73
905,305,18,6,293.19
906,305,122,5,70.06
907,305,143,2,305.87
908,306,119,4,247.6
909,3022,147,6,113.72
910,308,141,6,3.54
911,308,38,1,484.82
912,308,36,3,435.89
913,308,40,1,221.69
914,308,112,5,474.46
915,309,69,6,
916,309,34,3,261.44
917,309,71,4,324.41
918,309,110,6,275.67
919,310,118,4,259.63
920,310,50,4,422.18
921,311,96,5,399.72
922,312,76,4,411.39
923,312,141,1,464.14
924,313,57,1,252.79
925,313,44,6,31.14
926,314,81,6,319.97
927,314,72,4,352.52
928,314,108,3,263.84
929,314,140,6,227.86
930,315,150,4,280.24
931,315,100,5,134.0
932,315,155,1,201.1
933,316,47,6,302.51
934,317,141,5,464.41
935,3026,26,2,16.2
936,318,100,5,61.86
937,318,124,5,195.65
938,318,71,5,425.22
939,319,12,3,246.94
940,319,133,2,97.93
941,319,125,6,87.89
942,319,56,3,24.23
943,320,92,1,310.08
944,321,71,3,157.66
945,321,27,3,444.22
946,321,27,2,397.26
947,321,138,1,375.78
948,321,20,5,439.54
949,322,37,3,314.9
950,323,106,5,15.3
951,323,109,4,407.76
952,323,35,4,250.81
953,324,150,3,458.75
954,324,38,2,198.57
955,324,10,1,186.04
956,325,59,3,427.7
957,325,89,3,292.79
958,326,54,4,355.38
959,326,89,5,143.87
960,3011,69,5,
961,326,43,6,283.58
962,327,26,3,334.82
963,327,66,2,406.0
964,327,33,6,269.4
965,328,52,1,214.1
966,328,8,6,354.42
967,329,107,4,373.89
968,329,161,6,122.53
969,330,35,2,350.38
970,331,11,2,486.06
971,331,125,-1,432.53
972,331,78,4,149.0
973,331,90,3,454.26
974,331,97,1,125.43
975,332,146,3,322.49
976,333,150,6,343.6
977,333,24,1,463.87
978,333,141,2,169.26
979,334,70,6,276.02
980,334,138,1,378.25
981,335,71,6,188.77
982,335,51,1,349.25
983,335,120,3,69.6
984,336,83,4,219.42
985,336,136,5,52.65
986,336,63,2,164.31
987,336,111,4,54.63
988,336,141,4,308.72
989,337,78,4,205.05
990,337,37,5,124.46
991,337,68,6,203.91
992,337,48,4,488.47
993,338,84,2,371.23
994,339,104,1,40.47
995,340,5,4,127.17
996,340,33,2,18.66
997,341,34,2,190.76
998,341,12,1,130.24
999,341,26,6,93.22
1000,341,55,6,169.76
1001,341,86,3,201.66
1002,342,110,2,257.46
1003,342,14,5,126.02
1004,342,122,2,287.71
1005,342,121,3,387.88
1006,343,104,3,35.97
1007,343,41,2,256.92
1008,343,77,4,186.63
1009,343,95,4,474.64
1010,344,60,5,345.63
1011,344,148,3,79.59
1012,344,100,5,54.32
1013,345,108,6,465.82
1014,345,74,3,216.3
1015,345,26,5,284.06
1016,345,140,1,179.18
1017,346,26,5,348.24
1018,347,54,4,346.49
1019,347,25,5,242.54
1020,347,143,4,288.2
1021,347,74,2,151.03
1022,348,72,6,416.18
1023,348,76,4,408.52
1024,348,150,5,152.39
1025,349,130,1,57.59
1026,349,99,5,311.35
1027,349,106,5,166.33
1028,350,28,5,202.47
1029,350,70,1,43.41
1030,350,70,6,242.57
1031,350,71,1,413.29
1032,351,16,4,110.61
1033,352,24,1,290.44
1034,352,22,1,329.11
1035,352,10,5,210.36
1036,352,140,6,438.46
1037,352,37,2,447.97
1038,353,40,2,40.12
1039,353,25,5,460.63
1040,353,124,6,395.99
1041,354,150,1,153.82
1042,355,134,6,48.73
1043,355,77,4,40.32
1044,356,122,3,149.4
1045,356,62,1,319.66
1046,356,98,5,87.15
1047,356,73,1,43.95
1048,357,111,2,205.04
1049,357,43,2,249.93
1050,357,36,3,404.94
1051,357,139,5,264.28
1052,358,73,5,32.0
1053,358,88,3,458.76
1054,358,130,2,94.56
1055,358,40,2,182.73
1056,358,3,6,149.15
1057,359,177,4,477.99
1058,360,132,1,4.7
1059,361,139,6,486.08
1060,361,138,4,98.51
1061,361,42,2,92.95
1062,361,138,3,264.43
1063,362,77,3,363.97
1064,362,30,1,468.2
1065,362,81,4,84.87
1066,362,2,4,320.86
1067,362,126,1,233.79
1068,363,5,1,53.86
1069,363,85,1,436.18
1070,363,25,3,279.17
1071,363,33,2,256.44
1072,363,6,3,456.63
1073,364,119,1,51.38
1074,364,114,2,203.04
1075,365,142,3,392.77
1076,365,6,3,
1077,365,111,1,181.57
1078,366,153,6,167.79
1079,366,70,1,161.22
1080,366,58,5,295.11
1081,366,57,5,241.02
1082,366,102,3,419.17
1083,367,137,2,73.0
1084,368,2,3,355.59
1085,368,88,4,165.83
1086,3018,150,4,251.0
1087,368,43,1,382.16
1088,368,87,3,465.67
1089,369,36,2,13.07
1090,369,101,6,48.05
1091,369,41,2,46.25
1092,369,46,3,296.4
1093,369,54,1,493.14
1094,370,32,5,25.44
1095,370,155,1,336.7
1096,3042,55,2,245.15
1097,371,6,5,216.85
1098,372,97,6,247.64
1099,3050,165,5,406.51
1100,372,89,2,119.46
1101,373,120,5,144.58
1102,373,74,-3,61.78
1103,373,51,6,460.24
1104,373,110,6,32.03
1105,374,18,5,46.01
1106,374,141,6,361.52
1107,374,18,4,274.91
1108,374,123,2,70.34
1109,375,92,1,191.14
1110,375,132,2,44.64
1111,375,80,1,373.99
1112,375,63,5,349.35
1113,375,19,3,300.92
1114,376,54,4,269.08
1115,376,142,6,173.22
1116,376,54,2,51.89
1117,376,100,2,198.28
1118,377,95,2,496.73
1119,377,64,3,159.07
1120,378,67,5,214.65
1121,378,148,3,13.78
1122,378,2,5,285.04
1123,378,86,2,29.96
1124,379,107,2,118.01
1125,379,113,2,439.04
1126,379,148,4,329.4
1127,379,51,4,492.03
1128,380,74,4,233.43
1129,381,75,1,104.2
1130,381,24,5,473.58
1131,381,63,6,80.56
1132,381,70,6,245.65
1133,381,102,6,72.89
1134,382,110,1,71.74
1135,382,13,6,148.21
1136,382,65,5,496.45
1137,382,148,5,488.72
1138,382,22,-1,321.14
1139,383,162,4,358.45
1140,383,38,3,49.51
1141,383,13,1,449.76
1142,383,89,5,447.6
1143,384,56,6,320.54
1144,385,18,1,34.75
1145,385,88,2,97.89
1146,385,132,4,161.9
1147,386,4,4,160.93
1148,386,116,1,463.79
1149,386,27,5,280.7
1150,386,27,1,464.14
1151,386,109,5,413.82
1152,387,52,2,239.82
1153,387,8,5,97.23
1154,387,90,4,274.08
1155,387,64,5,256.06
1156,387,37,6,281.1
1157,388,109,4,106.38
1158,388,2,5,81.32
1159,388,99,5,113.32
1160,389,43,5,152.01
1161,390,120,1,283.46
1162,390,3,2,358.37
1163,390,122,6,60.63
1164,390,36,6,327.28
1165,390,180,1,26.88
1166,391,50,3,444.56
1167,391,124,6,492.77
1168,392,31,5,56.84
1169,392,90,4,205.14
1170,392,97,2,
1171,392,94,3,493.25
1172,393,118,6,419.38
1173,393,63,0,182.84
1174,394,13,3,321.35
1175,394,85,6,37.41
1176,394,167,1,176.28
1177,394,67,3,432.17
1178,395,74,6,247.52
1179,395,73,4,409.65
1180,395,130,6,143.96
1181,396,54,4,409.19
1182,397,37,5,429.58
1183,397,128,0,345.54
1184,397,6,6,154.18
1185,397,82,1,170.95
1186,397,30,6,31.34
1187,398,82,6,192.55
1188,398,52,1,31.26
1189,399,61,4,364.38
1190,399,137,2,491.25
1191,399,72,5,301.27
1192,399,59,3,317.78
1193,399,107,5,15.29
1194,400,110,3,433.01
1195,400,66,1,455.95
1196,401,10,6,108.41
1197,402,111,2,310.51
1198,402,143,1,72.55
1199,402,105,3,379.46
1200,402,110,1,240.92
1201,402,136,2,120.39
1202,403,7,6,388.64
1203,403,103,2,217.83
1204,403,173,6,322.86
1205,404,44,6,446.32
1206,404,119,5,161.04
1207,404,88,4,218.62
1208,405,177,2,186.57
1209,405,8,6,147.58
1210,405,100,5,287.11
1211,405,91,3,268.59
1212,406,135,1,182.45
1213,406,48,5,92.93
1214,406,126,4,314.35
1215,407,154,6,
1216,407,101,1,87.94
1217,407,89,2,425.94
1218,407,31,1,
1219,407,155,3,452.64
1220,408,147,2,396.92
1221,408,84,6,322.07
1222,408,95,6,249.53
1223,409,54,3,188.22
1224,409,72,4,487.67
1225,409,132,6,254.82
1226,409,59,3,472.52
1227,410,56,4,260.24
1228,410,118,5,462.38
1229,410,41,6,402.68
1230,410,65,6,299.74
1231,411,7,3,32.61
1232,411,45,4,
1233,411,72,5,284.87
1234,412,37,5,318.56
1235,412,2,1,71.44
1236,412,91,2,319.1
1237,412,48,1,173.68
1238,413,68,6,118.57
1239,413,85,6,52.98
1240,413,178,2,94.77
1241,413,142,6,94.04
1242,414,135,2,278.34
1243,415,21,4,399.7
1244,415,150,1,333.78
1245,415,92,6,228.52
1246,416,122,1,102.3
1247,416,36,6,239.39
1248,417,109,1,213.88
1249,417,131,6,82.41
1250,418,147,5,122.53
1251,418,87,4,470.69
1252,418,85,5,459.09
1253,418,108,6,473.98
1254,419,136,5,156.36
1255,419,75,1,305.08
1256,420,38,6,125.42
1257,421,114,2,34.77
1258,421,7,6,447.96
1259,421,77,5,457.93
1260,422,150,1,
1261,422,150,6,303.66
1262,423,17,2,256.09
1263,423,22,6,116.61
1264,423,141,5,394.06
1265,424,124,1,283.75
1266,424,114,3,371.02
1267,3050,51,3,8.15
1268,424,97,5,248.7
1269,425,89,2,252.99
1270,425,61,1,303.48
1271,425,105,4,150.91
1272,426,62,5,25.19
1273,426,34,1,375.92
1274,427,16,3,4.45
1275,427,44,2,386.16
1276,427,20,6,63.41
1277,427,107,2,339.34
1278,428,63,-3,256.61
1279,428,110,1,178.73
1280,428,26,4,230.01
1281,428,94,1,336.63
1282,429,56,5,383.08
1283,429,21,6,131.99
1284,430,102,4,301.22
1285,430,61,6,60.82
1286,431,37,2,202.19
1287,431,98,4,470.16
1288,431,118,5,263.8
1289,431,12,2,328.67
1290,432,18,4,90.43
1291,432,1,6,403.35
1292,432,77,6,95.23
1293,432,102,6,443.93
1294,433,100,5,195.59
1295,433,6,5,
1296,433,57,5,116.24
1297,434,89,2,75.05
1298,435,30,2,31.65
1299,435,17,3,372.18
1300,435,21,2,80.97
1301,435,6,1,292.94
1302,435,14,4,225.76
1303,436,65,4,292.07
1304,436,81,2,64.75
1305,436,86,3,50.18
1306,436,3,4,400.99
1307,436,81,2,205.74
1308,437,94,4,373.19
1309,437,79,2,281.6
1310,437,55,6,325.19
1311,437,136,2,59.57
1312,438,20,4,398.29
1313,438,57,6,460.7
1314,438,121,5,290.46
1315,438,15,6,180.56
1316,439,129,6,483.94
1317,439,141,1,425.75
1318,439,40,3,446.31
1319,440,48,1,421.99
1320,441,108,1,495.75
1321,441,10,5,287.01
1322,441,54,5,119.18
1323,441,14,1,401.09
1324,442,12,4,155.01
1325,442,119,3,18.96
1326,442,46,4,388.87
1327,443,108,1,105.48
1328,444,173,2,329.46
1329,444,47,6,87.86
1330,444,135,6,405.26
1331,444,48,4,451.19
1332,445,75,3,277.72
1333,445,8,3,418.88
1334,445,79,3,469.18
1335,446,17,4,7.01
1336,446,80,2,311.16
1337,446,10,6,419.87
1338,446,15,2,40.82
1339,447,52,3,93.08
1340,448,45,4,218.09
1341,449,45,5,118.16
1342,449,24,6,391.87
1343,449,60,3,327.89
1344,449,97,2,96.35
1345,449,77,5,476.28
1346,450,135,5,21.53
1347,451,45,6,193.71
1348,451,85,4,171.99
1349,451,89,5,468.17
1350,452,70,4,433.22
1351,452,109,2,50.77
1352,452,12,1,
1353,452,88,5,229.3
1354,452,103,5,216.56
1355,453,173,1,427.12
1356,453,111,1,311.75
1357,453,56,3,475.69
1358,454,101,3,
1359,454,139,4,344.05
1360,454,67,6,104.59
1361,455,112,-1,164.13
1362,455,105,6,474.35
1363,455,35,6,450.92
1364,456,138,3,64.81
1365,456,85,6,270.84
1366,456,110,4,152.52
1367,456,106,2,145.9
1368,457,14,2,
1369,457,6,2,290.32
1370,457,160,6,430.25
1371,457,126,5,239.0
1372,457,107,2,110.17
1373,458,67,5,370.16
1374,458,19,2,187.28
1375,458,13,2,443.3
1376,458,119,4,208.5
1377,458,101,3,256.19
1378,459,126,3,483.2
1379,459,74,3,357.29
1380,459,49,4,439.45
1381,459,62,4,
1382,459,6,4,179.28
1383,460,77,3,383.97
1384,460,15,6,286.77
1385,461,96,6,123.36
1386,461,63,3,213.07
1387,461,52,2,216.63
1388,461,4,1,17.36
1389,462,16,3,377.47
1390,463,129,6,159.24
1391,464,129,4,140.51
1392,464,79,4,256.83
1393,464,125,3,367.34
1394,465,141,6,370.97
1395,465,88,5,264.8
1396,465,43,6,365.81
1397,465,109,1,419.57
1398,466,45,1,179.21
1399,466,100,3,227.18
1400,466,24,6,171.77
1401,3048,78,1,304.04
1402,467,58,4,419.64
1403,467,105,4,50.47
1404,468,20,-1,258.52
1405,468,108,5,176.58
1406,468,138,2,246.01
1407,469,15,5,443.44
1408,469,44,5,167.16
1409,469,29,3,91.37
1410,469,25,3,477.43
1411,469,11,2,35.32
1412,470,33,2,81.02
1413,470,148,2,423.95
1414,470,27,5,237.67
1415,471,76,1,44.67
1416,472,14,3,97.34
1417,472,116,1,52.6
1418,473,93,3,158.49
1419,473,111,3,443.51
1420,473,48,1,469.56
1421,473,88,4,43.77
1422,474,6,1,374.86
1423,475,179,6,319.31
1424,475,32,2,253.22
1425,475,128,6,326.24
1426,475,98,1,316.82
1427,475,23,1,117.51
1428,476,127,2,229.56
1429,476,8,6,456.7
1430,476,127,3,279.58
1431,477,23,2,406.27
1432,477,6,2,474.02
1433,3023,12,1,467.85
1434,478,123,4,304.67
1435,478,6,1,486.11
1436,478,101,3,49.6
1437,479,111,2,247.59
1438,479,98,6,488.39
1439,479,53,1,66.6
1440,480,23,6,
1441,3033,71,4,42.58
1442,481,5,1,365.95
1443,481,83,5,359.97
1444,481,32,5,478.65
1445,481,144,3,478.78
1446,482,145,2,365.89
1447,483,131,4,265.77
1448,483,85,6,445.79
1449,3049,137,2,84.88
1450,484,135,2,23.74
1451,485,138,6,212.94
1452,485,163,3,277.18
1453,485,72,5,75.84
1454,485,21,3,342.79
1455,486,129,4,355.14
1456,486,17,3,194.73
1457,487,114,1,327.0
1458,487,109,2,204.91
1459,487,92,4,58.46
1460,487,110,0,284.17
1461,488,16,4,419.05
1462,488,148,6,461.22
1463,489,56,6,241.36
1464,489,134,4,27.51
1465,3022,130,0,100.68
1466,489,57,2,440.93
1467,489,125,3,138.47
1468,490,40,1,220.4
1469,490,104,2,26.89
1470,490,77,1,346.36
1471,490,90,6,342.35
1472,490,11,1,474.78
1473,491,143,1,228.63
1474,491,23,4,132.13
1475,492,132,6,224.57
1476,492,124,1,447.17
1477,492,130,4,37.06
1478,492,77,3,85.11
1479,493,139,6,260.12
1480,493,122,4,191.48
1481,493,161,3,133.87
1482,494,57,4,329.65
1483,494,145,2,415.54
1484,494,14,6,432.97
1485,495,120,1,57.57
1486,495,119,2,308.44
1487,495,68,4,178.14
1488,495,87,1,137.37
1489,496,25,3,188.92
1490,3050,39,2,483.47
1491,496,150,3,300.11
1492,497,26,4,394.35
1493,497,68,1,207.04
1494,497,78,0,128.06
1495,497,114,1,489.6
1496,497,63,1,357.68
1497,498,56,3,383.99
1498,498,49,4,41.68
1499,498,11,4,470.24
1500,498,70,4,351.26
1501,498,81,4,80.58
1502,499,141,5,202.7
1503,499,110,2,337.88
1504,500,12,4,268.39
1505,500,55,3,377.38
1506,500,49,4,157.01
1507,500,59,6,158.88
1508,501,114,1,136.21
1509,501,3,4,116.48
1510,501,94,2,15.52
1511,501,47,6,448.77
1512,502,18,5,262.98
1513,502,23,6,100.47
1514,502,43,2,44.06
1515,503,146,2,405.58
1516,503,82,3,138.61
1517,503,47,3,462.49
1518,503,137,6,109.27
1519,503,5,2,277.65
1520,504,56,6,152.55
1521,504,72,1,336.37
1522,504,67,2,163.85
1523,3031,29,2,
1524,504,102,4,25.97
1525,505,112,5,234.12
1526,505,1,6,419.65
1527,505,25,1,263.21
1528,505,77,4,113.52
1529,506,100,6,202.1
1530,506,28,1,163.48
1531,507,6,3,285.86
1532,507,125,2,170.14
1533,507,116,1,369.48
1534,507,49,5,197.46
1535,507,45,3,36.29
1536,508,88,4,72.88
1537,508,7,5,396.96
1538,509,60,3,378.73
1539,509,162,4,402.31
1540,509,87,4,386.43
1541,509,42,3,404.48
1542,509,63,5,258.07
1543,510,158,3,431.57
1544,510,127,4,98.55
1545,510,15,3,129.06
1546,510,85,4,405.15
1547,510,83,4,131.66
1548,511,118,6,33.14
1549,511,84,6,465.82
1550,511,60,6,380.87
1551,511,68,4,362.11
1552,512,68,3,3.16
1553,512,12,6,221.08
1554,512,139,3,428.65
1555,512,14,5,181.86
1556,513,106,1,243.61
1557,513,79,3,372.36
1558,513,132,4,195.54
1559,513,87,6,
1560,514,136,6,421.9
1561,514,47,6,205.64
1562,514,105,4,384.46
1563,514,117,3,379.16
1564,515,37,4,94.32
1565,515,114,1,220.59
1566,515,34,4,331.36
1567,515,43,2,343.15
1568,516,56,2,191.41
1569,516,8,4,487.23
1570,517,103,6,172.49
1571,518,79,5,242.75
1572,518,98,3,443.23
1573,519,88,1,316.98
1574,519,3,3,157.58
1575,519,83,4,496.7
1576,519,8,4,319.86
1577,520,11,5,86.89
1578,520,124,1,359.39
1579,521,54,5,271.35
1580,521,124,5,413.7
1581,521,41,5,206.12
1582,521,148,3,7.15
1583,522,151,1,351.69
1584,522,87,2,76.13
1585,522,1,4,185.19
1586,522,136,2,349.0
1587,522,104,4,370.64
1588,523,147,3,28.25
1589,523,124,3,272.8
1590,523,4,3,248.23
1591,523,56,6,214.84
1592,524,115,2,202.46
1593,524,137,6,
1594,524,28,4,423.97
1595,525,34,5,62.22
1596,3018,91,2,484.86
1597,525,148,2,293.99
1598,525,27,6,457.5
1599,3030,55,6,143.36
1600,526,118,1,481.7
1601,526,120,5,194.58
1602,526,140,1,327.61
1603,527,116,6,395.33
1604,527,67,6,315.94
1605,527,119,2,433.9
1606,527,104,3,260.71
1607,528,147,2,
1608,528,76,4,314.36
1609,529,17,3,240.51
1610,530,98,6,65.57
1611,530,9,5,298.93
1612,530,16,6,234.98
1613,530,118,2,455.99
1614,531,108,1,318.16
1615,531,58,3,492.57
1616,531,42,5,417.53
1617,532,107,6,239.9
1618,532,64,1,85.58
1619,532,78,2,8.27
1620,533,5,6,30.63
1621,533,18,6,75.39
1622,533,84,6,358.06
1623,533,32,4,362.89
1624,533,114,3,114.64
1625,534,103,3,108.37
1626,534,47,6,258.15
1627,534,117,5,
1628,534,71,6,340.57
1629,534,109,2,379.8
1630,535,138,6,81.17
1631,535,83,4,126.52
1632,535,8,1,180.18
1633,535,69,6,78.49
1634,535,77,4,42.11
1635,536,23,2,406.89
1636,536,20,2,367.18
1637,536,90,2,157.1
1638,537,121,6,378.96
1639,538,111,2,317.01
1640,538,176,4,207.03
1641,538,138,6,
1642,538,118,1,146.71
1643,539,129,6,299.04
1644,539,49,6,14.92
1645,539,10,1,383.35
1646,539,13,5,416.04
1647,540,54,4,194.78
1648,540,105,4,367.73
1649,540,91,5,177.21
1650,540,86,5,82.68
1651,540,4,2,
1652,541,29,3,317.24
1653,541,167,2,
1654,541,13,5,442.5
1655,541,146,6,488.54
1656,541,119,3,133.93
1657,542,132,4,434.59
1658,542,26,3,25.58
1659,542,103,3,376.0
1660,542,113,0,69.95
1661,542,110,2,236.45
1662,543,52,4,242.07
1663,544,28,5,79.39
1664,544,15,3,147.17
1665,544,88,1,372.95
1666,544,141,5,202.53
1667,545,35,1,9.56
1668,545,64,6,17.86
1669,545,41,5,493.0
1670,545,72,5,322.98
1671,546,40,4,181.54
1672,3009,41,2,165.67
1673,546,64,2,145.62
1674,546,116,1,42.17
1675,547,68,5,85.5
1676,548,87,4,355.69
1677,549,149,5,386.35
1678,549,150,2,165.21
1679,550,73,0,400.22
1680,550,65,4,38.04
1681,550,20,1,39.62
1682,550,137,2,192.18
1683,550,68,5,335.76
1684,551,68,1,285.23
1685,552,33,4,339.24
1686,552,125,5,108.07
1687,552,68,1,37.67
1688,552,144,-1,461.05
1689,552,81,4,335.25
1690,553,93,5,396.82
1691,553,117,6,231.01
1692,553,27,3,196.69
1693,553,40,6,301.02
1694,553,157,4,310.26
1695,554,158,2,354.89
1696,554,74,6,
1697,554,58,4,470.33
1698,554,90,4,343.67
1699,554,137,6,205.28
1700,555,10,3,142.61
1701,555,119,5,318.88
1702,555,70,5,9.02
1703,555,152,4,4.95
1704,556,124,3,405.05
1705,556,114,1,39.72
1706,557,14,3,87.6
1707,557,23,3,297.18
1708,557,60,5,283.63
1709,557,88,2,492.86
1710,558,60,1,379.29
1711,558,150,4,490.03
1712,559,123,4,497.24
1713,560,110,2,249.17
1714,560,51,5,423.36
1715,560,63,2,330.45
1716,561,67,2,102.78
1717,562,100,1,184.55
1718,562,59,4,61.87
1719,562,173,5,96.43
1720,3019,101,2,268.95
1721,562,84,1,117.7
1722,563,122,1,492.83
1723,563,39,2,426.57
1724,564,100,1,42.86
1725,564,15,3,209.39
1726,565,67,6,258.59
1727,565,172,6,72.55
1728,565,78,4,313.37
1729,565,144,4,337.91
1730,565,68,4,472.14
1731,566,93,6,304.14
1732,566,136,2,109.02
1733,566,102,1,34.38
1734,566,58,2,133.11
1735,567,62,2,313.96
1736,567,119,1,76.23
1737,567,147,6,173.61
1738,567,103,1,444.37
1739,567,146,2,158.57
1740,568,67,5,480.83
1741,568,110,6,255.13
1742,568,20,2,
1743,569,83,4,168.97
1744,570,100,2,266.73
1745,571,148,-3,135.42
1746,571,44,2,483.41
1747,571,38,5,
1748,572,146,4,361.58
1749,572,51,3,426.8
1750,572,145,2,227.37
1751,573,56,-3,265.27
1752,573,119,1,184.29
1753,573,42,1,272.89
1754,573,9,5,290.28
1755,574,36,2,419.76
1756,574,121,5,44.36
1757,574,110,3,
1758,574,17,1,71.45
1759,574,18,6,307.7
1760,575,84,5,165.64
1761,575,162,1,60.07
1762,3027,66,2,88.94
1763,575,3,2,163.15
1764,576,1,2,342.35
1765,576,51,3,288.43
1766,577,144,5,209.52
1767,577,110,5,
1768,578,66,3,12.37
1769,579,172,5,395.02
1770,579,85,1,151.76
1771,579,44,5,50.66
1772,579,5,4,489.18
1773,579,50,2,188.12
1774,580,142,3,275.48
1775,580,78,3,477.46
1776,581,45,6,101.64
1777,581,23,3,409.08
1778,581,47,6,270.54
1779,581,114,0,12.88
1780,582,175,5,418.87
1781,582,80,2,495.85
1782,582,85,3,184.14
1783,582,91,4,249.47
1784,582,28,4,399.35
1785,583,120,2,127.31
1786,583,23,1,489.52
1787,583,147,1,57.19
1788,584,47,2,355.53
1789,584,2,2,218.01
1790,585,148,5,115.96
1791,585,72,1,374.61
1792,585,123,5,55.25
1793,585,101,2,339.35
1794,585,91,2,367.74
1795,586,132,6,387.17
1796,3001,148,6,356.75
1797,586,121,5,292.45
1798,586,77,3,450.63
1799,586,80,1,292.02
1800,587,99,3,118.43
1801,587,146,4,400.77
1802,588,54,5,314.46
1803,588,14,5,287.43
1804,588,81,2,249.95
1805,588,142,4,498.01
1806,588,10,6,498.05
1807,589,120,1,343.98
1808,589,7,1,268.7
1809,589,49,6,143.41
1810,589,149,3,278.5
1811,590,58,2,342.64
1812,590,118,6,167.51
1813,591,68,1,484.38
1814,591,20,5,19.59
1815,592,89,1,76.95
1816,592,65,4,134.94
1817,592,71,4,82.58
1818,593,24,2,367.01
1819,593,174,4,79.45
1820,593,139,6,16.13
1821,593,143,2,468.59
1822,593,88,1,205.72
1823,594,128,5,337.07
1824,594,36,2,301.5
1825,594,156,6,124.37
1826,594,37,4,282.71
1827,595,16,3,339.24
1828,595,10,4,361.49
1829,596,10,5,128.67
1830,596,122,1,364.87
1831,597,60,6,39.07
1832,597,97,5,4.21
1833,598,41,4,30.66
1834,599,60,4,93.37
1835,599,144,6,444.9
1836,599,38,2,347.41
1837,599,7,2,289.73
1838,599,107,3,164.05
1839,600,4,4,411.49
1840,600,68,6,458.66
1841,600,119,5,127.55
1842,600,151,6,138.47
1843,601,112,5,304.51
1844,602,40,1,70.76
1845,602,103,1,378.68
1846,602,1,4,259.43
1847,603,139,2,420.15
1848,603,121,5,319.08
1849,603,49,2,498.36
1850,3037,61,6,44.35
1851,3045,22,5,279.41
1852,604,31,6,362.79
1853,604,27,1,325.49
1854,604,74,2,487.6
1855,604,98,2,148.95
1856,605,24,5,28.47
1857,606,143,1,8.87
1858,606,74,2,465.35
1859,606,45,1,88.56
1860,606,122,4,328.01
1861,607,109,6,374.84
1862,607,89,6,308.92
1863,608,15,4,176.56
1864,608,11,6,49.18
1865,609,59,4,199.55
1866,3034,115,1,450.55
1867,609,82,1,230.53
1868,609,93,5,259.56
1869,610,9,2,399.09
1870,610,12,4,167.36
1871,610,112,3,124.01
1872,610,28,1,481.51
1873,610,19,3,213.87
1874,611,57,1,413.9
1875,611,54,6,348.14
1876,611,175,1,76.45
1877,612,127,-1,150.36
1878,612,133,4,275.39
1879,612,17,3,342.5
1880,613,79,3,126.21
1881,613,141,6,397.82
1882,613,21,4,26.57
1883,613,47,4,253.21
1884,614,135,4,141.55
1885,614,76,2,60.43
1886,614,149,2,
1887,614,112,4,495.55
1888,614,65,2,16.53
1889,615,74,4,212.7
1890,615,31,1,206.57
1891,615,34,2,33.86
1892,615,108,3,433.6
1893,615,9,2,462.13
1894,616,46,6,454.49
1895,616,42,4,178.02
1896,616,27,1,350.17
1897,616,143,5,26.6
1898,617,89,5,202.47
1899,617,76,1,427.69
1900,617,36,2,263.09
1901,618,81,5,295.9
1902,619,45,2,420.83
1903,619,10,1,335.91
1904,619,139,4,367.59
1905,620,5,4,262.91
1906,620,114,6,196.43
1907,621,48,5,
1908,621,2,4,115.57
1909,621,2,6,412.47
1910,622,123,4,477.16
1911,622,116,6,30.8
1912,622,92,4,470.93
1913,623,44,4,14.25
1914,623,11,2,170.86
1915,624,149,4,148.71
1916,624,143,1,293.14
1917,625,118,4,493.29
1918,625,77,3,463.93
1919,625,128,2,91.62
1920,625,42,5,268.73
1921,626,109,2,133.1
1922,627,41,1,14.94
1923,627,16,6,430.15
1924,627,31,5,433.97
1925,628,92,5,445.87
1926,628,10,1,184.89
1927,629,84,1,329.0
1928,629,118,3,184.81
1929,630,149,3,248.83
1930,630,95,1,164.13
1931,630,100,6,223.23
1932,630,74,5,174.45
1933,631,37,1,447.43
1934,631,129,1,158.73
1935,631,48,3,356.13
1936,632,11,6,316.45
1937,632,119,5,274.82
1938,633,62,1,369.7
1939,633,3,2,499.34
1940,633,6,1,359.13
1941,634,43,5,285.39
1942,634,123,3,400.84
1943,634,84,1,450.32
1944,635,53,6,488.76
1945,636,122,2,343.75
1946,636,119,4,248.3
1947,636,30,2,441.78
1948,637,11,5,281.56
1949,637,13,6,37.91
1950,638,41,5,289.13
1951,638,18,2,482.22
1952,638,25,2,217.23
1953,639,77,6,495.28
1954,640,141,1,444.26
1955,640,10,1,361.92
1956,641,70,3,216.64
1957,641,133,4,413.71
1958,642,92,6,115.37
1959,642,54,1,332.08
1960,643,24,6,385.28
1961,644,8,5,430.28
1962,644,162,5,203.09
1963,644,102,5,358.71
1964,3002,119,4,341.55
1965,645,127,1,27.13
1966,645,56,1,204.89
1967,645,76,6,264.49
1968,645,44,3,5.59
1969,645,135,3,419.72
1970,646,71,1,385.34
1971,646,7,3,85.05
1972,646,139,2,246.05
1973,647,38,-1,348.34
1974,647,133,4,138.91
1975,648,26,4,67.74
1976,648,86,2,241.95
1977,648,132,5,375.4
1978,649,113,1,356.54
1979,649,19,4,155.54
1980,649,97,5,201.64
1981,650,87,3,177.27
1982,650,129,4,129.98
1983,650,60,1,404.06
1984,651,81,3,179.02
1985,651,3,1,49.08
1986,651,36,2,484.43
1987,652,33,6,483.05
1988,652,54,5,185.72
1989,652,149,6,13.67
1990,653,147,6,182.27
1991,654,67,1,408.67
1992,654,49,4,19.86
1993,654,125,3,289.47
1994,654,47,3,307.69
1995,655,36,6,239.56
1996,655,112,3,
1997,655,18,4,155.1
1998,656,150,3,408.61
1999,656,42,6,244.75
2000,656,12,-3,483.08
2001,657,73,3,476.16
2002,657,70,5,143.08
2003,657,45,6,400.81
2004,657,39,5,108.99
2005,657,121,4,288.17
2006,658,36,3,319.7
2007,659,88,2,365.29
2008,660,10,5,140.96
2009,660,125,1,210.01
2010,660,66,6,484.01
2011,660,62,5,400.72
2012,661,55,6,274.67
2013,661,48,6,485.33
2014,661,127,1,281.57
2015,661,63,1,376.23
2016,662,141,2,287.16
2017,663,106,2,182.21
2018,663,56,6,231.31
2019,663,136,1,
2020,663,175,6,491.98
2021,664,134,5,376.65
2022,664,112,5,21.18
2023,664,9,5,253.79
2024,664,112,3,433.02
2025,665,89,4,337.58
2026,665,82,4,182.14
2027,665,131,1,294.23
2028,665,1,1,168.92
2029,666,112,4,488.42
2030,666,100,3,476.66
2031,667,3,6,499.55
2032,667,67,1,115.87
2033,668,39,4,185.94
2034,668,52,6,491.77
2035,669,103,4,106.81
2036,669,56,2,472.01
2037,670,60,2,90.83
2038,670,27,2,412.8
2039,670,173,5,328.53
2040,670,53,1,97.97
2041,670,32,5,258.78
2042,671,33,4,
2043,672,26,6,187.73
2044,672,123,5,271.56
2045,672,99,6,153.32
2046,672,95,6,113.56
2047,673,8,6,412.48
2048,673,110,3,133.75
2049,673,143,5,302.81
2050,674,56,1,14.36
2051,674,96,6,174.69
2052,674,8,1,218.9
2053,674,104,1,230.5
2054,674,121,3,289.77
2055,675,150,5,366.16
2056,675,80,4,78.89
2057,675,103,6,105.33
2058,675,66,5,102.93
2059,675,74,4,327.5
2060,676,126,1,
2061,676,120,4,113.06
2062,676,100,4,353.13
2063,676,53,5,283.45
2064,676,154,5,302.79
2065,677,6,2,373.7
2066,677,115,5,315.09
2067,677,92,6,48.41
2068,677,6,4,209.17
2069,678,144,3,246.95
2070,678,112,3,248.4
2071,678,60,5,372.87
2072,679,34,5,167.88
2073,679,23,4,447.28
2074,679,136,5,488.4
2075,680,12,4,310.63
2076,680,83,2,430.71
2077,680,100,5,85.2
2078,681,92,4,90.87
2079,681,92,2,34.56
2080,682,80,3,3.34
2081,682,55,3,231.4
2082,682,21,2,406.81
2083,683,104,3,206.16
2084,683,18,6,394.55
2085,683,57,3,273.27
2086,683,1,2,
2087,683,43,4,260.77
2088,684,18,3,428.51
2089,685,144,6,404.78
2090,685,149,4,362.84
2091,685,31,6,405.85
2092,3001,137,5,331.15
2093,686,80,2,104.39
2094,686,143,-3,53.4
2095,686,57,2,99.77
2096,687,11,3,28.92
2097,687,19,4,262.51
2098,688,66,4,36.94
2099,688,47,6,19.31
2100,688,100,3,216.38
2101,688,29,4,322.68
2102,689,59,5,463.3
2103,689,92,6,249.17
2104,690,39,3,172.4
2105,690,130,1,441.09
2106,690,147,5,146.24
2107,690,17,1,
2108,691,27,5,128.83
2109,691,11,6,306.76
2110,691,142,3,164.86
2111,692,172,6,454.61
2112,693,117,4,280.08
2113,693,90,1,73.4
2114,694,5,3,430.12
2115,694,46,2,314.67
2116,695,22,3,50.58
2117,695,127,6,236.3
2118,695,133,1,391.81
2119,695,115,1,196.94
2120,696,157,3,66.35
2121,696,141,6,338.54
2122,696,102,2,373.77
2123,696,41,3,250.13
2124,697,83,2,172.08
2125,697,161,6,419.33
2126,3024,116,3,31.11
2127,699,85,1,62.16
2128,699,5,5,332.95
2129,700,2,2,290.59
2130,701,28,3,321.42
2131,701,138,4,134.82
2132,702,124,5,437.31
2133,702,30,5,49.09
2134,702,133,1,480.18
2135,702,39,2,173.87
2136,703,56,3,227.47
2137,703,89,4,352.03
2138,703,37,4,77.1
2139,703,33,2,36.6
2140,704,48,3,127.02
2141,704,135,4,493.54
2142,704,98,6,66.87
2143,704,83,5,362.31
2144,704,81,6,109.93
2145,705,49,6,66.81
2146,705,76,1,477.48
2147,705,163,1,145.22
2148,705,98,3,158.01
2149,705,123,1,183.13
2150,706,149,2,421.47
2151,706,12,6,149.36
2152,706,139,5,314.57
2153,707,122,1,498.0
2154,708,147,4,111.02
2155,708,132,3,25.38
2156,708,42,2,162.78
2157,709,4,2,490.34
2158,709,135,4,156.9
2159,709,151,2,207.33
2160,709,172,4,359.37
2161,710,31,2,323.57
2162,710,55,5,479.32
2163,711,113,3,110.1
2164,711,77,3,499.16
2165,711,10,4,200.36
2166,712,25,3,134.52
2167,712,71,5,483.39
2168,713,90,3,17.46
2169,713,143,4,12.43
2170,713,58,3,265.93
2171,713,87,3,410.67
2172,714,67,5,288.18
2173,714,105,6,289.37
2174,714,110,4,285.27
2175,714,19,3,130.65
2176,714,57,5,275.22
2177,715,126,2,304.65
2178,715,104,1,40.27
2179,715,79,1,94.16
2180,3047,128,1,
2181,716,101,4,453.99
2182,716,5,6,330.36
2183,716,124,6,192.57
2184,716,119,4,488.97
2185,716,12,2,217.88
2186,717,131,5,490.52
2187,717,121,6,457.76
2188,717,126,1,169.81
2189,718,128,2,
2190,718,109,4,344.87
2191,718,108,1,263.3
2192,718,89,4,409.48
2193,719,50,4,442.2
2194,719,39,4,442.86
2195,720,68,5,371.48
2196,720,150,4,176.39
2197,720,62,4,432.18
2198,3047,34,3,249.09
2199,721,135,3,321.92
2200,721,61,3,433.85
2201,721,158,5,365.51
2202,722,48,1,301.62
2203,722,11,3,17.5
2204,723,23,6,111.56
2205,723,8,1,440.11
2206,723,137,5,103.44
2207,724,110,4,373.55
2208,724,35,2,286.48
2209,724,38,6,289.06
2210,725,6,4,243.02
2211,726,84,3,133.4
2212,726,121,2,
2213,726,65,3,328.68
2214,726,136,3,404.86
2215,726,47,2,17.41
2216,727,111,1,319.34
2217,727,31,5,441.87
2218,727,56,2,232.48
2219,728,77,1,483.12
2220,728,106,-3,254.0
2221,728,17,6,204.02
2222,728,8,3,20.8
2223,728,138,3,366.18
2224,729,59,3,218.13
2225,3008,75,5,94.8
2226,731,142,5,332.62
2227,731,63,1,372.87
2228,731,69,3,276.76
2229,3046,156,6,314.29
2230,732,40,5,64.73
2231,732,10,5,330.22
2232,732,6,2,181.03
2233,733,170,6,402.21
2234,734,47,2,15.8
2235,735,92,5,
2236,735,21,5,22.37
2237,735,133,1,437.62
2238,735,61,1,175.26
2239,735,56,3,412.8
2240,736,135,2,359.19
2241,736,135,3,269.28
2242,736,49,2,139.42
2243,736,26,2,184.47
2244,736,136,6,170.26
2245,737,132,4,426.64
2246,738,129,1,171.28
2247,738,132,5,442.73
2248,738,131,6,205.39
2249,739,7,4,182.47
2250,739,54,3,41.67
2251,739,35,4,166.88
2252,740,127,5,186.86
2253,740,56,2,369.12
2254,740,121,1,356.22
2255,740,73,3,369.39
2256,741,112,2,172.44
2257,742,40,5,451.11
2258,743,115,6,189.68
2259,743,40,6,182.14
2260,743,95,6,140.32
2261,743,13,3,170.19
2262,744,87,3,401.31
2263,744,143,6,188.39
2264,3048,107,1,391.81
2265,745,164,6,102.86
2266,745,85,5,81.86
2267,745,150,4,443.92
2268,745,63,6,20.92
2269,745,133,5,340.57
2270,746,142,1,186.6
2271,746,104,1,97.36
2272,3043,56,4,294.96
2273,747,140,4,471.99
2274,747,137,5,476.44
2275,748,116,2,138.67
2276,748,3,3,49.07
2277,748,104,4,364.78
2278,748,8,6,383.95
2279,749,112,4,326.65
2280,749,141,3,284.54
2281,749,23,3,306.1
2282,749,86,3,220.27
2283,749,155,6,397.58
2284,750,97,5,210.89
2285,750,32,5,72.14
2286,750,35,5,95.31
2287,750,59,5,29.46
2288,750,53,4,354.3
2289,751,129,3,165.95
2290,751,84,4,326.91
2291,751,96,4,
2292,751,87,6,199.61
2293,752,66,3,208.87
2294,752,95,3,179.5
2295,752,46,3,490.4
2296,753,26,2,164.92
2297,753,136,6,172.14
2298,753,58,5,273.08
2299,753,48,6,434.41
2300,754,48,6,359.18
2301,754,53,1,460.29
2302,755,126,3,302.76
2303,756,149,4,300.5
2304,756,5,3,216.32
2305,3031,56,5,25.24
2306,757,94,1,8.39
2307,757,36,5,145.89
2308,757,118,4,417.68
2309,757,33,2,92.27
2310,758,45,4,208.67
2311,759,38,3,77.45
2312,759,14,4,238.12
2313,759,81,1,180.05
2314,759,112,1,4.36
2315,760,46,5,193.39
2316,761,62,2,117.13
2317,761,95,3,351.33
2318,762,85,1,292.1
2319,762,136,2,199.78
2320,762,86,6,
2321,762,78,6,163.53
2322,763,26,2,197.5
2323,763,107,-1,355.21
2324,763,120,-3,450.15
2325,764,60,4,324.44
2326,764,70,1,172.48
2327,764,142,2,460.45
2328,765,24,5,266.01
2329,765,96,5,476.06
2330,765,145,6,31.43
2331,765,22,5,97.03
2332,766,55,4,251.29
2333,766,66,1,352.99
2334,766,91,6,103.71
2335,766,128,4,6.33
2336,766,4,6,76.16
2337,767,149,2,380.76
2338,768,17,4,432.96
2339,768,57,1,36.8
2340,768,143,4,436.56
2341,768,104,5,464.75
2342,769,119,4,393.09
2343,769,119,4,440.83
2344,769,110,6,202.41
2345,769,116,3,182.92
2346,769,29,2,178.99
2347,770,95,6,467.07
2348,770,136,5,25.31
2349,771,69,6,320.56
2350,771,142,1,249.83
2351,771,73,5,432.07
2352,771,86,3,119.89
2353,772,32,2,421.65
2354,772,98,4,64.18
2355,772,148,4,288.87
2356,772,10,1,278.89
2357,773,136,6,240.29
2358,773,85,6,70.47
2359,773,126,5,95.59
2360,773,51,3,117.69
2361,774,149,4,256.81
2362,774,63,3,406.12
2363,775,81,4,248.99
2364,776,118,1,335.65
2365,777,90,6,345.9
2366,777,37,4,310.59
2367,778,98,3,178.11
2368,778,66,5,269.31
2369,779,134,-3,380.23
2370,780,69,1,36.53
2371,780,122,2,421.22
2372,780,1,5,253.95
2373,781,30,2,431.74
2374,781,83,3,444.21
2375,781,128,2,186.61
2376,781,106,6,96.13
2377,781,83,0,480.87
2378,3006,100,6,332.81
2379,782,114,3,194.31
2380,782,88,3,27.64
2381,783,147,1,290.31
2382,783,49,1,381.98
2383,784,43,1,201.48
2384,784,87,6,265.8
2385,785,50,2,181.75
2386,786,18,4,440.0
2387,786,26,6,87.71
2388,786,78,2,293.69
2389,3006,41,5,59.11
2390,787,56,3,200.2
2391,787,31,2,79.46
2392,788,28,1,310.78
2393,789,112,5,261.72
2394,789,140,5,95.75
2395,789,99,6,304.52
2396,790,148,3,77.32
2397,790,25,1,441.69
2398,790,137,2,272.94
2399,791,38,6,199.08
2400,791,21,0,158.63
2401,792,41,4,22.56
2402,792,80,5,101.36
2403,792,138,6,215.02
2404,793,139,4,69.64
2405,794,75,1,416.78
2406,794,95,1,407.74
2407,795,38,4,71.37
2408,795,75,4,334.21
2409,795,46,4,476.89
2410,795,142,2,329.81
2411,796,148,4,485.21
2412,796,118,4,240.62
2413,796,71,2,457.3
2414,796,134,3,38.18
2415,796,149,6,98.01
2416,797,166,-1,189.35
2417,798,145,5,396.81
2418,798,117,4,209.06
2419,798,3,5,306.61
2420,799,72,2,292.6
2421,799,49,6,36.46
2422,799,54,3,374.59
2423,800,106,3,117.51
2424,800,59,3,7.88
2425,800,65,2,461.02
2426,800,35,6,252.66
2427,800,11,2,413.55
2428,801,29,1,443.76
2429,801,146,3,155.68
2430,801,82,1,83.13
2431,801,109,4,111.08
2432,801,53,1,498.17
2433,802,14,6,391.39
2434,802,177,5,401.18
2435,803,96,6,25.13
2436,803,20,1,225.53
2437,803,109,6,267.88
2438,803,48,3,288.25
2439,803,54,1,323.18
2440,804,79,1,182.53
2441,804,76,1,315.62
2442,805,94,6,153.82
2443,805,38,2,299.61
2444,805,119,1,398.07
2445,806,144,5,278.2
2446,806,109,4,432.79
2447,806,20,2,44.76
2448,806,117,2,254.82
2449,806,30,3,252.14
2450,807,117,2,270.66
2451,808,104,6,126.24
2452,808,125,5,98.77
2453,808,139,2,360.99
2454,808,79,2,225.68
2455,3004,8,2,424.18
2456,809,20,2,329.39
2457,809,89,6,170.28
2458,809,73,1,469.72
2459,809,106,6,437.64
2460,810,35,1,18.55
2461,810,3,1,310.42
2462,811,45,1,185.43
2463,812,25,1,492.83
2464,812,21,3,77.02
2465,812,77,4,131.6
2466,813,5,5,389.96
2467,814,13,6,
2468,814,79,6,266.47
2469,814,66,6,109.25
2470,814,59,1,222.83
2471,815,147,4,82.94
2472,815,136,6,49.34
2473,815,63,1,461.4
2474,815,25,1,185.5
2475,815,159,2,231.77
2476,816,98,4,486.33
2477,816,85,2,438.04
2478,816,19,3,36.03
2479,817,151,4,369.29
2480,818,93,2,338.42
2481,819,113,2,184.67
2482,819,35,4,416.76
2483,819,147,3,73.41
2484,819,71,3,220.98
2485,820,40,2,313.56
2486,820,149,6,18.61
2487,820,89,5,175.86
2488,820,86,2,
2489,820,81,4,255.71
2490,821,55,3,180.99
2491,821,127,3,455.14
2492,821,63,4,29.28
2493,821,137,2,274.53
2494,822,94,2,298.07
2495,822,144,6,327.65
2496,822,36,3,81.11
2497,822,91,5,49.01
2498,823,57,6,235.96
2499,823,35,1,150.43
2500,823,15,3,413.14
2501,823,150,6,255.73
2502,823,40,5,343.78
2503,824,68,6,463.45
2504,824,91,3,367.32
2505,824,50,4,146.08
2506,824,37,1,68.96
2507,825,42,2,333.83
2508,826,105,3,383.92
2509,826,100,3,84.2
2510,826,32,0,354.55
2511,826,42,6,319.31
2512,827,35,4,397.91
2513,827,82,2,116.93
2514,827,50,2,261.45
2515,827,149,3,8.92
2516,827,43,2,314.44
2517,828,146,4,463.44
2518,828,18,3,
2519,828,144,2,228.23
2520,828,93,5,118.77
2521,829,27,5,98.81
2522,829,80,1,384.29
2523,830,7,4,12.21
2524,830,171,6,436.09
2525,830,150,3,124.92
2526,831,106,2,40.47
2527,831,133,3,182.31
2528,3039,43,5,31.17
2529,831,73,4,87.14
2530,831,57,1,313.76
2531,832,125,6,
2532,832,25,1,414.94
2533,832,101,3,66.58
2534,832,87,1,345.83
2535,832,58,3,164.0
2536,833,103,4,132.61
2537,833,52,3,392.7
2538,833,97,1,447.52
2539,834,145,6,473.62
2540,834,20,1,323.88
2541,834,39,3,253.49
2542,834,116,3,237.94
2543,835,55,1,135.19
2544,3029,38,3,493.32
2545,835,1,4,102.85
2546,835,115,5,217.76
2547,835,13,2,474.43
2548,836,128,3,243.43
2549,836,168,3,254.46
2550,836,30,2,93.27
2551,837,149,6,438.1
2552,838,55,5,477.0
2553,838,69,2,204.61
2554,838,132,6,135.68
2555,838,114,4,16.72
2556,838,159,4,141.16
2557,839,14,6,365.6
2558,840,51,4,364.92
2559,840,62,6,95.67
2560,840,123,3,370.31
2561,841,112,5,380.88
2562,841,71,5,119.23
2563,841,129,2,355.27
2564,841,42,6,435.15
2565,841,41,5,10.11
2566,842,2,3,131.51
2567,842,124,6,367.84
2568,843,2,4,419.4
2569,843,103,6,221.77
2570,843,116,4,408.76
2571,843,65,4,
2572,844,36,3,162.37
2573,844,16,5,249.07
2574,3005,125,4,370.98
2575,845,93,4,87.57
2576,845,60,4,139.99
2577,845,36,4,21.6
2578,845,66,2,349.06
2579,845,62,1,56.92
2580,846,6,3,163.72
2581,846,35,3,198.17
2582,846,106,3,354.63
2583,847,147,2,229.77
2584,847,85,4,457.19
2585,847,53,5,288.86
2586,847,112,1,268.34
2587,848,12,5,292.83
2588,848,111,4,155.34
2589,848,44,4,342.95
2590,848,135,1,296.16
2591,849,13,1,494.06
2592,849,20,1,498.41
2593,849,33,2,331.22
2594,849,32,3,287.35
2595,849,98,3,362.39
2596,850,25,4,317.19
2597,851,10,3,68.34
2598,851,138,0,322.67
2599,851,135,1,447.3
2600,852,77,3,
2601,852,55,2,259.2
2602,852,145,4,
2603,852,52,-1,50.81
2604,852,85,2,67.22
2605,853,126,3,200.72
2606,853,122,3,280.04
2607,854,47,4,171.77
2608,855,33,2,28.35
2609,855,16,1,129.58
2610,855,146,2,427.77
2611,855,85,3,238.16
2612,855,145,2,303.03
2613,856,29,4,123.48
2614,857,23,2,370.48
2615,857,46,6,327.76
2616,857,159,3,127.84
2617,857,65,2,283.02
2618,858,38,0,233.3
2619,858,114,5,81.13
2620,858,130,4,161.85
2621,859,49,3,10.09
2622,859,109,2,366.25
2623,860,85,3,62.94
2624,860,119,2,402.3
2625,860,74,3,486.15
2626,860,136,1,375.04
2627,861,81,3,378.88
2628,861,28,4,338.29
2629,861,93,4,207.69
2630,861,59,4,79.26
2631,862,133,2,283.28
2632,862,84,3,241.54
2633,862,51,2,200.06
2634,863,110,1,423.59
2635,863,125,5,63.56
2636,864,80,6,78.96
2637,864,23,6,467.84
2638,865,176,4,334.8
2639,865,14,4,108.57
2640,865,128,6,28.0
2641,865,80,4,190.51
2642,865,111,1,283.84
2643,866,41,6,365.2
2644,866,47,6,286.72
2645,866,145,2,456.81
2646,866,41,6,359.77
2647,866,43,1,137.43
2648,867,65,4,55.36
2649,867,77,6,274.78
2650,868,44,5,370.2
2651,868,121,5,138.1
2652,868,66,2,398.77
2653,868,93,4,164.03
2654,869,70,5,116.25
2655,869,140,1,290.91
2656,869,150,2,395.62
2657,870,64,5,4.17
2658,870,41,1,109.89
2659,870,155,2,183.81
2660,870,63,4,343.81
2661,870,2,2,244.06
2662,3016,110,1,93.92
2663,871,26,4,162.14
2664,871,151,6,292.17
2665,871,119,3,442.14
2666,871,76,5,495.62
2667,872,30,1,360.23
2668,3031,30,6,358.62
2669,872,37,2,422.35
2670,872,178,5,103.45
2671,873,46,2,
2672,874,55,6,119.02
2673,874,48,4,76.34
2674,874,23,1,283.31
2675,874,56,4,16.21
2676,874,115,1,493.65
2677,875,106,-1,50.64
2678,875,66,4,390.52
2679,875,147,4,465.74
2680,875,6,0,41.57
2681,875,16,1,
2682,876,42,4,224.95
2683,876,65,5,367.72
2684,876,7,4,149.18
2685,877,83,1,451.68
2686,877,114,6,
2687,878,61,3,376.45
2688,878,8,2,268.48
2689,878,11,2,202.41
2690,878,70,4,360.35
2691,878,70,4,456.44
2692,879,42,3,225.57
2693,880,140,2,329.85
2694,880,32,3,169.63
2695,880,103,4,293.48
2696,881,8,1,395.7
2697,881,20,4,234.95
2698,881,40,-3,492.63
2699,881,130,4,70.58
2700,882,91,6,267.46
2701,883,93,4,230.91
2702,3045,49,6,237.88
2703,884,8,5,253.01
2704,884,136,4,145.14
2705,884,150,3,198.27
2706,885,20,5,228.62
2707,885,122,2,428.87
2708,886,15,4,125.18
2709,886,35,4,129.95
2710,887,55,5,93.43
2711,887,9,3,400.21
2712,887,79,3,44.77
2713,887,148,5,321.85
2714,888,137,2,384.83
2715,888,94,5,489.42
2716,888,45,6,91.48
2717,888,114,4,163.63
2718,888,136,3,286.25
2719,889,16,1,490.84
2720,890,72,5,344.62
2721,890,120,5,164.17
2722,891,24,4,452.33
2723,891,99,3,26.58
2724,891,69,1,368.98
2725,891,7,5,123.45
2726,891,27,2,398.51
2727,892,99,4,387.05
2728,893,27,2,71.98
2729,894,1,1,491.47
2730,895,139,5,320.52
2731,895,142,1,351.9
2732,895,10,5,192.22
2733,895,116,3,465.92
2734,895,72,2,9.88
2735,896,64,5,36.66
2736,896,44,3,355.22
2737,897,121,2,449.14
2738,897,44,1,250.96
2739,897,137,2,218.97
2740,898,11,2,365.69
2741,899,59,2,404.82
2742,899,136,5,310.63
2743,899,4,4,155.71
2744,900,125,1,46.28
2745,901,43,4,328.73
2746,901,34,3,33.26
2747,901,60,3,81.27
2748,901,117,5,412.01
2749,902,83,2,430.28
2750,902,91,6,40.8
2751,902,142,4,297.51
2752,903,84,2,295.73
2753,903,71,4,83.57
2754,903,66,5,283.18
2755,903,58,3,220.52
2756,904,88,1,143.59
2757,905,82,6,37.39
2758,905,124,2,308.67
2759,905,112,1,257.03
2760,905,63,4,265.02
2761,906,37,6,176.62
2762,906,56,1,356.81
2763,906,99,2,414.65
2764,906,130,3,265.98
2765,907,14,-3,459.26
2766,907,142,6,454.53
2767,907,107,6,250.84
2768,907,62,3,229.7
2769,908,15,5,167.42
2770,908,92,6,451.17
2771,908,147,2,27.51
2772,909,64,1,340.32
2773,909,134,6,233.86
2774,910,36,-1,142.88
2775,910,32,3,255.0
2776,910,108,5,368.18
2777,910,149,1,143.09
2778,911,44,6,116.76
2779,911,130,4,58.49
2780,911,68,5,45.06
2781,911,77,3,193.89
2782,912,150,4,148.72
2783,913,37,-1,39.06
2784,913,40,6,249.27
2785,913,3,5,381.76
2786,914,32,3,469.63
2787,915,109,6,452.14
2788,915,8,6,41.13
2789,916,62,4,126.35
2790,916,166,5,401.54
2791,916,69,3,245.43
2792,916,129,6,434.99
2793,917,129,1,340.99
2794,917,134,1,372.13
2795,917,107,1,209.05
2796,917,12,4,121.77
2797,918,146,3,208.42
2798,918,54,4,96.12
2799,918,20,3,203.83
2800,919,110,4,446.31
2801,919,100,5,242.42
2802,920,105,1,465.07
2803,920,14,2,437.9
2804,920,89,6,127.47
2805,920,35,4,
2806,920,53,5,413.27
2807,921,135,3,195.99
2808,922,4,3,105.42
2809,922,96,6,383.88
2810,923,77,6,428.01
2811,924,33,5,223.91
2812,924,53,3,363.14
2813,925,30,6,9.39
2814,926,110,6,292.6
2815,927,18,2,483.98
2816,927,25,2,42.07
2817,928,101,4,326.51
2818,928,45,6,208.83
2819,929,157,6,27.48
2820,929,72,1,246.81
2821,929,51,1,80.18
2822,930,85,1,173.12
2823,930,64,4,279.06
2824,930,102,3,312.42
2825,930,129,6,254.15
2826,931,19,3,222.53
2827,932,103,4,221.91
2828,932,43,6,376.18
2829,933,69,5,14.78
2830,933,79,3,150.36
2831,933,66,3,417.33
2832,934,61,5,173.6
2833,935,150,6,175.3
2834,936,37,5,486.57
2835,936,49,1,290.85
2836,937,8,1,165.61
2837,937,136,1,
2838,937,58,6,470.09
2839,937,3,5,199.82
2840,938,42,2,114.1
2841,3026,97,-3,53.02
2842,938,84,3,423.72
2843,938,9,4,103.01
2844,939,2,6,137.46
2845,939,137,2,27.89
2846,939,110,1,167.27
2847,939,46,4,138.24
2848,939,13,5,
2849,940,99,3,235.02
2850,940,19,6,444.82
2851,940,130,3,459.08
2852,941,73,4,118.29
2853,941,142,1,288.47
2854,941,128,2,
2855,941,139,6,90.05
2856,942,11,3,
2857,942,148,2,225.89
2858,942,10,2,72.34
2859,942,108,4,21.03
2860,942,135,3,419.25
2861,943,5,5,486.97
2862,943,74,6,13.61
2863,943,62,5,317.92
2864,944,47,4,
2865,945,144,3,113.96
2866,945,121,1,415.12
2867,945,19,6,406.96
2868,946,59,2,491.34
2869,3027,9,5,95.29
2870,947,4,4,58.05
2871,947,121,2,172.78
2872,948,73,4,131.61
2873,948,80,4,91.32
2874,948,77,5,491.6
2875,948,147,6,261.75
2876,949,29,4,127.08
2877,950,82,3,248.74
2878,951,170,5,368.41
2879,951,58,3,91.21
2880,951,110,6,373.54
2881,951,62,5,124.37
2882,952,72,4,41.33
2883,952,121,6,98.61
2884,953,43,6,454.27
2885,953,135,4,358.48
2886,954,149,6,210.73
2887,954,56,1,279.59
2888,954,144,6,264.72
2889,954,32,2,287.24
2890,955,58,-1,95.16
2891,955,25,3,185.92
2892,956,82,5,458.42
2893,956,14,3,16.91
2894,957,111,3,
2895,957,149,5,182.06
2896,958,150,6,99.77
2897,958,16,2,205.67
2898,958,54,4,341.0
2899,958,45,5,182.67
2900,958,75,6,107.04
2901,959,76,1,372.88
2902,959,4,2,204.4
2903,959,73,6,286.77
2904,959,62,6,429.65
2905,959,25,6,207.79
2906,960,135,3,
2907,960,117,4,447.85
2908,961,1,5,21.08
2909,962,16,4,150.21
2910,963,68,3,415.17
2911,963,98,2,140.9
2912,963,126,3,236.91
2913,963,38,4,437.8
2914,964,135,3,129.36
2915,964,18,1,378.71
2916,965,63,1,320.43
2917,965,112,3,119.29
2918,966,128,3,380.9
2919,967,44,5,148.48
2920,968,47,6,38.9
2921,969,91,4,275.13
2922,969,107,2,25.61
2923,969,59,2,459.27
2924,969,76,2,344.94
2925,969,44,5,78.52
2926,970,73,6,242.47
2927,970,150,2,282.38
2928,970,49,1,321.36
2929,970,106,2,26.26
2930,970,15,3,257.05
2931,971,8,1,455.92
2932,971,16,4,130.81
2933,3013,28,4,470.01
2934,971,66,5,253.55
2935,971,102,4,240.99
2936,972,97,4,198.7
2937,972,121,0,272.99
2938,972,54,2,429.22
2939,972,150,1,291.69
2940,973,36,6,487.21
2941,974,108,5,110.86
2942,974,103,1,77.29
2943,974,64,4,136.01
2944,974,132,5,106.97
2945,975,94,6,200.37
2946,975,89,5,418.83
2947,976,24,5,245.95
2948,977,70,2,328.14
2949,977,11,4,36.72
2950,977,100,3,473.07
2951,978,52,3,236.66
2952,979,25,5,13.03
2953,979,128,3,320.65
2954,979,42,6,397.12
2955,979,18,4,289.36
2956,979,119,4,382.31
2957,980,113,6,466.72
2958,980,84,6,416.46
2959,980,31,4,313.02
2960,981,67,6,313.39
2961,981,75,6,499.7
2962,982,120,1,141.22
2963,982,32,3,
2964,3004,66,6,50.45
2965,983,70,4,25.43
2966,983,32,4,388.42
2967,983,125,4,83.18
2968,984,79,2,131.54
2969,984,39,3,426.79
2970,984,50,4,438.89
2971,985,131,4,352.02
2972,985,63,4,455.4
2973,985,37,6,398.66
2974,986,143,6,384.62
2975,987,6,2,477.18
2976,987,52,4,423.82
2977,988,113,2,289.1
2978,989,113,6,7.61
2979,990,118,6,14.69
2980,990,26,6,200.63
2981,991,9,3,475.53
2982,991,60,3,497.82
2983,991,86,3,235.29
2984,991,12,4,197.22
2985,992,9,2,35.14
2986,992,121,2,386.09
2987,992,111,4,163.52
2988,993,72,6,431.63
2989,993,86,2,251.79
2990,994,4,1,483.61
2991,994,58,2,403.81
2992,994,144,3,188.03
2993,994,8,6,184.6
2994,994,41,3,201.04
2995,995,24,2,337.79
2996,995,140,6,467.03
2997,995,103,4,193.29
2998,996,94,5,225.03
2999,997,52,5,169.28
3000,997,117,3,127.84
3001,997,6,5,213.29
3002,997,69,1,342.57
3003,997,111,2,73.15
3004,998,11,5,494.81
3005,998,28,6,308.87
3006,998,143,6,225.38
3007,998,31,4,245.3
3008,3042,134,3,403.79
3009,1000,11,0,143.46
3010,1000,9,6,361.69
3011,1000,57,6,412.33
3012,1000,10,1,499.83
3013,1000,146,1,480.52
3014,1001,111,4,74.66
3015,1001,89,2,81.87
3016,1001,131,3,346.05
3017,1002,169,0,42.28
3018,1002,95,6,358.57
3019,1003,91,5,107.91
3020,1003,89,3,252.15
3021,1003,26,3,194.65
3022,1003,145,2,67.7
3023,1004,38,6,277.63
3024,1004,48,2,285.55
3025,1004,93,3,61.93
3026,1004,130,2,482.29
3027,1005,37,4,178.38
3028,1005,170,4,307.77
3029,1005,107,4,84.13
3030,1006,45,2,64.01
3031,1007,87,4,411.13
3032,1007,35,1,228.81
3033,1007,108,3,457.34
3034,1008,74,2,334.47
3035,1008,73,5,372.26
3036,1008,32,4,374.96
3037,1008,13,4,479.97
3038,1008,35,6,42.5
3039,3006,59,2,423.55
3040,1009,140,6,311.57
3041,1009,73,3,115.31
3042,1009,33,4,385.67
3043,1009,115,1,56.01
3044,1010,48,3,217.69
3045,1010,49,5,356.62
3046,1010,130,2,10.86
3047,1011,85,6,295.16
3048,1011,129,3,238.98
3049,1011,63,2,122.95
3050,1011,82,1,357.21
3051,1012,106,4,264.09
3052,1012,146,4,208.89
3053,1012,147,6,319.7
3054,1013,30,3,88.94
3055,1014,23,4,245.25
3056,1015,130,5,415.82
3057,1015,127,5,240.91
3058,1016,6,6,14.55
3059,1016,46,4,299.29
3060,1017,126,3,433.92
3061,1017,145,4,349.55
3062,1017,173,3,178.46
3063,1018,41,4,450.2
3064,1018,101,6,310.72
3065,1018,12,3,64.78
3066,1019,47,3,471.67
3067,1020,96,6,223.81
3068,1020,34,3,242.61
3069,1020,3,6,300.83
3070,1020,123,6,
3071,1021,148,4,498.24
3072,1022,128,3,397.45
3073,1022,118,2,117.44
3074,1022,63,6,79.36
3075,1022,147,2,164.98
3076,1023,126,-3,380.36
3077,1023,46,2,150.87
3078,1023,107,1,191.3
3079,1023,53,6,56.34
3080,1024,86,3,291.31
3081,3042,17,3,496.09
3082,1024,101,2,61.71
3083,1024,20,1,232.77
3084,1025,77,5,104.63
3085,1026,122,6,303.36
3086,1026,42,5,375.4
3087,1027,86,5,357.97
3088,1028,99,5,164.85
3089,1028,172,2,110.79
3090,1029,101,2,
3091,1029,112,5,181.77
3092,1030,18,2,324.14
3093,1030,106,4,493.89
3094,1030,41,6,441.81
3095,1030,126,4,392.57
3096,1030,46,2,180.34
3097,1031,128,6,177.32
3098,1031,77,2,333.1
3099,1031,106,3,229.06
3100,1031,27,1,474.75
3101,1031,140,5,203.35
3102,3001,7,3,326.3
3103,1032,144,5,412.38
3104,1032,67,4,108.44
3105,1033,110,4,149.95
3106,1033,57,4,372.65
3107,1033,123,2,433.06
3108,1033,44,5,174.43
3109,1033,53,6,146.28
3110,1034,30,1,317.8
3111,1034,166,6,84.43
3112,1035,125,4,287.35
3113,1035,149,5,376.43
3114,1035,100,2,323.84
3115,1035,77,5,175.14
3116,1035,30,6,128.82
3117,1036,100,4,283.55
3118,1036,123,3,321.18
3119,1036,71,4,451.52
3120,1036,21,5,236.13
3121,1036,138,2,96.14
3122,1037,16,1,177.29
3123,1038,141,1,284.94
3124,1038,48,2,370.47
3125,1038,49,2,455.41
3126,1039,61,2,186.11
3127,1039,150,1,498.77
3128,1039,31,1,281.39
3129,1040,130,5,351.68
3130,1040,109,5,229.46
3131,1040,64,4,285.9
3132,1040,129,3,396.11
3133,1041,72,6,353.02
3134,1041,7,1,307.24
3135,1041,38,2,81.69
3136,1042,78,6,251.44
3137,1042,53,6,222.82
3138,1042,142,5,424.18
3139,1043,129,4,159.77
3140,1043,1,6,310.44
3141,1043,56,3,228.36
3142,1043,22,1,209.46
3143,1043,137,4,277.74
3144,1044,124,5,114.52
3145,1044,40,6,157.16
3146,1045,1,4,284.48
3147,1045,136,4,342.68
3148,1046,133,4,101.88
3149,1046,106,4,187.58
3150,1046,115,6,396.0
3151,1046,82,6,222.63
3152,1047,76,3,402.13
3153,1048,141,6,162.12
3154,1048,55,5,181.82
3155,1048,160,-1,45.57
3156,1048,78,1,9.85
3157,1048,30,6,193.06
3158,1049,5,4,180.08
3159,1049,80,3,321.44
3160,1049,178,5,21.46
3161,1050,62,6,348.92
3162,1050,11,2,198.69
3163,1050,125,2,164.63
3164,1051,10,2,35.12
3165,1051,48,6,392.36
3166,1051,103,6,385.9
3167,1051,55,6,138.79
3168,1052,140,4,85.36
3169,1052,148,6,283.62
3170,1052,19,1,252.04
3171,1052,105,5,446.98
3172,1052,76,1,276.11
3173,1053,84,4,79.27
3174,1053,90,1,203.01
3175,1053,42,5,250.59
3176,1054,126,1,316.54
3177,1054,116,2,47.51
3178,1054,109,3,469.1
3179,1055,115,4,424.54
3180,1055,48,3,342.05
3181,1055,107,3,186.45
3182,1056,30,6,280.18
3183,1056,110,5,275.15
3184,1056,101,6,449.78
3185,1056,1,4,338.91
3186,1056,156,4,97.6
3187,1057,88,5,409.18
3188,1057,23,3,431.96
3189,1057,3,3,68.86
3190,1058,124,3,271.96
3191,1058,71,5,349.47
3192,1059,101,3,332.99
3193,1059,136,6,78.27
3194,1060,40,2,458.2
3195,1060,86,5,291.58
3196,1061,115,4,293.03
3197,1061,69,2,103.02
3198,1061,127,6,203.43
3199,1061,2,3,325.62
3200,1061,54,1,200.23
3201,1062,28,0,153.3
3202,1062,137,2,161.49
3203,1063,163,4,409.45
3204,1064,15,5,265.67
3205,1064,94,1,140.19
3206,1064,145,1,125.3
3207,1064,149,1,
3208,1064,47,4,146.98
3209,1065,37,4,303.75
3210,1065,87,5,75.77
3211,1066,63,4,32.99
3212,1067,149,0,355.42
3213,1067,145,4,94.42
3214,1067,108,1,109.57
3215,1067,143,6,59.51
3216,1068,51,6,44.13
3217,1068,5,1,
3218,1068,101,1,317.35
3219,1068,127,3,226.1
3220,1069,44,2,267.88
3221,1069,40,2,288.72
3222,1069,84,1,336.37
3223,1069,76,3,321.52
3224,1069,80,3,28.9
3225,1070,45,3,110.69
3226,3022,134,3,320.35
3227,1070,140,4,9.76
3228,1070,9,1,60.44
3229,1070,20,3,
3230,1071,29,3,291.6
3231,1071,22,1,310.19
3232,1072,84,4,89.55
3233,1072,146,4,67.84
3234,1073,60,1,452.36
3235,1073,2,1,63.17
3236,1074,65,1,319.51
3237,1074,177,3,222.17
3238,1074,41,2,186.43
3239,1074,93,1,472.78
3240,1075,97,1,208.86
3241,1075,76,2,224.54
3242,1075,78,3,250.69
3243,1075,127,5,423.98
3244,1075,90,1,233.9
3245,1076,30,6,126.89
3246,1076,30,3,133.76
3247,1076,129,3,483.18
3248,1076,53,6,421.25
3249,1076,1,4,157.2
3250,1077,91,1,6.7
3251,1077,24,4,
3252,1077,10,6,108.97
3253,1077,134,6,83.68
3254,1077,121,3,
3255,1078,82,2,362.23
3256,1079,39,1,435.42
3257,1079,45,6,421.66
3258,1079,122,3,471.49
3259,1079,136,2,34.04
3260,1079,76,1,213.1
3261,1080,133,5,51.6
3262,1080,61,6,161.35
3263,1081,109,2,119.11
3264,1081,70,0,390.23
3265,1081,25,2,499.71
3266,1082,109,2,
3267,1082,12,5,418.3
3268,1082,97,5,264.86
3269,1083,72,4,250.66
3270,1083,96,6,235.99
3271,1083,9,4,182.04
3272,1084,20,6,431.71
3273,1084,145,1,374.57
3274,1085,147,3,369.66
3275,1085,84,6,19.16
3276,1085,40,5,365.77
3277,1085,102,6,303.98
3278,1085,110,1,175.13
3279,1086,46,5,
3280,1086,14,2,64.0
3281,1086,118,3,439.46
3282,1086,42,1,196.92
3283,1087,133,4,89.91
3284,1087,67,3,249.91
3285,1088,81,2,431.87
3286,1088,80,1,95.01
3287,1089,67,6,35.56
3288,1089,88,6,284.59
3289,1089,85,6,4.09
3290,1089,141,5,353.95
3291,1090,126,5,77.03
3292,1090,109,1,76.85
3293,1091,62,1,239.29
3294,1092,46,4,141.62
3295,1093,27,2,65.67
3296,1093,9,2,162.91
3297,1093,16,6,105.98
3298,1094,4,3,221.48
3299,1094,44,1,473.32
3300,1094,14,5,299.24
3301,1094,60,4,152.89
3302,1095,165,6,326.06
3303,1095,140,2,224.36
3304,1096,44,3,18.49
3305,1096,180,2,162.99
3306,1096,53,5,334.57
3307,1096,143,5,118.47
3308,1097,137,4,278.01
3309,1097,125,2,496.08
3310,1098,61,1,11.02
3311,1098,127,6,108.94
3312,1098,147,1,349.39
3313,1099,86,2,124.72
3314,1099,49,1,247.97
3315,1099,56,6,16.66
3316,1099,36,1,460.01
3317,1099,37,4,137.34
3318,1100,111,4,182.01
3319,1100,109,2,304.13
3320,1100,99,4,
3321,1101,9,4,331.73
3322,1101,81,6,460.44
3323,1102,139,6,162.95
3324,1102,138,6,149.33
3325,1102,67,6,45.21
3326,1102,84,0,27.11
3327,1103,63,1,442.48
3328,1103,9,6,195.64
3329,3004,66,3,181.6
3330,1104,11,1,357.47
3331,1105,119,2,483.98
3332,1105,93,3,277.14
3333,1105,102,3,33.08
3334,1105,121,6,493.91
3335,1105,28,4,341.59
3336,1106,95,5,122.41
3337,1107,128,6,139.44
3338,1108,49,1,346.32
3339,1108,41,1,202.79
3340,1108,97,5,148.38
3341,1108,94,6,451.57
3342,1109,139,5,36.45
3343,1110,114,3,342.38
3344,1110,41,4,164.33
3345,1111,77,5,
3346,1111,99,5,204.37
3347,1111,40,3,421.97
3348,1112,63,6,403.36
3349,1112,147,2,25.51
3350,1112,90,1,228.93
3351,1112,147,4,230.49
3352,1113,21,5,184.3
3353,1114,148,5,225.82
3354,1114,4,3,429.1
3355,1114,96,4,108.64
3356,1115,125,3,393.19
3357,1115,29,3,423.4
3358,1115,35,0,181.91
3359,1115,73,5,439.39
3360,1116,95,6,131.39
3361,1116,141,3,355.63
3362,1117,54,3,
3363,1117,169,3,390.83
3364,1117,121,6,388.0
3365,1117,130,4,359.54
3366,1118,110,1,462.79
3367,1118,48,4,155.2
3368,1119,74,3,480.37
3369,1119,27,2,435.72
3370,1119,36,1,146.1
3371,1119,100,6,168.84
3372,1119,45,2,52.26
3373,1120,122,4,73.54
3374,1120,6,2,425.43
3375,1120,5,4,91.39
3376,1120,45,3,
3377,1120,148,5,61.64
3378,1121,108,1,495.49
3379,1121,25,3,50.66
3380,1121,49,5,375.43
3381,1122,111,6,79.63
3382,1122,49,2,180.55
3383,1122,74,5,194.3
3384,1122,79,6,29.69
3385,1123,115,2,42.42
3386,1123,20,3,421.19
3387,1124,38,6,338.76
3388,1124,120,5,381.86
3389,1124,131,5,136.4
3390,1124,135,4,245.33
3391,1125,22,1,353.36
3392,1125,97,4,417.92
3393,1125,125,6,72.94
3394,1125,3,1,69.92
3395,1126,117,2,220.59
3396,1126,102,3,42.24
3397,1127,21,1,257.05
3398,1128,24,4,26.02
3399,1128,119,2,475.69
3400,1129,154,6,499.12
3401,1129,117,5,317.91
3402,1129,2,3,208.62
3403,1129,142,2,82.17
3404,1130,1,2,169.32
3405,1131,14,6,45.25
3406,1131,139,3,44.48
3407,1131,8,1,171.46
3408,1131,63,6,472.03
3409,1132,15,2,301.41
3410,1132,71,4,304.65
3411,1132,66,3,160.46
3412,1132,44,4,379.29
3413,1133,107,6,170.74
3414,1133,133,4,60.56
3415,1133,25,3,13.47
3416,1133,85,4,87.69
3417,1133,84,3,146.98
3418,1134,36,3,375.11
3419,1134,136,6,24.68
3420,1134,113,6,386.14
3421,1135,114,2,207.26
3422,1135,76,1,192.93
3423,1135,3,5,134.55
3424,1135,40,2,326.33
3425,1135,27,3,433.18
3426,1136,127,1,435.74
3427,1137,165,4,91.97
3428,1137,117,5,460.73
3429,1137,110,6,363.89
3430,1137,60,1,8.3
3431,1137,29,4,373.43
3432,1138,109,4,142.35
3433,1138,148,6,174.61
3434,1139,120,4,424.14
3435,1139,24,2,204.29
3436,1139,107,1,271.24
3437,1140,18,6,26.49
3438,1141,16,3,310.67
3439,1141,82,4,377.38
3440,1141,147,3,200.09
3441,1141,14,3,431.28
3442,1142,16,2,140.13
3443,1142,6,-1,280.9
3444,1143,128,5,319.09
3445,1143,15,-1,163.34
3446,1143,62,5,
3447,1143,58,3,
3448,1143,128,4,431.51
3449,1144,2,4,488.83
3450,1144,142,1,10.33
3451,3050,7,4,186.06
3452,1144,13,6,448.86
3453,1144,84,3,107.25
3454,1145,73,3,82.48
3455,1145,1,3,94.34
3456,1145,138,3,449.49
3457,1145,65,1,277.77
3458,1145,162,1,433.13
3459,1146,69,1,49.02
3460,1146,1,6,488.83
3461,1146,85,5,108.78
3462,1146,105,2,193.19
3463,1146,68,5,307.04
3464,1147,46,5,489.44
3465,1147,12,2,407.07
3466,1147,77,2,269.0
3467,1148,100,2,106.16
3468,1148,50,3,484.46
3469,1148,72,4,61.32
3470,1148,82,3,118.66
3471,1149,115,5,207.19
3472,1149,12,1,405.79
3473,1149,133,2,
3474,1149,7,6,249.34
3475,1149,80,5,464.65
3476,1150,128,4,82.62
3477,1151,108,2,17.38
3478,1151,50,5,488.12
3479,1151,12,1,399.18
3480,1151,119,6,182.88
3481,1151,36,5,313.79
3482,1152,49,5,343.74
3483,1152,109,5,9.84
3484,1152,130,5,453.72
3485,1152,42,5,190.58
3486,1153,20,5,316.75
3487,1153,117,0,23.52
3488,1153,144,5,425.56
3489,1153,136,5,472.23
3490,1153,137,3,398.57
3491,1154,35,2,37.91
3492,1154,109,6,150.93
3493,1154,148,6,321.25
3494,1154,3,2,88.97
3495,1155,113,4,437.62
3496,1155,21,3,475.38
3497,1156,52,3,486.62
3498,1156,87,2,298.32
3499,1156,64,1,273.67
3500,1156,10,5,219.05
3501,1157,113,6,
3502,1158,115,4,301.15
3503,1158,82,3,160.1
3504,1158,39,5,202.74
3505,1158,15,2,360.15
3506,1159,7,3,259.83
3507,1159,60,6,111.66
3508,1159,52,6,263.79
3509,1159,65,5,95.8
3510,1160,16,4,136.54
3511,1161,52,1,416.72
3512,1161,124,-1,18.63
3513,1161,110,3,319.44
3514,1162,73,1,
3515,1163,101,6,163.57
3516,1163,64,1,260.91
3517,1163,126,6,
3518,1163,47,2,338.37
3519,1164,51,2,207.6
3520,1164,103,1,225.37
3521,1164,104,1,407.44
3522,1164,155,3,14.16
3523,1165,108,3,416.53
3524,1165,106,4,457.53
3525,1165,50,4,133.9
3526,1165,41,6,178.12
3527,1166,138,3,320.74
3528,1166,145,2,362.65
3529,1166,42,5,420.74
3530,1166,26,3,13.17
3531,1166,35,4,141.79
3532,1167,38,3,229.9
3533,1167,128,6,354.56
3534,1168,117,6,198.49
3535,1168,39,6,107.91
3536,1168,3,6,330.58
3537,1168,147,3,89.35
3538,1169,17,3,66.95
3539,1169,90,4,28.01
3540,1170,133,1,183.77
3541,1170,93,5,116.61
3542,1170,97,1,496.97
3543,1171,71,4,
3544,1171,56,6,166.4
3545,1171,116,6,428.87
3546,1172,32,2,53.07
3547,1172,39,6,161.71
3548,1173,130,4,229.5
3549,1173,8,5,
3550,1173,34,2,204.12
3551,1173,52,3,4.65
3552,1173,14,4,258.17
3553,1174,113,5,332.79
3554,1174,49,5,417.66
3555,1175,77,3,340.39
3556,1175,130,4,445.48
3557,1175,38,1,402.23
3558,1175,148,4,224.83
3559,1175,127,3,368.08
3560,1176,147,2,333.58
3561,1176,85,1,213.24
3562,1176,93,2,
3563,1176,128,3,386.24
3564,1177,119,1,319.34
3565,1177,14,4,
3566,1177,127,4,106.47
3567,1177,148,6,435.88
3568,1177,99,2,259.26
3569,1178,20,3,132.29
3570,1179,7,4,367.25
3571,1179,65,3,400.25
3572,1180,81,5,380.6
3573,1180,68,5,483.03
3574,1180,37,4,40.01
3575,1181,106,1,32.22
3576,1181,40,6,395.78
3577,1182,112,1,290.79
3578,1182,96,1,403.59
3579,1182,3,6,359.04
3580,1182,156,4,173.06
3581,1182,95,6,419.31
3582,1183,36,4,152.53
3583,1183,111,5,376.9
3584,1184,77,4,95.35
3585,1185,108,4,169.2
3586,1186,4,3,299.42
3587,1186,18,4,103.59
3588,1187,29,1,429.73
3589,1187,102,2,435.42
3590,1187,69,4,288.34
3591,1187,111,1,489.44
3592,1188,100,5,309.1
3593,1188,39,5,258.02
3594,1188,80,4,270.96
3595,1188,56,5,266.92
3596,3050,46,3,96.14
3597,1189,146,1,130.9
3598,1190,5,2,401.53
3599,1190,39,1,165.78
3600,1190,17,5,268.75
3601,1191,79,6,398.52
3602,1191,116,3,141.44
3603,1191,56,3,205.93
3604,1191,22,1,415.35
3605,1192,62,5,16.09
3606,1193,111,3,32.81
3607,1193,17,5,309.26
3608,1193,145,6,39.1
3609,1194,167,4,27.84
3610,1194,19,3,43.12
3611,1194,100,4,343.36
3612,1194,1,4,484.63
3613,1194,89,3,8.79
3614,1195,83,2,6.36
3615,1195,94,5,48.9
3616,1195,112,2,306.55
3617,1195,68,1,296.13
3618,1195,55,3,287.58
3619,1196,60,5,491.71
3620,1196,122,3,425.62
3621,1196,61,6,187.25
3622,1196,138,1,317.89
3623,1197,123,3,337.08
3624,1197,54,3,403.57
3625,1197,53,1,110.21
3626,1198,43,2,359.53
3627,1198,38,2,399.45
3628,1198,111,4,6.22
3629,1199,4,3,164.87
3630,1200,133,3,429.39
3631,1200,48,3,375.0
3632,1200,164,2,182.52
3633,1201,152,3,69.09
3634,1201,52,6,206.16
3635,1202,22,2,
3636,1203,25,3,223.58
3637,1203,140,6,368.85
3638,1203,138,5,404.97
3639,1204,48,5,498.15
3640,1204,58,5,414.34
3641,1204,50,4,196.29
3642,1204,41,4,
3643,1204,53,4,339.27
3644,1205,99,5,40.36
3645,1205,12,4,399.33
3646,1205,88,4,266.05
3647,3045,37,2,259.6
3648,1205,48,3,398.11
3649,1206,49,3,168.53
3650,1206,46,1,193.51
3651,3036,82,5,292.47
3652,1206,132,5,381.98
3653,1207,118,5,457.3
3654,1208,106,5,490.84
3655,1208,70,4,59.13
3656,1209,127,2,391.33
3657,1209,20,5,154.3
3658,1209,62,5,286.29
3659,1209,97,3,279.0
3660,1210,135,4,85.57
3661,3004,27,4,346.8
3662,1211,34,1,246.19
3663,1212,79,2,248.48
3664,1213,21,5,15.02
3665,1214,98,4,199.93
3666,1215,148,1,12.25
3667,1216,47,1,434.12
3668,1216,5,6,
3669,1216,144,1,157.93
3670,1216,71,4,353.14
3671,1216,120,4,317.49
3672,1217,174,2,444.05
3673,1217,53,1,356.0
3674,1217,18,5,469.37
3675,1217,93,6,52.95
3676,1217,102,1,467.31
3677,1218,76,4,319.95
3678,1218,108,2,27.79
3679,1219,93,2,53.29
3680,1219,168,3,73.38
3681,1219,24,4,325.25
3682,1219,5,3,452.3
3683,1219,131,6,147.36
3684,1220,16,1,
3685,3048,1,3,262.58
3686,1221,29,3,484.61
3687,1222,42,4,
3688,1222,101,6,319.77
3689,1222,51,6,214.21
3690,1222,143,6,
3691,1222,66,5,
3692,1223,59,4,46.93
3693,1223,121,5,469.02
3694,1223,76,3,478.72
3695,1224,5,6,154.59
3696,1224,66,4,297.97
3697,1224,10,5,261.79
3698,1224,134,6,150.67
3699,1224,160,1,
3700,1225,86,2,42.89
3701,1225,108,2,454.02
3702,1226,95,1,125.92
3703,1226,90,3,278.19
3704,1226,55,5,310.36
3705,1226,140,5,331.5
3706,1227,16,4,141.05
3707,1227,123,4,179.73
3708,1228,67,1,41.65
3709,3038,79,5,80.16
3710,1228,149,5,7.12
3711,1228,28,5,79.1
3712,1228,64,6,272.13
3713,1229,138,1,282.71
3714,1230,48,2,386.37
3715,1230,87,4,445.11
3716,1230,14,5,54.99
3717,1231,37,1,324.41
3718,1231,126,5,302.13
3719,1231,79,6,425.28
3720,1231,30,2,399.85
3721,1232,63,6,160.76
3722,1232,109,5,313.59
3723,1232,105,6,86.2
3724,1233,49,6,286.77
3725,1234,83,1,134.98
3726,1234,6,4,428.39
3727,1234,130,6,321.55
3728,1234,91,6,54.33
3729,1235,48,4,222.39
3730,1235,64,1,40.4
3731,1235,20,6,62.3
3732,1236,32,6,232.25
3733,1236,114,4,443.26
3734,1236,80,3,397.37
3735,1236,50,1,257.39
3736,1237,60,-3,434.48
3737,1237,58,1,274.86
3738,1237,27,-3,484.09
3739,1237,68,5,21.76
3740,1238,103,2,391.53
3741,1238,68,1,406.33
3742,1238,112,1,99.99
3743,1239,35,5,261.49
3744,1239,2,1,322.17
3745,1239,146,1,246.57
3746,1239,123,6,278.83
3747,1240,34,2,405.49
3748,1240,20,2,95.15
3749,1240,9,1,244.88
3750,1240,63,1,238.36
3751,1241,131,5,237.62
3752,1241,65,-3,18.05
3753,1242,20,5,223.78
3754,1242,139,6,471.06
3755,1242,40,2,324.19
3756,1242,147,5,414.28
3757,1242,39,2,86.19
3758,1243,22,6,391.23
3759,1244,128,1,141.88
3760,1244,71,1,282.0
3761,1244,113,2,282.24
3762,1244,141,5,95.35
3763,1245,109,4,402.08
3764,1245,164,2,326.13
3765,1245,62,5,27.47
3766,1245,20,5,323.27
3767,1245,63,4,416.9
3768,1246,70,3,242.38
3769,1246,145,5,171.58
3770,1246,132,2,158.09
3771,3023,49,4,67.87
3772,1246,100,1,493.09
3773,1247,143,1,380.23
3774,1247,113,2,
3775,1247,131,6,154.1
3776,1248,112,5,257.72
3777,3032,164,1,298.01
3778,1249,53,2,119.75
3779,1249,121,5,181.41
3780,1249,104,3,238.96
3781,1249,39,1,334.15
3782,1249,88,3,240.99
3783,1250,30,0,373.94
3784,1250,105,6,331.02
3785,1250,97,6,148.06
3786,1251,24,3,380.3
3787,3036,116,3,182.88
3788,1251,49,2,188.24
3789,1251,41,3,295.64
3790,1251,13,6,60.31
3791,1252,10,3,98.9
3792,1252,135,3,401.59
3793,1252,62,5,84.86
3794,1252,54,5,147.74
3795,1252,42,2,425.38
3796,1253,8,4,202.33
3797,1253,143,2,321.4
3798,1253,135,4,324.73
3799,1253,14,2,229.35
3800,1253,93,6,103.26
3801,1254,99,4,212.57
3802,1254,150,2,303.58
3803,1254,42,5,141.08
3804,1255,36,5,287.0
3805,1255,100,3,261.89
3806,1255,150,1,241.03
3807,1255,21,3,347.27
3808,1255,74,6,147.64
3809,1256,116,3,363.99
3810,1257,86,6,239.2
3811,1258,63,3,6.62
3812,1259,8,4,300.37
3813,1259,5,6,248.92
3814,1259,121,1,328.06
3815,1259,45,4,227.57
3816,1259,123,3,405.53
3817,1260,124,4,204.97
3818,1260,136,4,398.38
3819,1260,137,1,73.78
3820,1260,133,1,202.99
3821,1261,125,3,150.58
3822,1261,66,6,54.28
3823,1261,44,5,424.38
3824,1261,64,5,
3825,1261,42,3,
3826,1262,135,4,22.06
3827,1262,56,3,152.33
3828,1262,32,6,258.47
3829,1262,119,4,49.32
3830,1263,51,2,166.38
3831,1263,168,3,162.28
3832,1263,107,6,90.1
3833,1263,94,4,9.9
3834,1263,125,6,205.75
3835,1264,95,3,374.64
3836,1264,16,5,489.47
3837,1264,67,1,302.19
3838,1264,45,5,59.92
3839,1265,55,6,92.54
3840,3045,111,5,213.15
3841,1265,131,2,499.56
3842,1266,19,3,233.21
3843,1266,173,5,71.86
3844,1266,81,4,41.81
3845,1267,28,6,297.16
3846,1267,85,1,159.85
3847,3038,65,2,344.91
3848,1267,43,6,56.41
3849,1268,144,1,173.11
3850,1268,10,3,382.49
3851,1268,41,2,167.42
3852,1268,89,6,410.02
3853,1269,96,3,222.96
3854,1269,59,5,146.77
3855,1269,90,5,178.68
3856,1269,48,5,10.52
3857,1270,131,4,9.02
3858,1270,144,3,295.49
3859,1271,5,3,211.52
3860,1271,97,1,456.36
3861,1271,130,5,166.12
3862,1271,9,1,443.38
3863,1272,103,5,443.67
3864,1272,6,3,127.94
3865,1272,43,3,129.93
3866,1273,61,5,454.74
3867,1273,1,2,100.34
3868,1273,19,5,128.58
3869,1273,101,4,
3870,1274,89,3,70.18
3871,1274,64,6,381.65
3872,1275,99,5,48.02
3873,1276,16,4,404.25
3874,1277,54,5,402.02
3875,1277,61,4,67.96
3876,1277,65,4,192.25
3877,1278,61,4,443.12
3878,1278,140,1,
3879,1278,121,5,364.03
3880,1278,89,3,435.34
3881,1279,117,4,443.54
3882,1279,119,3,375.93
3883,1279,22,1,381.19
3884,1280,124,5,202.9
3885,1280,161,2,
3886,1281,165,0,198.15
3887,1281,68,2,388.58
3888,1281,23,2,172.72
3889,1281,37,6,98.65
3890,1281,23,2,478.46
3891,1282,14,6,278.03
3892,1282,4,6,216.33
3893,1282,95,3,440.23
3894,1282,119,2,69.37
3895,1282,167,1,425.96
3896,1283,60,2,78.66
3897,1283,116,1,6.27
3898,1283,111,6,53.12
3899,1283,80,5,318.99
3900,1284,82,4,417.8
3901,1284,124,2,287.55
3902,1285,9,2,326.45
3903,1285,8,6,441.28
3904,1285,16,6,177.52
3905,1285,98,6,72.99
3906,1286,39,5,351.9
3907,1286,89,6,117.36
3908,1286,24,6,342.69
3909,1286,112,6,46.28
3910,1287,14,2,465.27
3911,1287,22,2,102.42
3912,1287,64,5,498.14
3913,1287,64,2,351.54
3914,1288,37,5,
3915,1288,128,5,72.61
3916,1288,134,5,320.28
3917,1288,108,5,23.14
3918,1289,97,4,113.95
3919,1289,134,6,421.17
3920,1290,58,3,312.57
3921,1290,67,4,358.37
3922,1290,103,4,167.54
3923,1290,46,3,54.84
3924,3002,77,6,356.71
3925,1291,91,4,168.27
3926,1291,107,5,151.16
3927,1291,31,4,269.28
3928,1291,74,6,391.32
3929,1292,139,4,332.69
3930,1292,80,4,178.36
3931,1292,26,5,19.2
3932,1293,57,6,42.51
3933,1293,61,3,143.02
3934,1293,26,4,443.66
3935,3038,83,5,99.73
3936,1294,116,4,
3937,1295,8,5,82.51
3938,1295,104,1,382.63
3939,1296,40,2,128.16
3940,1297,143,2,464.61
3941,1297,82,4,
3942,3016,7,1,384.9
3943,1298,1,2,79.43
3944,1299,42,6,79.83
3945,1299,3,1,272.57
3946,1299,44,2,296.39
3947,1299,43,3,426.06
3948,1300,16,6,228.81
3949,1300,79,2,206.22
3950,1300,61,2,197.05
3951,1300,139,6,163.93
3952,1300,37,6,122.16
3953,1301,117,2,325.78
3954,1301,133,1,43.58
3955,1301,143,-3,77.34
3956,1302,15,6,467.69
3957,1302,145,6,23.95
3958,1302,131,6,139.59
3959,1302,21,5,479.32
3960,1302,72,5,370.12
3961,1303,148,4,455.92
3962,1304,6,4,493.68
3963,1304,6,1,452.01
3964,1304,83,6,454.09
3965,1304,96,4,351.99
3966,1304,161,6,58.28
3967,1305,70,3,490.67
3968,1305,180,3,347.23
3969,1306,79,4,469.56
3970,1306,125,3,243.75
3971,1307,137,4,
3972,1308,10,4,321.55
3973,1309,159,2,79.53
3974,1310,123,4,492.09
3975,1310,48,4,478.9
3976,1310,36,4,470.54
3977,1310,110,3,251.98
3978,1310,80,5,114.41
3979,1311,67,3,126.92
3980,1311,90,3,487.96
3981,1311,74,6,187.82
3982,1312,51,4,169.43
3983,1312,27,6,268.8
3984,1313,90,3,288.71
3985,1313,64,6,41.05
3986,1313,119,1,430.79
3987,1313,118,2,415.42
3988,1313,134,2,497.4
3989,1314,121,5,319.03
3990,1314,133,2,210.7
3991,1314,135,4,483.89
3992,1315,75,5,161.08
3993,1315,115,6,394.7
3994,1315,17,-1,349.37
3995,1315,137,3,311.72
3996,1315,114,3,435.87
3997,1316,24,4,227.16
3998,1316,62,3,369.08
3999,1316,84,2,406.02
4000,1316,47,3,41.55
4001,1316,46,4,106.21
4002,1317,33,4,249.42
4003,1317,119,1,372.57
4004,3042,125,3,106.19
4005,1317,97,2,185.22
4006,1317,46,5,249.17
4007,1318,93,1,320.99
4008,1319,122,2,461.73
4009,1320,138,4,442.16
4010,1320,63,6,438.99
4011,1320,93,2,204.59
4012,1321,162,6,303.34
4013,1321,43,1,20.77
4014,1322,57,3,256.03
4015,1322,40,2,389.62
4016,1323,144,3,245.7
4017,1323,52,1,486.88
4018,1323,172,-1,229.61
4019,1323,117,1,340.67
4020,1323,133,5,374.56
4021,1324,128,6,69.14
4022,1324,11,1,121.82
4023,1324,10,5,423.36
4024,1324,62,1,399.09
4025,1325,13,2,57.08
4026,1325,142,1,358.74
4027,1326,77,3,80.63
4028,1326,60,6,16.53
4029,1326,44,6,332.16
4030,1327,146,2,380.19
4031,1327,30,4,94.35
4032,1327,133,6,189.8
4033,1327,117,3,37.35
4034,1328,120,1,448.37
4035,1329,49,6,213.27
4036,1329,18,2,295.09
4037,1329,140,6,229.08
4038,1329,77,5,141.84
4039,1330,42,2,361.2
4040,1330,84,2,
4041,1331,149,3,409.64
4042,1332,72,2,462.45
4043,1333,95,6,333.68
4044,1333,59,6,20.2
4045,1333,49,4,178.15
4046,1334,54,4,471.81
4047,1334,6,1,373.06
4048,1335,89,6,174.65
4049,1335,47,6,
4050,1335,18,5,252.97
4051,1335,73,6,86.59
4052,1335,64,6,183.44
4053,3012,35,2,469.54
4054,1336,86,6,402.02
4055,1336,27,6,446.4
4056,1336,106,3,73.99
4057,1336,171,5,474.98
4058,1337,124,2,135.52
4059,1337,84,6,216.8
4060,1337,58,4,149.58
4061,1338,123,2,356.5
4062,1338,17,4,326.32
4063,1339,62,1,95.61
4064,1339,103,4,275.86
4065,1339,98,2,314.75
4066,1340,118,6,37.39
4067,1341,135,3,321.16
4068,1341,131,6,12.81
4069,1341,14,6,87.27
4070,1342,146,1,
4071,1342,75,3,39.47
4072,3006,71,2,400.96
4073,1343,134,5,
4074,1343,92,3,262.63
4075,1343,162,1,68.4
4076,1344,17,2,60.08
4077,1344,21,4,363.28
4078,1345,50,1,324.64
4079,1345,66,4,160.85
4080,1345,10,4,
4081,1346,140,3,363.13
4082,1347,133,1,215.97
4083,1347,59,4,337.06
4084,1347,148,1,296.62
4085,1347,69,1,306.75
4086,1347,116,1,294.85
4087,1348,133,3,169.71
4088,1348,39,3,151.03
4089,1349,110,2,267.68
4090,1349,101,3,439.73
4091,1349,44,6,439.35
4092,1349,5,4,309.91
4093,1350,130,-3,445.71
4094,1350,58,1,431.04
4095,1350,25,4,30.22
4096,1350,111,6,84.5
4097,1351,84,6,323.27
4098,1351,144,4,213.37
4099,1352,142,6,16.4
4100,1353,101,2,13.26
4101,1353,53,5,485.18
4102,3042,104,4,396.65
4103,1353,7,3,27.19
4104,1354,107,2,346.85
4105,1355,90,3,464.28
4106,1356,74,2,210.64
4107,1356,47,5,24.03
4108,1356,130,3,269.69
4109,1356,4,1,141.7
4110,1356,31,4,187.56
4111,1357,72,4,435.79
4112,1358,91,6,446.89
4113,1358,138,5,453.87
4114,1358,109,5,425.61
4115,1358,95,3,444.64
4116,1359,73,2,260.51
4117,3001,12,6,247.81
4118,1359,64,1,424.0
4119,1359,172,5,233.63
4120,1360,30,4,12.18
4121,1360,69,1,392.69
4122,1360,103,4,73.23
4123,1361,34,1,390.92
4124,1361,44,1,92.5
4125,1361,106,3,451.71
4126,1361,99,4,437.15
4127,1362,150,3,438.78
4128,1362,46,3,207.08
4129,1363,58,2,384.82
4130,1363,10,1,220.86
4131,1363,79,2,358.52
4132,1364,160,5,245.14
4133,1364,52,6,41.98
4134,1364,41,4,368.37
4135,1364,105,1,446.4
4136,1364,115,2,67.33
4137,1365,34,2,166.83
4138,1365,77,6,345.64
4139,1365,50,2,190.37
4140,1365,6,3,266.94
4141,1365,104,2,279.28
4142,1366,151,4,399.56
4143,1366,75,6,
4144,1366,132,6,456.28
4145,1367,19,5,495.92
4146,1367,23,2,281.35
4147,1367,79,3,401.98
4148,1368,12,5,337.64
4149,1368,114,4,
4150,1369,82,6,409.76
4151,1369,101,2,196.36
4152,1370,72,3,49.3
4153,1370,81,6,139.8
4154,1370,41,3,210.04
4155,1370,136,4,373.06
4156,1371,18,4,247.82
4157,1371,97,6,413.13
4158,1371,131,6,301.45
4159,1371,115,6,279.76
4160,1372,1,3,237.14
4161,1372,50,6,390.44
4162,1372,108,6,482.16
4163,1373,123,2,381.54
4164,1373,4,3,484.42
4165,1373,64,3,166.63
4166,1373,44,1,133.22
4167,1374,127,3,355.23
4168,1374,3,5,235.85
4169,1374,43,1,122.28
4170,1375,133,3,260.3
4171,1375,69,2,311.08
4172,1376,141,3,90.84
4173,1376,67,5,152.87
4174,1377,143,1,227.34
4175,1377,66,2,155.75
4176,1377,90,4,391.68
4177,1377,105,4,371.06
4178,1377,22,5,101.15
4179,1378,20,1,209.45
4180,1378,44,6,309.81
4181,1379,123,4,369.07
4182,1379,119,6,65.6
4183,1379,142,1,229.56
4184,1379,69,5,306.01
4185,1380,50,2,30.41
4186,1380,49,1,222.41
4187,1381,123,1,174.89
4188,1381,47,5,284.2
4189,1381,1,1,237.66
4190,1382,30,4,150.97
4191,1382,103,2,493.9
4192,1383,63,6,483.4
4193,1383,26,3,227.22
4194,1384,149,5,286.71
4195,1384,11,6,3.93
4196,1384,33,2,36.29
4197,1385,79,2,437.77
4198,1385,59,4,317.46
4199,1385,80,5,61.18
4200,1386,34,4,283.57
4201,1386,6,5,309.15
4202,1387,45,3,322.22
4203,1388,124,2,290.78
4204,1388,31,1,78.06
4205,1388,11,1,475.46
4206,1388,90,4,42.08
4207,3021,132,2,364.51
4208,1389,70,-3,385.09
4209,1389,71,2,458.11
4210,1389,27,1,492.92
4211,1390,34,6,368.5
4212,1390,13,1,148.52
4213,1390,146,3,153.41
4214,1390,7,1,493.56
4215,1390,28,3,412.62
4216,1391,99,5,316.94
4217,1392,127,-3,208.78
4218,1392,86,6,396.14
4219,1392,89,6,156.21
4220,1392,144,6,271.13
4221,1392,127,4,442.09
4222,1393,104,2,143.56
4223,1394,75,6,186.69
4224,1394,61,5,200.04
4225,1394,7,6,80.12
4226,1394,86,4,358.92
4227,1395,67,1,397.07
4228,1395,37,5,164.26
4229,1395,140,4,227.74
4230,1395,14,5,206.53
4231,1395,91,1,261.69
4232,1396,66,6,346.61
4233,1396,82,1,123.65
4234,1397,159,5,154.3
4235,1397,35,6,
4236,1397,73,2,442.39
4237,1397,83,4,136.66
4238,1398,139,1,32.1
4239,1398,86,3,403.74
4240,1398,79,2,375.82
4241,1398,88,2,207.43
4242,1398,106,5,46.76
4243,1399,20,6,
4244,1400,98,3,196.93
4245,1400,57,6,492.28
4246,1400,76,3,87.42
4247,1400,125,5,158.95
4248,1400,147,1,
4249,1401,42,1,118.02
4250,1401,126,1,246.76
4251,1401,32,3,458.43
4252,1402,131,6,188.44
4253,1402,92,3,213.82
4254,1402,36,2,154.83
4255,1402,44,1,14.18
4256,1402,118,4,55.86
4257,1403,9,3,259.3
4258,1403,28,4,188.32
4259,1404,72,0,59.22
4260,1404,79,3,322.17
4261,1405,96,5,69.17
4262,1406,110,3,201.55
4263,1406,150,5,348.83
4264,1407,79,2,427.46
4265,1407,98,6,203.23
4266,1407,7,4,55.66
4267,1407,13,3,66.68
4268,1408,3,2,350.75
4269,1408,61,2,277.3
4270,1408,29,1,204.84
4271,1408,121,3,208.42
4272,1409,135,5,36.77
4273,1410,117,5,101.04
4274,1410,133,2,67.72
4275,1410,78,5,490.13
4276,1410,53,3,277.06
4277,1410,6,6,35.54
4278,1411,136,3,33.04
4279,1411,131,2,468.78
4280,1411,104,1,270.75
4281,1411,118,5,205.34
4282,1412,57,4,295.3
4283,1412,75,2,119.82
4284,1412,27,5,209.45
4285,1412,55,3,437.62
4286,1413,117,1,301.76
4287,1413,114,3,188.52
4288,1413,6,2,464.27
4289,1413,90,1,288.63
4290,1413,33,3,394.69
4291,1414,128,6,217.24
4292,1415,40,6,220.57
4293,1415,155,1,4.75
4294,1415,11,4,357.89
4295,1416,72,4,207.37
4296,1417,9,2,487.2
4297,1417,50,1,3.53
4298,1417,146,6,361.24
4299,1418,65,3,200.27
4300,1418,27,1,398.0
4301,1418,146,4,150.85
4302,1418,63,1,62.55
4303,1418,32,4,91.88
4304,1419,111,1,340.34
4305,1419,46,1,110.84
4306,1419,117,2,234.99
4307,1419,86,5,201.91
4308,1419,102,4,492.29
4309,1420,116,5,259.42
4310,1420,53,3,467.32
4311,1420,57,2,234.33
4312,1420,135,4,315.7
4313,1420,103,4,422.59
4314,1421,27,6,316.61
4315,1421,51,5,68.74
4316,1421,98,4,372.9
4317,1421,98,2,429.08
4318,1422,68,5,379.52
4319,3021,9,6,462.54
4320,1422,106,2,227.2
4321,1423,69,-3,380.74
4322,1423,22,1,162.15
4323,1423,48,4,380.97
4324,1423,87,3,88.17
4325,1424,20,3,382.09
4326,1424,37,2,38.13
4327,1424,123,4,204.39
4328,1424,67,3,449.37
4329,1424,61,1,281.13
4330,1425,132,2,111.42
4331,1426,47,4,193.12
4332,1426,6,3,
4333,3031,37,0,346.89
4334,1426,2,5,447.71
4335,1426,37,2,146.48
4336,1427,59,6,205.6
4337,1427,72,3,250.88
4338,1427,64,2,366.29
4339,1427,37,1,89.41
4340,1427,89,1,334.54
4341,3014,130,1,281.97
4342,1429,101,4,136.54
4343,1429,48,5,196.69
4344,1430,46,2,159.74
4345,1430,13,4,290.5
4346,1430,114,1,333.56
4347,1430,18,5,388.13
4348,1431,28,5,
4349,1431,88,3,321.78
4350,1431,123,6,45.6
4351,1432,117,6,292.73
4352,1433,85,1,468.82
4353,1433,131,1,230.69
4354,1433,93,5,291.49
4355,1433,106,4,94.34
4356,1434,147,3,424.23
4357,1434,69,6,80.07
4358,1434,40,1,236.28
4359,1435,47,2,68.2
4360,1435,123,5,367.09
4361,1436,66,1,53.17
4362,1436,94,6,10.33
4363,1437,161,2,163.34
4364,1437,110,6,498.12
4365,1437,20,6,447.23
4366,1437,51,3,45.3
4367,1438,63,6,450.03
4368,1438,106,2,76.12
4369,1439,66,5,89.34
4370,1439,118,5,477.21
4371,1439,132,4,186.47
4372,1439,28,3,210.86
4373,1439,133,1,208.89
4374,3049,111,1,122.78
4375,1441,98,2,
4376,1441,96,1,228.35
4377,1442,1,4,227.17
4378,1442,37,3,216.73
4379,1442,28,4,443.01
4380,1443,99,4,10.09
4381,1443,37,3,62.98
4382,1443,1,1,149.6
4383,1443,70,5,65.47
4384,1443,89,5,292.19
4385,1444,91,4,30.94
4386,1445,130,2,470.45
4387,1445,110,2,430.23
4388,1446,149,5,388.29
4389,1446,132,6,289.06
4390,1446,70,6,212.2
4391,1447,119,4,108.45
4392,1448,89,5,186.54
4393,1448,134,5,66.85
4394,1448,16,6,77.78
4395,1449,32,2,385.06
4396,1449,80,6,81.97
4397,1449,9,4,76.07
4398,1450,127,3,389.68
4399,1450,125,4,395.76
4400,1450,119,2,228.03
4401,1451,126,6,292.64
4402,1451,26,3,87.28
4403,1451,105,6,61.82
4404,1451,132,2,295.01
4405,1451,54,1,345.06
4406,1452,78,6,224.55
4407,1453,95,2,96.33
4408,1453,127,6,158.71
4409,1453,35,2,412.2
4410,1454,140,6,173.3
4411,1454,75,1,149.41
4412,1454,13,3,370.45
4413,1454,94,5,497.69
4414,1454,125,6,490.45
4415,1455,11,6,458.26
4416,1455,39,1,267.06
4417,1456,112,5,112.21
4418,1457,30,6,16.55
4419,1457,40,2,279.88
4420,1457,123,6,420.55
4421,1457,82,3,137.4
4422,1457,49,4,263.12
4423,1458,42,1,118.08
4424,1458,37,1,174.47
4425,1458,12,1,312.18
4426,1458,134,5,171.98
4427,1459,7,6,112.43
4428,1460,82,3,29.08
4429,1460,100,5,88.12
4430,1460,89,6,39.49
4431,1460,94,3,276.63
4432,1461,115,3,364.72
4433,1462,4,6,54.03
4434,1462,14,3,314.68
4435,1462,147,2,346.49
4436,1462,125,1,77.64
4437,1463,88,4,180.53
4438,1463,55,6,382.03
4439,1464,54,2,54.43
4440,1464,137,2,84.62
4441,1465,55,5,175.77
4442,1465,95,3,34.77
4443,1466,9,6,437.78
4444,1466,94,4,100.4
4445,1466,45,4,385.52
4446,1467,128,5,333.02
4447,1467,2,5,184.58
4448,1467,149,3,36.11
4449,1468,36,3,229.81
4450,1468,68,5,180.48
4451,1468,77,4,347.23
4452,1469,130,6,210.51
4453,1469,170,2,89.87
4454,1470,169,6,134.93
4455,1470,35,4,478.3
4456,1471,119,4,159.61
4457,1471,85,5,365.87
4458,1471,59,6,305.73
4459,1471,18,3,176.04
4460,1471,87,5,327.18
4461,1472,147,1,249.78
4462,1473,17,3,213.37
4463,3044,145,6,435.57
4464,1474,100,1,227.79
4465,1474,8,3,185.41
4466,1474,75,6,47.24
4467,1475,76,5,314.71
4468,1475,146,4,89.51
4469,1475,80,1,288.16
4470,1475,120,4,290.89
4471,1475,103,6,139.97
4472,1476,44,3,279.63
4473,1477,94,2,369.32
4474,1477,34,4,329.17
4475,1477,65,4,425.91
4476,1478,173,2,41.25
4477,1479,94,6,293.02
4478,1479,53,5,99.75
4479,1479,109,4,433.69
4480,3036,63,6,354.25
4481,1481,23,6,353.39
4482,1481,60,5,335.25
4483,1481,69,3,
4484,1481,26,5,302.04
4485,1481,125,5,421.31
4486,1482,45,5,92.98
4487,1482,76,6,161.07
4488,1483,26,3,239.48
4489,3041,75,6,495.84
4490,1483,48,2,383.14
4491,1483,139,6,492.31
4492,1483,62,6,130.95
4493,1484,88,4,168.05
4494,1485,58,3,118.62
4495,1485,13,3,307.76
4496,1486,142,3,43.42
4497,1486,14,1,472.67
4498,1486,118,6,144.39
4499,1486,55,5,378.91
4500,1487,26,3,304.05
4501,1488,155,5,413.15
4502,1488,66,6,293.22
4503,1488,91,2,382.48
4504,1488,79,6,418.81
4505,1488,1,4,436.88
4506,1489,125,1,370.4
4507,1489,131,5,198.77
4508,1489,144,1,490.66
4509,1490,20,5,389.1
4510,1490,128,5,109.68
4511,1491,113,3,78.35
4512,1491,82,1,426.35
4513,1492,48,2,487.4
4514,1493,114,1,174.73
4515,1494,110,2,462.56
4516,1495,117,3,496.14
4517,1495,49,4,342.15
4518,1495,46,2,46.54
4519,1495,95,6,263.09
4520,1496,133,6,63.87
4521,1496,70,1,444.74
4522,1496,1,2,459.36
4523,1496,82,3,144.04
4524,1496,114,1,414.84
4525,1497,48,3,414.49
4526,1497,9,5,341.3
4527,1498,97,2,116.03
4528,1499,44,4,419.99
4529,1499,31,1,86.01
4530,1499,111,1,153.73
4531,1499,46,2,147.57
4532,1500,113,5,41.32
4533,1501,22,5,254.85
4534,1501,92,1,439.98
4535,1502,6,4,32.37
4536,1502,25,3,
4537,1502,56,4,176.36
4538,1503,61,4,409.07
4539,1503,69,3,433.29
4540,1503,46,5,269.37
4541,1503,122,3,49.41
4542,1504,53,6,79.65
4543,1505,10,4,279.83
4544,1505,41,2,165.03
4545,1505,87,6,248.67
4546,1506,24,3,476.23
4547,1506,58,6,445.02
4548,1506,113,3,227.59
4549,1506,43,6,39.72
4550,1506,4,3,169.66
4551,1507,12,4,493.82
4552,1507,137,3,44.3
4553,1508,11,2,376.11
4554,1508,57,4,175.94
4555,1508,145,2,50.65
4556,1508,82,2,
4557,1509,120,1,209.7
4558,1509,132,5,186.51
4559,1510,110,3,225.82
4560,1510,145,6,69.09
4561,1511,15,3,266.51
4562,1511,132,4,265.42
4563,1511,116,6,453.98
4564,1511,82,5,266.38
4565,1511,113,5,56.83
4566,1512,41,4,323.92
4567,3010,40,2,
4568,1513,95,6,161.13
4569,1513,125,1,407.88
4570,1513,97,6,35.36
4571,1513,28,4,283.5
4572,1513,15,4,476.62
4573,1514,40,6,296.93
4574,1514,117,2,375.96
4575,1515,118,3,231.06
4576,1515,60,6,209.83
4577,3026,89,4,463.46
4578,1515,114,-3,232.59
4579,1515,95,6,192.49
4580,1516,180,3,405.95
4581,1516,6,2,68.81
4582,1516,144,5,50.61
4583,1516,20,5,367.77
4584,1517,163,4,260.53
4585,1517,29,3,396.37
4586,1517,59,5,78.45
4587,1517,35,5,254.91
4588,1517,38,0,406.93
4589,1518,100,1,353.94
4590,1518,22,6,73.54
4591,1518,135,6,174.61
4592,1518,44,3,71.74
4593,1518,46,6,162.21
4594,1519,50,0,346.03
4595,1520,61,5,214.38
4596,1521,79,2,373.54
4597,1521,50,1,449.55
4598,1521,149,4,226.21
4599,1522,9,6,218.78
4600,1522,18,6,396.63
4601,1522,77,5,130.74
4602,1522,129,6,205.3
4603,1523,63,6,174.25
4604,1524,55,2,424.91
4605,1524,45,4,162.25
4606,1524,75,3,385.91
4607,1524,79,3,96.99
4608,1524,40,3,209.61
4609,1525,76,2,277.91
4610,1525,64,3,111.53
4611,1525,42,5,367.94
4612,1525,124,3,318.29
4613,1525,57,5,59.18
4614,3020,19,1,336.98
4615,1526,23,1,386.7
4616,1526,40,3,138.84
4617,1526,140,6,170.93
4618,1527,115,3,443.83
4619,1527,36,3,328.8
4620,1528,8,3,10.52
4621,1529,4,3,146.68
4622,1529,49,6,193.18
4623,1530,114,2,52.93
4624,1530,16,2,252.96
4625,1530,21,3,482.5
4626,1530,35,1,336.12
4627,1531,73,5,417.36
4628,1532,106,6,346.19
4629,1533,14,3,132.0
4630,1533,126,2,474.48
4631,1533,79,5,283.27
4632,1534,74,6,364.86
4633,1534,160,6,201.53
4634,1535,115,3,284.24
4635,1535,89,5,194.02
4636,1535,46,2,171.19
4637,1535,3,6,66.54
4638,1536,86,2,186.51
4639,1536,125,2,409.12
4640,1537,9,1,61.14
4641,1537,61,3,207.39
4642,1537,46,1,290.83
4643,1537,141,4,117.8
4644,1538,90,6,293.49
4645,1538,72,2,82.05
4646,3039,72,2,216.94
4647,1539,37,4,331.62
4648,1539,40,4,54.14
4649,1539,36,5,472.14
4650,1540,97,1,321.9
4651,1540,102,5,147.78
4652,1540,61,1,192.62
4653,1540,80,2,421.99
4654,1541,63,4,117.76
4655,1542,44,6,410.12
4656,1542,16,6,400.35
4657,1542,75,6,137.66
4658,1543,119,3,382.36
4659,1544,75,3,411.45
4660,1544,26,1,102.72
4661,1544,63,2,230.01
4662,1544,98,1,32.0
4663,1545,117,4,25.17
4664,1546,5,3,214.99
4665,1546,105,6,194.59
4666,1546,28,3,
4667,1547,51,5,422.36
4668,3033,100,1,277.43
4669,1547,125,6,444.03
4670,1548,38,5,297.43
4671,1548,28,5,303.15
4672,3033,25,1,182.93
4673,1548,9,4,342.79
4674,1548,106,5,168.89
4675,1549,131,4,170.49
4676,1549,126,2,308.3
4677,1550,63,3,485.79
4678,1550,110,3,125.78
4679,1550,17,5,162.28
4680,1550,87,2,229.51
4681,1550,65,2,268.9
4682,1551,74,3,103.24
4683,1551,80,4,480.72
4684,1552,110,3,270.81
4685,1552,126,5,55.55
4686,1552,84,4,141.91
4687,1553,56,3,157.24
4688,1554,107,4,460.12
4689,1554,126,3,247.5
4690,1554,87,6,418.41
4691,1554,64,1,186.22
4692,1554,115,4,382.92
4693,1555,128,2,118.85
4694,1555,125,3,19.64
4695,1555,144,5,63.64
4696,1555,48,1,111.26
4697,1556,63,5,368.79
4698,1556,51,2,457.86
4699,1556,112,3,352.05
4700,1556,69,5,453.26
4701,1556,132,3,313.99
4702,1557,120,4,148.26
4703,1557,76,6,29.92
4704,1557,46,6,402.11
4705,1558,35,6,200.66
4706,1558,147,0,96.08
4707,1559,59,3,132.98
4708,1560,114,3,499.23
4709,1561,73,4,126.61
4710,1561,107,1,271.35
4711,1561,146,6,29.71
4712,1561,109,4,348.29
4713,1561,97,6,100.49
4714,1562,72,1,101.1
4715,1563,78,6,294.26
4716,1563,17,1,383.68
4717,1564,8,3,339.67
4718,1565,47,4,111.21
4719,1565,39,3,221.59
4720,1565,124,4,40.2
4721,1566,76,6,51.98
4722,1566,127,5,43.21
4723,1566,123,1,246.7
4724,1566,58,6,433.58
4725,1566,21,4,486.99
4726,1567,44,3,28.6
4727,1567,137,4,219.63
4728,1567,55,3,225.93
4729,1567,119,1,286.66
4730,1568,23,6,3.52
4731,1568,156,6,431.32
4732,3001,79,4,424.31
4733,1568,57,4,378.09
4734,1568,74,3,155.84
4735,1569,107,6,154.1
4736,1569,70,2,6.83
4737,1569,97,4,15.74
4738,1569,96,6,267.05
4739,1569,124,4,109.54
4740,1570,74,5,67.1
4741,1570,153,2,198.44
4742,1570,96,1,419.64
4743,1570,114,3,77.89
4744,1571,65,-3,78.65
4745,1571,124,1,129.77
4746,1572,110,6,295.01
4747,1572,123,6,391.37
4748,1572,52,2,264.91
4749,1572,54,4,396.09
4750,1572,115,6,270.65
4751,1573,37,1,414.49
4752,1573,61,4,317.01
4753,1574,7,5,457.63
4754,1574,54,2,419.35
4755,1574,139,2,79.67
4756,1574,137,1,221.86
4757,1574,138,4,116.77
4758,1575,12,5,453.97
4759,1576,59,3,244.5
4760,1576,66,1,119.99
4761,1576,121,4,265.49
4762,1576,138,4,73.19
4763,1576,94,2,203.27
4764,1577,38,6,
4765,1577,77,5,348.2
4766,1577,170,5,216.08
4767,1577,146,6,323.5
4768,1578,84,3,157.3
4769,1579,125,2,475.8
4770,1579,76,4,33.56
4771,1579,114,2,349.72
4772,1580,83,2,8.21
4773,1581,16,4,403.05
4774,1581,112,2,346.86
4775,1581,92,5,
4776,1582,19,1,436.56
4777,1582,21,3,463.88
4778,1582,150,2,433.72
4779,1582,112,2,50.67
4780,1582,80,1,401.44
4781,1583,115,5,469.07
4782,1584,150,1,176.57
4783,1584,95,1,411.64
4784,1584,17,5,147.76
4785,1584,29,2,344.36
4786,1585,38,3,222.08
4787,3042,149,4,289.41
4788,1585,48,1,40.13
4789,1585,14,2,286.77
4790,1585,68,5,499.41
4791,1586,142,3,10.68
4792,1586,110,3,312.24
4793,1586,14,3,230.31
4794,1586,103,2,393.58
4795,1586,101,5,156.44
4796,1587,3,2,454.2
4797,1587,86,4,430.3
4798,1587,162,5,257.13
4799,1588,110,5,108.74
4800,1588,64,5,135.48
4801,1588,11,3,44.08
4802,1588,100,1,16.37
4803,1589,128,3,338.76
4804,1589,20,5,220.12
4805,1589,61,2,466.11
4806,1590,2,5,498.36
4807,1590,126,1,194.78
4808,1591,132,6,184.11
4809,1591,142,5,330.22
4810,1592,13,5,176.79
4811,1593,30,3,29.41
4812,1593,57,6,486.11
4813,1593,13,4,455.68
4814,1593,28,5,436.05
4815,1593,30,3,49.05
4816,1594,29,-1,459.6
4817,1594,102,5,147.38
4818,1594,61,6,112.26
4819,1595,93,3,25.64
4820,1595,34,5,215.66
4821,1595,69,3,56.54
4822,1595,99,5,203.74
4823,1596,96,2,182.3
4824,1597,89,1,448.66
4825,1597,122,3,415.73
4826,1598,59,6,382.54
4827,1598,105,2,274.5
4828,1599,51,6,159.1
4829,1599,4,3,16.72
4830,1599,39,4,245.09
4831,1600,147,1,254.87
4832,1600,39,1,299.87
4833,1600,150,6,54.92
4834,1600,111,5,36.14
4835,1600,116,6,128.2
4836,1601,55,4,176.72
4837,1601,93,1,470.57
4838,1601,77,3,116.27
4839,1602,170,1,38.64
4840,1602,2,5,322.25
4841,1602,89,5,142.05
4842,1602,84,2,429.17
4843,1602,120,4,41.71
4844,1603,62,5,193.16
4845,1603,120,2,14.53
4846,1603,5,6,139.91
4847,1604,97,3,362.69
4848,1605,22,4,29.22
4849,1605,97,2,230.12
4850,1605,57,5,32.45
4851,1605,99,3,132.4
4852,1605,37,6,132.31
4853,1606,54,5,97.35
4854,1606,50,3,294.94
4855,1606,98,6,282.15
4856,1607,3,1,350.51
4857,1607,75,1,427.75
4858,1607,108,1,489.08
4859,1608,45,1,271.39
4860,1608,43,3,425.92
4861,1608,138,3,152.4
4862,1609,40,6,434.0
4863,1609,114,4,53.76
4864,1610,86,2,215.79
4865,1610,117,1,41.9
4866,1610,58,6,248.03
4867,1610,68,3,257.13
4868,1610,85,4,254.72
4869,1611,134,5,182.92
4870,1611,10,2,345.56
4871,1611,17,4,492.54
4872,1611,6,4,362.71
4873,3003,66,3,162.48
4874,1612,20,2,83.68
4875,1613,150,3,50.98
4876,1613,58,2,455.88
4877,1614,105,6,372.68
4878,1614,68,4,324.06
4879,1615,101,4,251.52
4880,1615,21,6,303.93
4881,1615,77,2,198.44
4882,1615,107,1,359.48
4883,1615,49,3,285.08
4884,1616,26,3,228.67
4885,1616,121,2,6.28
4886,1616,110,6,10.23
4887,1616,111,1,188.42
4888,1616,127,4,304.53
4889,1617,146,1,314.95
4890,1618,70,2,330.74
4891,1618,10,1,59.2
4892,1618,102,4,104.57
4893,1618,34,5,205.98
4894,1619,95,6,37.59
4895,1619,16,6,432.03
4896,1619,65,2,467.63
4897,1619,75,-1,221.16
4898,1619,53,6,232.09
4899,1620,149,5,227.33
4900,1620,134,3,96.61
4901,1620,86,1,354.48
4902,1620,12,6,5.43
4903,1620,142,3,288.4
4904,3004,150,1,153.09
4905,1621,143,6,123.34
4906,1621,42,6,111.93
4907,1621,47,4,70.42
4908,1621,148,2,108.31
4909,1622,33,5,228.41
4910,1622,95,5,411.8
4911,1622,87,2,407.09
4912,1623,5,5,53.75
4913,1623,99,3,390.33
4914,1624,1,5,235.62
4915,1624,64,1,344.09
4916,1624,88,2,30.27
4917,1624,53,5,267.1
4918,1625,120,3,92.5
4919,3012,127,6,117.52
4920,1626,98,4,382.46
4921,1626,61,1,298.64
4922,1626,139,6,73.08
4923,1627,78,1,
4924,1627,80,1,179.82
4925,1627,98,1,155.14
4926,1628,22,3,94.32
4927,1628,36,6,156.47
4928,1628,115,5,130.06
4929,1629,117,2,112.94
4930,1629,172,4,477.44
4931,1629,20,1,132.86
4932,1629,116,1,100.82
4933,1630,69,3,11.21
4934,1630,102,4,86.06
4935,1631,104,3,470.75
4936,1631,131,4,218.45
4937,1632,99,4,5.37
4938,1632,53,4,281.79
4939,1633,25,1,475.15
4940,1633,146,3,143.71
4941,1634,79,3,64.22
4942,1635,140,3,
4943,1635,48,5,158.75
4944,1636,3,4,337.19
4945,1637,41,4,25.85
4946,1637,12,1,407.54
4947,1638,19,1,108.65
4948,1638,60,6,183.23
4949,1638,25,2,79.57
4950,1638,38,2,368.78
4951,1639,92,6,122.82
4952,1639,128,4,124.09
4953,1639,41,4,220.49
4954,1639,168,6,67.73
4955,1639,105,3,132.33
4956,1640,163,2,192.92
4957,1640,143,5,64.31
4958,3018,13,5,
4959,1641,56,3,290.86
4960,1641,20,6,206.87
4961,1642,1,3,171.86
4962,3046,44,5,280.55
4963,1642,134,6,463.23
4964,1643,55,4,138.68
4965,1643,85,1,328.43
4966,1643,130,-3,162.11
4967,1643,10,4,90.08
4968,1644,32,2,438.87
4969,1644,22,2,259.96
4970,1644,73,3,207.04
4971,1645,49,5,451.15
4972,1646,26,5,462.09
4973,1646,31,5,43.36
4974,1646,25,1,383.65
4975,1646,102,5,51.4
4976,1646,30,6,216.11
4977,1647,102,4,281.81
4978,1647,143,4,344.15
4979,1647,20,2,267.3
4980,1647,114,3,9.27
4981,1648,122,1,278.71
4982,1648,25,6,151.14
4983,1648,24,3,13.39
4984,1649,119,5,398.81
4985,1649,149,1,465.1
4986,1649,58,-1,54.68
4987,1649,51,2,388.7
4988,1649,2,1,362.5
4989,1650,80,5,70.34
4990,1650,134,5,263.06
4991,1650,28,5,72.42
4992,1650,66,3,425.77
4993,1651,22,5,100.43
4994,1651,150,1,484.37
4995,1652,123,2,36.93
4996,1653,100,5,123.66
4997,1654,93,5,174.87
4998,1654,14,3,390.17
4999,1654,23,2,160.86
5000,1654,72,4,196.71
5001,1654,29,1,
5002,1655,87,5,185.51
5003,1656,105,6,71.21
5004,1656,8,2,436.26
5005,1657,138,5,253.48
5006,1657,133,2,410.1
5007,1657,42,6,271.47
5008,1658,1,2,292.72
5009,1659,4,1,466.36
5010,1659,80,6,416.91
5011,1659,87,-1,226.7
5012,1659,12,5,342.05
5013,1659,2,2,429.8
5014,1660,133,5,135.56
5015,1661,105,4,351.13
5016,1661,122,4,230.47
5017,1662,77,2,312.52
5018,1662,139,4,273.46
5019,1662,25,3,84.44
5020,1662,10,5,237.82
5021,1662,111,3,268.53
5022,1663,137,4,480.58
5023,1663,26,5,289.77
5024,1663,72,1,86.62
5025,1663,138,2,444.02
5026,1663,20,-1,90.92
5027,1664,92,2,332.61
5028,1664,13,-1,161.3
5029,1665,73,2,91.78
5030,1665,11,5,479.28
5031,1665,125,6,31.45
5032,1665,1,1,361.41
5033,1665,129,3,211.43
5034,1666,31,1,420.46
5035,1666,82,4,31.21
5036,1666,9,1,379.78
5037,1667,176,1,151.01
5038,1667,98,1,189.06
5039,1667,96,2,59.47
5040,1668,55,1,231.36
5041,1668,123,6,483.41
5042,1668,56,6,490.25
5043,1668,59,4,211.96
5044,1668,97,5,415.89
5045,1669,130,4,282.09
5046,1669,10,4,434.51
5047,1669,89,6,275.92
5048,1670,149,2,123.31
5049,1671,144,1,74.76
5050,1671,54,1,241.83
5051,1671,18,5,333.57
5052,1671,105,5,361.37
5053,1671,50,5,388.7
5054,1672,125,4,437.82
5055,1672,134,4,392.02
5056,1672,3,6,410.8
5057,1672,76,2,204.41
5058,1673,137,3,175.03
5059,1674,60,2,252.4
5060,1675,111,4,56.7
5061,1675,105,1,400.53
5062,1675,107,1,407.97
5063,1675,43,3,69.46
5064,1675,96,6,368.57
5065,1676,51,1,
5066,1676,41,4,44.02
5067,1676,16,6,260.86
5068,1676,137,6,427.27
5069,1677,75,2,92.69
5070,1677,33,6,276.25
5071,1678,149,3,126.74
5072,1678,135,5,377.68
5073,1678,117,5,169.45
5074,1678,49,6,457.64
5075,1679,90,5,302.14
5076,1679,8,4,486.9
5077,1679,109,6,252.51
5078,1680,128,3,152.36
5079,1680,22,5,398.96
5080,1680,45,5,284.86
5081,1680,21,1,376.69
5082,1680,36,5,107.48
5083,3035,28,6,498.13
5084,1681,116,3,29.81
5085,1681,158,3,233.75
5086,1682,120,5,138.27
5087,1682,16,2,492.24
5088,1682,91,2,219.03
5089,1682,92,5,311.62
5090,1683,108,2,49.31
5091,1683,21,3,252.4
5092,1683,44,1,62.39
5093,1684,164,4,230.26
5094,1684,48,3,357.3
5095,1684,121,5,37.49
5096,1685,135,2,23.62
5097,1685,76,6,443.36
5098,1685,110,3,355.25
5099,1685,4,3,174.45
5100,1686,48,4,419.71
5101,1686,40,2,6.33
5102,1687,133,5,126.96
5103,1687,79,4,325.38
5104,1688,1,6,282.91
5105,1688,69,6,122.12
5106,1688,86,2,41.42
5107,1688,131,6,5.05
5108,1688,33,3,375.65
5109,1689,92,1,265.58
5110,1689,115,1,145.15
5111,1689,120,5,52.51
5112,1689,146,4,31.97
5113,1689,129,6,22.25
5114,1690,177,3,345.29
5115,1691,52,4,475.75
5116,1691,90,3,331.54
5117,1691,66,6,217.34
5118,1691,97,6,366.82
5119,1692,72,5,11.62
5120,1693,55,4,225.33
5121,1694,122,2,92.68
5122,1695,58,4,452.07
5123,1695,54,3,60.46
5124,1695,104,5,499.35
5125,1695,13,3,426.67
5126,1695,42,3,376.82
5127,1696,78,5,30.88
5128,1696,100,2,162.06
5129,1697,13,5,250.64
5130,1697,55,2,277.13
5131,1697,138,3,466.61
5132,1697,51,1,185.33
5133,1697,28,3,115.21
5134,1698,117,4,479.75
5135,1698,125,1,182.59
5136,1698,145,2,118.78
5137,1699,43,4,210.95
5138,1699,1,1,254.2
5139,1699,93,1,369.3
5140,1699,34,-1,158.67
5141,1700,166,3,101.5
5142,1700,68,2,297.1
5143,1700,104,4,199.16
5144,1700,82,5,468.34
5145,1700,8,5,287.97
5146,1701,62,2,176.8
5147,1701,142,3,492.96
5148,1701,25,1,175.95
5149,1701,140,1,417.39
5150,1701,42,4,107.22
5151,1702,36,5,279.79
5152,1702,126,1,115.28
5153,1703,57,4,229.14
5154,1703,17,6,11.93
5155,1703,24,1,344.56
5156,1703,141,3,42.61
5157,1704,42,6,432.61
5158,1704,120,2,127.15
5159,1704,74,1,460.1
5160,1704,144,1,345.08
5161,1704,53,3,223.23
5162,1705,27,4,344.75
5163,1705,4,2,262.52
5164,1705,89,5,318.62
5165,1705,19,4,309.63
5166,1705,147,2,489.11
5167,1706,109,4,460.35
5168,1706,109,5,332.81
5169,1706,119,4,333.69
5170,1706,11,3,408.04
5171,1706,64,2,114.32
5172,1707,24,6,250.88
5173,1707,115,2,273.68
5174,1707,174,3,486.61
5175,1708,18,1,258.44
5176,1708,43,5,10.48
5177,1709,89,4,379.03
5178,1709,56,6,300.43
5179,1710,3,2,325.67
5180,1710,79,1,247.56
5181,1710,140,3,200.31
5182,1710,41,5,414.88
5183,1710,109,6,485.05
5184,1711,101,2,254.21
5185,1711,127,6,424.04
5186,1712,115,6,41.08
5187,1712,2,3,287.42
5188,1712,12,1,433.61
5189,1712,6,1,496.21
5190,1713,9,3,434.42
5191,1713,76,4,130.61
5192,1713,89,3,493.08
5193,1714,94,4,378.26
5194,1714,106,1,192.78
5195,1714,79,-1,468.81
5196,1715,1,5,184.85
5197,1715,101,5,404.63
5198,1715,130,2,156.54
5199,1716,141,3,35.22
5200,1716,7,6,481.84
5201,1716,134,4,300.49
5202,1717,94,2,229.51
5203,1717,150,2,476.93
5204,1717,61,3,356.53
5205,1717,148,0,465.12
5206,1718,62,6,330.43
5207,1718,33,2,277.55
5208,1719,29,5,148.66
5209,1720,151,4,121.78
5210,1720,44,1,286.55
5211,1720,147,4,45.43
5212,1720,39,6,64.07
5213,1720,22,2,86.28
5214,1721,80,6,13.92
5215,1721,8,1,224.81
5216,1722,141,6,89.08
5217,1722,74,2,51.09
5218,1722,167,4,144.57
5219,1722,113,2,83.7
5220,1723,41,2,435.74
5221,1723,21,3,173.15
5222,1723,125,5,
5223,1724,24,3,
5224,1724,77,1,162.9
5225,1724,149,2,418.41
5226,1725,96,5,459.78
5227,1725,116,3,359.35
5228,1725,164,4,
5229,1726,157,6,223.44
5230,1726,74,4,260.44
5231,3049,90,5,343.37
5232,1728,141,1,281.16
5233,1728,122,1,258.67
5234,1728,149,3,60.16
5235,1728,71,2,340.33
5236,1729,41,5,423.4
5237,1730,172,2,300.05
5238,1731,119,5,450.43
5239,1731,65,2,19.87
5240,1731,13,6,
5241,1732,27,3,191.76
5242,1732,4,5,186.48
5243,1732,13,1,44.88
5244,1732,131,4,13.7
5245,1732,117,3,459.41
5246,1733,150,2,416.91
5247,1733,121,3,401.47
5248,1733,38,5,141.8
5249,1734,35,6,271.87
5250,1734,20,6,405.3
5251,1735,83,1,153.1
5252,1735,14,1,44.48
5253,1735,13,2,407.94
5254,1736,121,-1,377.39
5255,1737,112,1,325.58
5256,1737,15,1,75.45
5257,1737,134,5,307.07
5258,1737,38,4,291.59
5259,1737,101,4,62.63
5260,1738,175,0,284.71
5261,1738,164,2,93.04
5262,1738,99,3,285.57
5263,1738,132,6,321.94
5264,1739,84,4,175.14
5265,1739,143,1,449.42
5266,1739,66,5,487.41
5267,1740,12,1,5.85
5268,1740,139,5,96.54
5269,1740,22,5,86.72
5270,1740,61,4,170.38
5271,1740,111,5,189.63
5272,1741,97,1,496.42
5273,1741,7,3,250.9
5274,1741,92,2,45.29
5275,1741,112,6,442.54
5276,1742,131,2,206.93
5277,1742,2,6,436.97
5278,1742,62,1,22.79
5279,1742,135,6,127.04
5280,1743,140,6,417.86
5281,1743,113,1,426.09
5282,1743,129,3,196.35
5283,1743,5,6,402.82
5284,1743,106,1,130.54
5285,1744,146,3,197.3
5286,1744,5,1,330.65
5287,1744,6,6,428.44
5288,1744,96,1,125.34
5289,1745,150,6,450.64
5290,1745,92,3,93.32
5291,1746,124,-1,392.45
5292,1746,72,1,220.52
5293,1746,11,5,257.25
5294,1747,118,4,105.54
5295,1747,92,-1,498.7
5296,1748,88,1,104.4
5297,1748,49,3,413.06
5298,1748,22,5,103.52
5299,1748,15,3,342.98
5300,1749,121,1,49.66
5301,1749,96,1,172.04
5302,1749,83,2,469.38
5303,1749,50,5,467.01
5304,1750,145,3,352.72
5305,1750,94,4,190.97
5306,1750,13,2,218.72
5307,1751,12,1,435.06
5308,1751,86,3,412.22
5309,1751,95,1,97.65
5310,1751,4,1,357.53
5311,1751,88,4,369.23
5312,1752,39,4,54.32
5313,1752,12,3,241.34
5314,1752,114,3,405.66
5315,1752,2,2,489.08
5316,1753,24,4,494.06
5317,1753,92,5,227.47
5318,1753,17,2,307.96
5319,1753,149,1,237.17
5320,1754,24,6,125.06
5321,1755,8,3,26.88
5322,1756,80,4,268.82
5323,1757,52,5,237.67
5324,1758,59,2,7.06
5325,1758,79,5,464.58
5326,1758,112,4,159.29
5327,1758,43,1,120.31
5328,1758,76,2,133.03
5329,1759,20,6,340.48
5330,1760,143,2,357.69
5331,1761,72,6,269.33
5332,1761,102,6,485.41
5333,1761,31,4,372.24
5334,1762,123,2,45.4
5335,1763,104,6,471.09
5336,1763,91,3,475.72
5337,1763,147,2,
5338,1763,120,6,472.07
5339,1764,62,5,129.9
5340,1765,88,2,408.92
5341,1765,150,5,259.95
5342,1765,131,2,
5343,1765,129,6,171.84
5344,1766,89,1,69.16
5345,1767,42,6,463.21
5346,1767,46,5,479.31
5347,1767,105,3,423.4
5348,1767,88,1,132.02
5349,1768,83,3,47.36
5350,1768,134,5,52.77
5351,1768,92,2,288.24
5352,1769,39,2,22.67
5353,1769,18,4,391.94
5354,1769,104,2,81.98
5355,1769,115,6,334.12
5356,1769,124,3,148.94
5357,1770,90,6,48.1
5358,1770,14,3,343.23
5359,1770,100,2,214.82
5360,1770,77,2,136.13
5361,3023,67,3,378.05
5362,1771,82,2,405.8
5363,1771,142,3,79.6
5364,1771,167,2,29.73
5365,1772,73,5,476.08
5366,1772,137,5,356.76
5367,1772,151,4,172.24
5368,1772,47,3,367.93
5369,1772,55,4,129.53
5370,1773,171,2,132.57
5371,1773,90,6,
5372,1774,59,4,281.79
5373,1774,68,5,175.99
5374,1774,68,3,225.22
5375,1774,27,4,132.36
5376,1774,133,5,424.01
5377,1775,42,1,102.17
5378,1775,17,5,9.85
5379,1775,61,5,465.43
5380,1775,26,3,405.76
5381,1776,78,4,421.34
5382,1776,62,3,368.29
5383,1776,88,2,53.36
5384,1776,30,4,186.42
5385,1776,36,4,262.51
5386,3006,105,3,104.4
5387,1777,7,5,347.73
5388,1777,18,1,371.54
5389,1778,79,6,497.64
5390,1778,25,3,96.84
5391,1778,18,3,270.9
5392,1778,3,1,24.47
5393,1779,115,2,146.19
5394,1779,80,1,194.93
5395,1779,75,4,68.4
5396,1780,147,2,387.58
5397,1780,134,1,206.89
5398,1781,71,5,181.87
5399,1781,146,1,477.34
5400,1781,129,2,141.42
5401,1782,52,2,277.43
5402,1782,76,6,404.39
5403,1782,74,1,448.15
5404,1782,5,4,271.31
5405,1782,133,-3,319.33
5406,1783,124,5,136.24
5407,1783,2,2,87.51
5408,1783,103,2,162.16
5409,1783,45,2,248.96
5410,1784,19,4,259.33
5411,1784,21,5,298.65
5412,1784,43,2,252.55
5413,1785,31,5,25.56
5414,1785,103,1,115.71
5415,1785,46,3,180.52
5416,1785,40,6,134.27
5417,1786,127,3,90.03
5418,1786,116,2,259.01
5419,1786,135,4,423.77
5420,1786,14,1,391.57
5421,1786,117,4,192.77
5422,1787,149,4,364.41
5423,1787,60,3,252.27
5424,1787,10,5,496.06
5425,1788,84,6,416.28
5426,1789,44,6,62.54
5427,1789,119,4,271.86
5428,1789,91,3,377.92
5429,1789,116,4,42.2
5430,1789,6,4,167.06
5431,1790,123,1,211.06
5432,1790,67,5,283.14
5433,1790,32,4,261.12
5434,1791,156,3,289.08
5435,1792,3,2,449.46
5436,1793,81,1,100.4
5437,1793,59,1,186.48
5438,1793,64,2,466.05
5439,1794,70,5,487.21
5440,1795,139,3,494.52
5441,1795,46,2,242.05
5442,1795,134,6,422.41
5443,1795,25,4,140.39
5444,1795,107,1,272.79
5445,1796,66,4,325.57
5446,1796,105,3,139.22
5447,1796,21,3,85.74
5448,1796,86,0,495.97
5449,1796,35,3,114.45
5450,1797,47,3,344.56
5451,1797,38,1,113.14
5452,1797,60,4,379.28
5453,1797,120,1,255.94
5454,1798,78,6,453.48
5455,1798,16,5,346.26
5456,1799,130,4,379.05
5457,1799,33,4,98.94
5458,1799,1,5,
5459,1799,121,1,260.65
5460,1799,53,3,271.38
5461,1800,48,6,313.37
5462,1800,42,3,437.2
5463,1801,73,2,457.08
5464,1801,75,4,365.26
5465,1801,117,4,280.35
5466,1802,33,6,62.94
5467,1802,137,2,45.44
5468,1802,53,5,430.2
5469,1803,46,1,43.98
5470,1804,143,4,19.7
5471,1804,44,6,102.29
5472,1804,130,3,337.21
5473,1805,179,1,179.35
5474,1805,68,1,37.58
5475,1805,31,4,200.48
5476,1805,120,1,51.47
5477,1805,13,2,239.36
5478,1806,67,3,53.55
5479,1806,145,1,407.14
5480,1806,131,3,375.41
5481,1806,87,5,188.49
5482,1806,89,5,347.92
5483,1807,119,2,354.79
5484,1808,36,3,365.14
5485,1808,45,2,406.45
5486,1809,122,3,339.69
5487,1809,81,2,228.11
5488,1810,110,4,310.51
5489,3028,49,4,43.0
5490,1810,47,4,151.57
5491,1811,118,6,309.79
5492,1812,163,1,334.92
5493,1812,47,5,168.44
5494,1812,134,3,320.69
5495,1813,58,6,355.41
5496,1813,92,1,387.32
5497,1813,104,5,271.54
5498,1813,101,-1,116.74
5499,1813,96,1,212.78
5500,1814,139,3,102.89
5501,1815,115,4,92.24
5502,1815,125,3,162.05
5503,1815,123,5,214.65
5504,1816,104,1,478.95
5505,1816,74,6,396.24
5506,1816,131,3,144.73
5507,1816,6,5,398.04
5508,1816,130,3,188.51
5509,1817,43,6,43.9
5510,1817,83,2,28.48
5511,1818,42,5,43.39
5512,1818,116,5,25.41
5513,1818,27,3,463.33
5514,1818,103,5,431.45
5515,1819,54,2,114.76
5516,1819,64,3,257.07
5517,1819,129,6,6.97
5518,1819,112,3,225.88
5519,1819,155,5,
5520,1820,103,1,9.5
5521,1820,66,5,291.43
5522,1820,37,6,
5523,1820,76,2,379.72
5524,1821,30,2,229.88
5525,1821,41,1,233.61
5526,1821,30,3,376.9
5527,1821,29,1,238.78
5528,1821,119,3,12.81
5529,1822,68,4,7.74
5530,1822,52,2,113.65
5531,1822,58,4,54.22
5532,1822,8,6,176.17
5533,1823,105,5,281.18
5534,1823,117,2,67.94
5535,1823,135,5,389.75
5536,1823,94,6,11.35
5537,1823,146,3,297.27
5538,1824,87,2,44.74
5539,1824,146,1,481.66
5540,1825,146,3,
5541,1825,53,6,316.9
5542,1825,160,2,478.24
5543,1826,74,4,178.78
5544,1827,73,3,175.48
5545,1827,133,2,309.81
5546,1827,69,1,11.79
5547,1827,55,2,349.9
5548,1827,147,4,417.1
5549,1828,37,3,481.7
5550,1828,49,6,334.46
5551,1828,119,6,154.17
5552,1828,134,1,224.99
5553,1829,93,5,421.77
5554,1829,40,4,83.16
5555,1830,78,4,374.03
5556,1830,60,1,474.6
5557,1831,64,5,370.6
5558,1832,43,5,422.86
5559,1832,6,3,20.82
5560,1832,14,5,122.98
5561,1833,6,5,438.94
5562,1833,135,3,153.68
5563,1833,119,5,169.78
5564,1833,76,2,248.65
5565,1834,38,2,412.89
5566,1834,48,2,194.53
5567,1835,49,1,305.71
5568,1835,47,6,113.53
5569,1836,57,3,296.03
5570,1836,55,2,460.18
5571,1836,56,2,456.7
5572,1836,56,6,162.18
5573,1837,111,3,315.83
5574,1837,18,6,286.28
5575,1837,63,5,499.73
5576,1837,80,2,263.44
5577,1838,105,1,14.72
5578,1838,89,3,51.15
5579,1838,140,5,378.34
5580,1838,23,5,34.87
5581,1839,117,1,441.46
5582,1839,92,2,132.63
5583,1840,25,4,8.22
5584,1841,104,2,388.41
5585,1841,115,0,334.07
5586,1842,122,2,227.48
5587,1843,62,2,255.83
5588,1843,16,6,400.46
5589,1844,36,1,324.08
5590,1844,54,1,263.93
5591,1844,117,6,270.07
5592,1844,161,3,182.73
5593,1845,25,3,4.77
5594,1845,50,1,326.69
5595,1846,2,4,442.87
5596,1846,99,6,98.36
5597,1846,23,3,471.56
5598,1847,120,1,222.0
5599,1848,133,5,90.86
5600,1848,97,2,491.81
5601,1848,125,2,98.4
5602,1849,70,1,295.61
5603,1849,37,1,483.34
5604,1849,71,6,12.64
5605,1850,114,3,95.09
5606,1850,87,3,229.76
5607,1850,108,5,326.4
5608,1851,42,2,94.57
5609,1851,115,4,6.64
5610,1852,57,1,441.22
5611,1853,36,1,444.51
5612,1853,12,0,109.75
5613,1853,13,6,240.85
5614,1854,92,1,158.99
5615,1854,51,4,321.04
5616,1855,97,3,304.06
5617,1855,83,1,355.74
5618,1855,81,2,299.45
5619,1855,81,2,47.1
5620,1855,101,4,124.2
5621,1856,21,3,191.42
5622,1857,162,6,334.43
5623,1857,67,4,137.32
5624,1857,47,4,321.33
5625,1857,5,2,102.55
5626,1858,43,2,334.35
5627,1858,28,5,353.36
5628,1858,77,1,215.17
5629,1858,94,4,138.76
5630,1859,77,3,400.0
5631,1859,53,2,85.01
5632,1860,58,2,320.67
5633,1860,133,1,42.89
5634,1860,108,3,134.01
5635,1860,112,4,4.61
5636,1860,25,3,59.98
5637,1861,128,6,358.33
5638,1861,30,6,337.61
5639,1861,90,1,292.73
5640,1861,77,6,317.54
5641,1861,32,3,42.71
5642,1862,8,1,417.83
5643,1862,129,2,17.89
5644,1862,89,3,46.4
5645,1863,80,5,129.84
5646,1864,139,3,286.06
5647,1864,118,4,116.3
5648,1865,3,4,29.23
5649,1866,92,4,486.37
5650,1866,100,6,81.9
5651,1866,129,5,244.16
5652,1866,138,4,383.21
5653,1866,20,1,143.01
5654,1867,128,4,74.17
5655,1867,54,1,477.0
5656,1868,15,4,422.68
5657,1868,72,3,253.37
5658,1868,14,3,135.66
5659,1868,63,5,316.17
5660,1869,109,5,208.59
5661,1869,86,2,226.91
5662,1869,54,6,40.68
5663,1869,33,1,272.25
5664,1870,96,6,144.84
5665,1871,101,4,7.25
5666,1871,19,3,273.62
5667,1872,38,4,165.31
5668,1873,54,6,378.41
5669,1873,36,2,452.94
5670,1873,15,5,483.83
5671,1873,8,5,469.26
5672,1874,24,2,225.34
5673,1875,127,6,299.74
5674,1875,34,1,
5675,1876,69,6,162.96
5676,1876,76,1,43.17
5677,1876,35,4,375.08
5678,3044,38,5,
5679,1877,64,2,375.53
5680,1877,51,4,360.55
5681,1878,20,3,212.04
5682,1878,138,1,8.81
5683,1878,74,2,447.2
5684,1878,61,5,253.78
5685,1879,149,6,34.93
5686,1879,144,5,459.52
5687,1879,37,6,250.37
5688,3035,61,1,381.28
5689,1879,53,3,171.63
5690,1880,77,4,275.82
5691,1880,40,2,321.17
5692,1880,96,1,49.58
5693,1880,114,6,464.57
5694,1880,174,2,152.5
5695,1881,53,4,213.63
5696,1881,17,4,235.61
5697,1881,139,1,463.36
5698,1881,48,4,434.78
5699,1882,94,5,31.85
5700,1882,80,6,364.55
5701,1882,46,4,60.55
5702,1882,84,3,446.45
5703,1883,80,4,412.63
5704,1884,12,6,371.05
5705,1884,4,2,380.57
5706,1884,135,5,222.29
5707,1885,43,5,149.89
5708,1885,83,1,342.61
5709,1886,158,2,72.28
5710,1886,7,4,44.09
5711,1886,122,5,437.72
5712,1886,101,3,52.66
5713,1887,78,1,324.98
5714,1887,79,6,365.4
5715,1888,51,1,10.99
5716,1888,87,1,182.08
5717,1889,1,4,78.54
5718,1889,9,5,140.17
5719,1889,65,4,121.39
5720,1890,53,4,428.49
5721,1890,88,1,
5722,1890,96,6,249.48
5723,1890,40,3,429.64
5724,1890,102,5,186.75
5725,1891,30,1,134.88
5726,1891,130,-1,411.37
5727,1891,108,1,282.12
5728,1891,29,4,156.57
5729,1892,45,3,381.31
5730,1892,83,4,68.24
5731,1893,26,6,499.59
5732,1893,13,3,248.52
5733,1893,22,3,25.42
5734,1893,172,5,187.87
5735,1894,67,2,315.25
5736,1894,41,3,319.07
5737,1894,131,4,470.2
5738,1894,126,5,244.0
5739,1894,51,-1,414.86
5740,3015,2,3,96.8
5741,1895,65,5,452.38
5742,1895,37,5,147.68
5743,1895,53,3,8.63
5744,1896,13,6,113.37
5745,1897,4,3,235.69
5746,1897,107,3,370.52
5747,1897,16,3,465.84
5748,1898,167,2,278.64
5749,1898,25,1,230.21
5750,1898,132,1,396.25
5751,1899,79,3,73.82
5752,1900,55,6,388.52
5753,1900,54,2,113.79
5754,1900,16,3,441.08
5755,1900,8,3,163.89
5756,1901,43,6,17.48
5757,1902,138,3,394.17
5758,1902,134,4,318.98
5759,1902,12,3,250.18
5760,1903,52,2,21.98
5761,1904,105,2,220.6
5762,1904,16,3,378.2
5763,1904,75,1,59.95
5764,1905,29,1,457.87
5765,1905,49,4,70.9
5766,1905,67,1,422.31
5767,1905,72,4,207.51
5768,1906,39,1,435.73
5769,1906,60,2,474.11
5770,1906,75,1,325.48
5771,1906,136,1,386.43
5772,1906,101,2,91.03
5773,1907,73,6,102.44
5774,1907,37,1,151.05
5775,1907,117,1,383.07
5776,1907,101,5,183.83
5777,1908,100,1,147.65
5778,1908,106,1,270.68
5779,1908,105,1,217.27
5780,1909,57,2,368.99
5781,1909,115,5,36.3
5782,1909,159,3,114.25
5783,1909,100,4,348.9
5784,1910,63,6,377.38
5785,1910,120,2,110.42
5786,1910,149,4,378.13
5787,1911,57,1,474.87
5788,1911,99,6,288.08
5789,1911,30,3,398.97
5790,1911,77,4,
5791,1912,67,6,297.41
5792,1912,103,6,427.97
5793,1912,11,5,68.97
5794,1912,99,4,246.49
5795,1913,99,3,
5796,1913,116,1,326.61
5797,1913,131,5,51.57
5798,3032,140,1,446.9
5799,1914,149,6,341.22
5800,1914,96,1,132.7
5801,1914,1,5,87.92
5802,1914,76,4,349.19
5803,1915,144,4,425.11
5804,1915,14,2,266.37
5805,1915,51,6,134.74
5806,1916,102,1,383.81
5807,1916,114,3,107.21
5808,1917,15,6,230.14
5809,1917,77,1,69.31
5810,1917,84,5,231.28
5811,1918,29,1,206.67
5812,1918,30,1,42.36
5813,1918,103,6,
5814,1918,64,4,67.98
5815,1919,82,1,53.41
5816,1919,103,6,371.18
5817,1919,67,6,289.78
5818,1920,104,3,348.19
5819,1920,82,5,212.64
5820,1920,7,6,205.58
5821,1920,124,4,484.34
5822,1920,26,2,204.45
5823,1921,129,5,147.15
5824,1921,6,5,274.94
5825,1921,121,3,32.24
5826,1921,109,5,29.82
5827,1921,136,3,15.76
5828,1922,124,1,480.93
5829,1922,20,5,312.89
5830,1922,47,5,476.13
5831,1922,119,4,
5832,1923,66,2,454.13
5833,1924,80,1,411.76
5834,1924,37,1,349.18
5835,1924,94,2,347.99
5836,1924,125,5,429.88
5837,1924,73,3,159.48
5838,1925,22,3,441.65
5839,1925,23,2,365.46
5840,1925,65,6,495.37
5841,1926,53,1,455.21
5842,1926,115,2,197.33
5843,1926,85,2,93.48
5844,1927,82,5,377.58
5845,1928,12,2,114.58
5846,3011,83,1,498.98
5847,1929,77,4,230.36
5848,1929,36,1,337.95
5849,1929,86,4,361.18
5850,1929,11,2,214.3
5851,1929,137,4,182.71
5852,1930,35,1,467.41
5853,1931,41,1,412.11
5854,1931,102,3,197.15
5855,1931,114,2,59.38
5856,1932,138,5,137.2
5857,1932,84,3,201.98
5858,1933,12,3,271.75
5859,1933,12,1,291.02
5860,1933,139,5,311.92
5861,1934,72,4,394.83
5862,1934,147,5,174.65
5863,1934,145,0,398.2
5864,1935,137,5,
5865,1936,53,4,234.07
5866,1936,127,3,155.87
5867,1937,27,2,460.86
5868,1937,144,3,390.87
5869,1937,21,4,71.15
5870,1937,23,3,137.96
5871,1938,4,3,
5872,1938,100,1,248.89
5873,1938,149,4,470.37
5874,1939,78,0,433.02
5875,1940,46,-1,462.39
5876,1940,143,4,496.54
5877,1941,52,3,412.61
5878,1941,65,2,219.08
5879,1941,113,3,306.29
5880,1942,98,2,143.27
5881,1942,91,5,
5882,1943,18,4,259.04
5883,1944,122,2,67.31
5884,1944,60,6,142.25
5885,1945,45,3,313.24
5886,1945,79,6,411.25
5887,1945,126,5,84.85
5888,1945,60,1,38.74
5889,1945,74,3,407.09
5890,1946,7,6,309.97
5891,1946,22,4,50.1
5892,1946,134,1,171.47
5893,1947,44,4,219.61
5894,1947,77,1,347.38
5895,1947,109,4,203.73
5896,1947,7,3,198.52
5897,1948,56,2,241.89
5898,1948,123,6,114.46
5899,1948,48,6,130.69
5900,1949,46,6,207.87
5901,1950,130,1,417.76
5902,1950,142,5,422.4
5903,1951,19,6,205.31
5904,1951,118,1,149.27
5905,1951,49,5,253.15
5906,1951,97,3,471.27
5907,1951,50,6,269.13
5908,1952,7,1,
5909,1952,108,3,243.28
5910,1953,36,6,121.98
5911,1953,8,2,38.86
5912,1953,85,6,103.23
5913,1953,18,1,273.84
5914,1954,91,3,409.04
5915,1954,15,3,374.07
5916,1954,98,1,258.21
5917,1954,67,6,253.44
5918,1954,131,2,413.79
5919,1955,139,4,409.63
5920,1955,47,1,254.43
5921,1955,112,5,49.96
5922,1955,94,6,350.25
5923,1956,81,2,190.79
5924,1957,73,3,143.14
5925,1957,37,4,388.86
5926,1957,112,1,166.56
5927,1958,105,5,155.76
5928,1959,110,6,237.09
5929,1959,98,3,
5930,1959,139,2,250.52
5931,1959,128,1,449.14
5932,1960,79,3,403.24
5933,1960,96,3,455.63
5934,1960,142,3,421.76
5935,1960,101,3,153.92
5936,1960,89,6,228.88
5937,1961,116,5,322.66
5938,1961,109,6,494.55
5939,1961,124,4,447.85
5940,1961,73,4,386.29
5941,1962,99,4,429.85
5942,1962,21,4,115.81
5943,1962,148,5,316.47
5944,1962,125,2,143.72
5945,1963,31,1,407.28
5946,1963,107,4,83.79
5947,1964,62,2,106.36
5948,1964,106,2,211.95
5949,1964,33,1,279.5
5950,1964,118,3,293.68
5951,1964,120,1,310.47
5952,1965,66,3,392.03
5953,1965,28,1,348.5
5954,1965,141,2,132.39
5955,1965,131,5,169.78
5956,1965,33,-1,463.64
5957,1966,116,1,70.36
5958,1966,1,3,3.63
5959,1966,141,2,251.29
5960,1966,107,4,16.68
5961,1967,31,5,64.82
5962,1967,38,3,173.45
5963,1967,94,-3,338.15
5964,1967,107,6,114.65
5965,1967,43,2,430.38
5966,1968,8,2,355.42
5967,1969,61,3,99.51
5968,1969,69,6,280.58
5969,1969,4,4,428.72
5970,1969,73,6,411.88
5971,1970,102,2,488.79
5972,1971,3,6,294.87
5973,3036,50,1,426.06
5974,1971,118,6,19.84
5975,1972,58,5,340.73
5976,1973,23,4,301.69
5977,1973,3,1,281.99
5978,1973,41,1,276.28
5979,1973,106,2,56.41
5980,1973,7,5,30.14
5981,1974,48,3,346.22
5982,1974,174,4,452.49
5983,1974,46,2,296.7
5984,1974,72,4,96.5
5985,1974,87,1,90.73
5986,1975,44,4,390.61
5987,1975,135,5,404.48
5988,1975,135,1,114.31
5989,1975,51,3,32.57
5990,1976,16,4,383.92
5991,1976,7,2,241.3
5992,1976,1,6,289.32
5993,1976,19,1,74.27
5994,1977,14,4,193.31
5995,1977,122,4,75.04
5996,1977,43,0,9.59
5997,1977,149,6,63.69
5998,1978,18,2,339.63
5999,1978,43,4,42.6
6000,1978,139,2,465.11
6001,1979,78,2,336.28
6002,1980,166,6,309.46
6003,1980,117,5,266.35
6004,1980,17,5,156.25
6005,1980,118,3,337.29
6006,1980,150,3,336.54
6007,1981,96,6,183.19
6008,3034,135,2,54.4
6009,1982,71,2,302.1
6010,1982,111,4,280.88
6011,1982,87,4,167.31
6012,1982,141,4,269.84
6013,1983,135,6,424.03
6014,1983,110,5,435.55
6015,1983,73,2,281.22
6016,3004,89,1,309.09
6017,1984,72,5,146.43
6018,1984,7,4,401.98
6019,1984,70,3,162.09
6020,1985,31,1,457.03
6021,1985,125,6,385.88
6022,1985,137,5,363.76
6023,1985,93,1,115.53
6024,1986,96,2,94.15
6025,1986,92,5,259.7
6026,1986,122,2,156.09
6027,1986,31,5,73.43
6028,1986,109,3,181.61
6029,1987,134,2,245.01
6030,1987,95,-1,260.32
6031,1988,88,5,
6032,1988,142,1,418.35
6033,1989,146,2,460.35
6034,1989,91,6,225.37
6035,1990,110,4,40.88
6036,1990,28,2,384.88
6037,1990,111,1,297.54
6038,1990,93,1,157.28
6039,1990,125,1,63.11
6040,1991,76,2,491.61
6041,3012,58,2,413.3
6042,1991,58,6,250.42
6043,1991,28,5,268.68
6044,1992,165,1,177.76
6045,1992,118,6,334.87
6046,1992,63,2,130.03
6047,1993,104,5,135.16
6048,1993,71,2,131.57
6049,1993,123,2,23.79
6050,1993,26,4,78.33
6051,1994,64,1,454.69
6052,1994,23,1,56.98
6053,1994,14,6,269.08
6054,1995,99,4,226.94
6055,1995,61,4,462.86
6056,1995,61,2,177.71
6057,1996,40,6,382.19
6058,1996,125,0,324.28
6059,1997,143,1,273.4
6060,1997,77,3,498.67
6061,1997,2,4,137.61
6062,1998,145,4,215.93
6063,1998,63,1,378.13
6064,1998,7,1,180.59
6065,1998,70,1,57.29
6066,1999,77,2,260.35
6067,1999,22,5,233.22
6068,1999,74,6,224.61
6069,1999,117,4,108.33
6070,1999,120,4,423.63
6071,2000,42,3,404.91
6072,2000,147,3,484.8
6073,2000,74,4,
6074,2001,143,6,426.0
6075,2001,77,2,404.7
6076,2001,98,2,167.98
6077,2002,84,1,3.5
6078,2003,74,-1,448.81
6079,2003,100,4,433.6
6080,2003,129,5,473.75
6081,2003,81,1,120.88
6082,2003,118,3,339.25
6083,2004,171,2,124.58
6084,2004,40,1,174.88
6085,2004,74,4,453.67
6086,2004,109,4,101.08
6087,2004,14,3,481.78
6088,2005,92,3,499.84
6089,2005,55,2,360.06
6090,2005,11,4,464.54
6091,2006,9,6,478.51
6092,2007,147,5,
6093,2008,111,5,102.37
6094,2008,83,5,449.71
6095,2008,36,5,56.72
6096,2008,79,5,190.17
6097,2009,123,5,126.32
6098,2009,125,3,9.31
6099,3014,60,3,286.82
6100,2010,58,1,361.09
6101,2010,103,1,255.23
6102,2011,13,6,413.25
6103,2011,97,1,194.94
6104,2011,59,4,4.54
6105,2012,152,1,91.8
6106,2013,27,3,239.85
6107,2013,92,3,77.59
6108,2013,114,5,6.32
6109,2013,92,4,106.56
6110,2013,79,5,33.08
6111,2014,7,2,395.7
6112,2015,8,4,69.03
6113,2015,121,3,51.28
6114,2015,74,4,90.18
6115,2015,39,6,30.32
6116,2016,143,6,217.97
6117,2016,107,3,335.17
6118,2016,146,1,193.77
6119,2016,33,5,155.32
6120,2017,120,2,25.84
6121,2018,132,3,455.48
6122,2018,128,5,333.63
6123,2019,54,3,242.03
6124,2019,146,1,37.96
6125,2019,43,6,177.51
6126,2019,139,2,399.52
6127,2020,9,5,118.4
6128,2020,19,5,85.03
6129,2020,74,1,236.41
6130,2020,23,6,81.7
6131,2021,15,3,92.71
6132,2021,71,6,416.02
6133,2022,60,-1,171.33
6134,2022,117,4,479.33
6135,2022,108,3,337.39
6136,2022,143,2,110.69
6137,2023,78,2,89.26
6138,2024,85,1,353.97
6139,2024,75,1,10.75
6140,2024,8,6,368.64
6141,2025,70,1,438.24
6142,2025,28,5,315.83
6143,2025,110,5,115.4
6144,2025,6,6,231.25
6145,2025,67,6,424.25
6146,2026,121,5,216.79
6147,2026,137,6,91.42
6148,2026,95,5,307.15
6149,3033,87,3,44.44
6150,2027,143,1,321.59
6151,2027,126,5,138.1
6152,2027,83,3,203.68
6153,2027,26,4,147.34
6154,2027,52,3,344.12
6155,2028,89,2,318.63
6156,2028,6,4,148.26
6157,2028,70,1,261.03
6158,2028,49,5,149.86
6159,2029,163,6,369.53
6160,2030,39,5,356.38
6161,2030,31,6,428.66
6162,2031,113,1,233.11
6163,2031,4,5,481.73
6164,2032,121,3,413.53
6165,2032,133,6,410.78
6166,2033,14,5,245.59
6167,2033,22,1,473.84
6168,3045,134,1,378.3
6169,2033,136,5,494.57
6170,2034,1,4,431.23
6171,2034,77,3,46.37
6172,2034,147,2,447.98
6173,2034,68,1,499.5
6174,2035,38,5,56.61
6175,2035,140,3,457.59
6176,2035,141,1,374.12
6177,2036,34,6,444.47
6178,2036,133,5,480.09
6179,2036,77,4,440.39
6180,2036,138,3,169.34
6181,2036,119,6,369.92
6182,2037,93,5,401.14
6183,2037,105,1,
6184,2037,10,2,137.43
6185,2037,142,6,229.78
6186,2038,103,6,367.7
6187,2038,121,1,191.7
6188,2038,9,2,109.54
6189,2038,162,4,351.88
6190,2038,101,6,88.92
6191,2039,36,6,263.83
6192,2039,112,3,73.63
6193,2039,74,4,313.44
6194,2039,52,2,39.79
6195,2040,7,5,432.14
6196,2040,80,0,98.25
6197,2040,75,1,112.44
6198,2041,107,3,285.74
6199,2042,25,3,17.06
6200,2042,147,2,135.25
6201,2042,94,4,111.45
6202,2042,11,2,25.2
6203,2043,92,5,310.94
6204,2043,104,4,330.98
6205,2043,113,5,112.21
6206,2043,150,6,455.04
6207,2044,42,6,178.51
6208,2044,73,3,69.2
6209,2045,73,2,311.59
6210,2046,26,5,184.76
6211,2046,15,6,453.61
6212,2046,118,1,231.04
6213,2046,152,4,484.37
6214,2046,55,3,188.09
6215,2047,10,6,151.27
6216,2047,12,5,162.69
6217,2047,26,6,181.86
6218,2048,95,2,37.84
6219,2048,101,2,25.9
6220,2048,121,2,24.98
6221,2048,52,4,145.61
6222,2048,32,2,328.2
6223,2049,31,1,430.21
6224,2049,128,4,248.33
6225,2049,96,3,432.82
6226,2049,102,2,333.1
6227,2049,20,2,129.81
6228,2050,33,1,461.27
6229,2050,21,5,
6230,2050,20,3,59.09
6231,2050,142,5,467.2
6232,2051,160,5,103.43
6233,2051,55,2,454.53
6234,2051,90,1,225.83
6235,2051,37,3,369.76
6236,2052,23,6,262.03
6237,2052,2,2,369.61
6238,2052,145,6,158.94
6239,2052,110,2,461.5
6240,2053,133,2,231.07
6241,2053,21,3,356.19
6242,2054,59,2,492.87
6243,2054,39,5,62.84
6244,2055,152,2,233.93
6245,2055,5,5,122.15
6246,2055,41,5,136.26
6247,2055,60,1,259.97
6248,2055,58,5,197.84
6249,2056,38,1,293.88
6250,2056,129,4,395.79
6251,2056,4,6,318.96
6252,2056,99,2,413.67
6253,2056,30,2,207.89
6254,2057,34,1,364.31
6255,2057,32,5,414.79
6256,2057,115,5,272.56
6257,2057,12,1,225.25
6258,2057,51,5,57.8
6259,2058,35,5,133.4
6260,2058,31,5,134.52
6261,2058,45,5,60.6
6262,2058,123,6,405.97
6263,2058,59,1,111.19
6264,2059,11,2,382.54
6265,2059,6,5,367.16
6266,2059,57,3,390.93
6267,2059,114,5,44.23
6268,2060,47,3,18.55
6269,2060,45,3,395.68
6270,2060,132,3,180.97
6271,2060,113,1,316.46
6272,2061,82,3,421.23
6273,2061,129,4,420.54
6274,2061,48,6,342.32
6275,2061,94,6,17.21
6276,2061,38,1,221.9
6277,2062,92,4,96.89
6278,2062,31,4,438.18
6279,2062,122,5,104.95
6280,2063,5,4,429.73
6281,2063,33,5,60.93
6282,2064,6,1,277.18
6283,2064,48,6,367.71
6284,2064,107,2,47.67
6285,2065,45,4,120.1
6286,2065,69,6,
6287,2065,6,1,474.45
6288,2065,122,1,341.24
6289,2065,108,3,166.32
6290,2066,8,4,340.75
6291,2066,142,2,447.22
6292,2066,90,1,319.9
6293,2067,91,2,490.05
6294,2068,141,1,466.89
6295,2069,125,4,235.37
6296,2069,16,1,464.99
6297,2070,154,1,91.46
6298,2070,25,6,
6299,2070,133,2,53.32
6300,2070,75,3,181.08
6301,2071,18,3,439.61
6302,2072,141,4,348.73
6303,2072,121,2,363.87
6304,2072,129,4,463.18
6305,2072,69,4,424.39
6306,2073,21,4,296.1
6307,2073,63,3,409.9
6308,2074,66,1,348.34
6309,2074,129,5,33.79
6310,2074,60,4,498.08
6311,2074,85,1,338.53
6312,2074,20,5,206.07
6313,2075,19,5,271.22
6314,2075,122,1,
6315,2075,69,3,429.04
6316,2075,35,4,486.7
6317,2075,85,-1,183.05
6318,2076,91,5,68.98
6319,3033,77,2,433.67
6320,2076,139,6,237.32
6321,2076,28,4,85.28
6322,2077,149,6,420.75
6323,2077,74,1,361.39
6324,2077,107,6,296.66
6325,2077,61,4,
6326,2078,50,6,456.71
6327,2078,140,6,334.59
6328,2078,11,4,410.59
6329,2079,118,5,43.49
6330,2079,25,6,221.3
6331,2080,83,5,446.34
6332,2081,12,3,220.68
6333,2081,105,2,188.5
6334,2081,8,4,90.48
6335,2081,127,2,182.3
6336,2082,112,4,194.88
6337,2082,123,2,434.98
6338,2082,102,6,147.43
6339,2082,104,5,468.9
6340,2083,38,1,406.92
6341,2083,72,1,164.69
6342,2084,89,3,143.76
6343,2084,80,6,449.66
6344,2084,109,6,195.13
6345,2084,125,1,
6346,2084,113,2,375.03
6347,2085,6,6,16.0
6348,2085,108,1,363.04
6349,2085,128,5,221.15
6350,2085,16,-3,470.42
6351,2086,98,4,458.96
6352,2086,81,5,393.97
6353,2087,10,3,163.34
6354,2087,75,3,448.58
6355,2087,29,1,477.64
6356,2088,32,4,293.76
6357,2088,122,1,386.57
6358,2088,81,4,111.73
6359,2088,150,2,441.02
6360,2089,62,2,322.0
6361,3036,86,6,302.4
6362,2089,21,4,85.15
6363,2090,97,1,484.53
6364,2090,147,5,397.1
6365,2090,39,5,98.91
6366,2090,29,1,278.05
6367,2091,59,3,103.79
6368,2092,73,6,359.19
6369,2093,21,1,357.85
6370,2093,62,2,105.79
6371,2093,61,5,302.23
6372,2093,119,6,185.65
6373,2093,76,1,429.11
6374,2094,87,3,98.94
6375,2094,21,2,467.5
6376,2095,82,6,411.94
6377,2095,66,2,499.05
6378,2095,61,6,177.51
6379,2096,61,2,109.14
6380,2097,28,6,124.33
6381,2097,108,6,257.28
6382,2098,95,2,78.46
6383,2098,133,5,332.33
6384,2099,55,2,327.33
6385,2099,22,5,496.06
6386,2099,175,5,283.21
6387,2099,130,5,120.4
6388,2099,133,5,471.48
6389,2100,139,4,475.75
6390,2100,118,4,91.66
6391,2100,41,6,288.71
6392,2101,70,1,473.44
6393,2101,155,5,243.83
6394,2101,40,6,292.67
6395,2101,100,5,408.01
6396,2102,28,5,383.02
6397,2102,28,2,270.77
6398,2102,71,4,408.98
6399,2102,45,2,174.26
6400,2102,19,4,416.65
6401,2103,75,4,261.15
6402,2104,90,1,193.92
6403,2104,46,2,171.68
6404,2104,3,3,427.45
6405,2104,172,3,219.15
6406,2104,132,3,352.34
6407,2105,137,3,374.74
6408,2106,111,4,340.59
6409,2106,149,2,26.5
6410,2107,120,4,475.22
6411,2108,146,4,170.97
6412,2109,53,3,499.6
6413,2109,121,6,146.5
6414,2110,129,3,130.89
6415,2111,13,6,161.97
6416,2112,54,1,478.55
6417,2112,87,5,142.82
6418,2113,173,1,211.5
6419,2113,43,6,42.55
6420,2113,145,6,130.3
6421,2114,33,6,451.11
6422,2114,50,5,87.26
6423,2114,120,2,398.31
6424,2114,115,5,403.73
6425,2114,51,3,117.75
6426,2115,80,4,134.27
6427,2116,32,6,271.34
6428,2116,49,5,75.07
6429,2117,57,5,227.54
6430,2117,70,3,170.1
6431,2118,22,3,124.04
6432,2118,9,2,230.45
6433,2118,67,5,421.92
6434,2118,1,6,244.69
6435,2119,105,1,204.78
6436,2119,100,5,291.98
6437,2119,138,2,358.21
6438,2119,127,5,425.53
6439,2120,47,4,365.28
6440,2120,63,1,379.3
6441,2120,2,2,169.15
6442,2120,97,4,437.79
6443,2120,50,2,323.27
6444,2121,98,5,415.43
6445,3009,3,3,133.25
6446,2121,137,6,153.98
6447,2122,76,6,339.07
6448,2123,63,4,91.52
6449,2124,76,6,203.31
6450,2124,58,3,234.31
6451,2124,155,1,160.88
6452,2124,13,1,94.39
6453,2124,60,6,391.51
6454,2125,5,5,309.19
6455,2125,38,2,425.94
6456,2125,49,1,354.67
6457,2125,77,6,112.31
6458,2125,1,3,244.48
6459,2126,175,4,52.0
6460,2126,32,2,59.01
6461,2126,148,1,124.62
6462,2126,31,5,70.47
6463,2127,31,2,160.52
6464,2127,69,5,424.53
6465,2127,149,6,48.64
6466,2127,77,2,428.42
6467,2127,76,2,420.81
6468,2128,32,5,304.38
6469,2128,105,6,408.07
6470,2128,27,3,106.88
6471,2129,14,3,462.38
6472,2129,144,1,333.27
6473,2129,8,5,317.04
6474,2129,95,6,486.71
6475,2130,14,6,177.33
6476,2130,25,4,420.78
6477,2131,80,0,13.8
6478,2131,83,2,85.04
6479,2131,12,-3,214.39
6480,2131,142,1,471.14
6481,3026,35,2,174.28
6482,2132,110,5,161.89
6483,2133,34,5,60.17
6484,2133,75,6,273.08
6485,2133,73,1,371.95
6486,2133,25,2,87.62
6487,2134,58,3,273.58
6488,2134,36,4,326.94
6489,2135,13,6,322.4
6490,2135,157,3,172.33
6491,2136,94,4,350.35
6492,2136,9,3,498.3
6493,2136,145,2,11.69
6494,2136,70,1,264.57
6495,2136,116,5,464.75
6496,2137,48,2,318.91
6497,2137,118,3,475.31
6498,2138,159,5,412.32
6499,2138,78,5,191.78
6500,2138,51,2,
6501,2138,87,5,175.83
6502,2139,73,2,480.93
6503,2139,95,3,445.81
6504,2139,13,3,406.83
6505,2139,11,4,9.31
6506,2139,85,5,48.61
6507,2140,54,2,100.0
6508,2140,39,4,133.24
6509,2140,109,3,198.46
6510,2140,157,2,172.13
6511,2141,15,4,196.9
6512,2142,72,6,79.7
6513,2142,45,3,209.53
6514,2143,73,6,251.37
6515,2143,107,1,477.92
6516,2143,123,6,109.72
6517,2143,53,5,390.61
6518,2144,80,5,319.85
6519,3034,131,4,394.85
6520,2144,95,4,
6521,2145,44,2,217.23
6522,2145,37,2,374.65
6523,2146,60,1,341.09
6524,2146,41,4,463.75
6525,2146,115,3,217.94
6526,2146,121,4,449.26
6527,2147,51,5,407.79
6528,2147,69,5,229.34
6529,2148,109,5,15.82
6530,2148,123,1,124.4
6531,2149,4,2,177.31
6532,2149,3,2,417.97
6533,2149,23,2,194.58
6534,2149,47,5,303.62
6535,2150,11,1,416.19
6536,2151,99,6,17.05
6537,2151,69,4,204.67
6538,2151,52,4,144.2
6539,2151,108,1,
6540,2151,2,6,133.24
6541,2152,93,3,425.25
6542,2152,63,1,270.62
6543,2152,146,3,378.9
6544,2152,87,5,439.77
6545,2153,52,1,301.42
6546,2153,71,6,260.25
6547,2153,103,4,181.28
6548,2153,106,4,219.41
6549,2154,51,2,281.26
6550,2154,64,6,22.71
6551,2155,85,6,104.51
6552,2156,46,3,64.51
6553,2156,62,4,
6554,3033,125,2,111.94
6555,2156,48,4,394.63
6556,2156,37,3,399.78
6557,2157,13,6,
6558,2158,99,5,155.09
6559,2158,58,6,460.27
6560,2158,93,6,105.72
6561,2158,173,6,123.56
6562,2158,179,4,215.36
6563,2159,139,5,
6564,2160,33,2,306.26
6565,2160,71,5,486.44
6566,2160,111,5,293.61
6567,2161,64,4,265.46
6568,2161,68,4,368.6
6569,2161,14,6,237.51
6570,2162,127,4,136.57
6571,2162,135,2,227.13
6572,2162,87,3,125.13
6573,2162,123,2,291.96
6574,2163,73,4,296.46
6575,2163,131,1,415.5
6576,2163,8,4,358.26
6577,3002,142,4,382.04
6578,2164,65,1,122.12
6579,2164,86,5,293.64
6580,2164,56,5,7.12
6581,2164,106,4,316.36
6582,2165,129,4,402.31
6583,2165,80,2,187.21
6584,2165,28,1,131.67
6585,2165,130,1,22.75
6586,2166,103,6,191.82
6587,2166,22,6,132.27
6588,2166,116,6,17.87
6589,2166,34,2,213.16
6590,2166,88,6,470.88
6591,2167,86,4,231.73
6592,2167,8,2,58.27
6593,2168,144,3,242.8
6594,2168,77,6,273.77
6595,2168,106,6,371.75
6596,3011,15,2,16.73
6597,2169,51,5,140.39
6598,2169,126,2,97.49
6599,2169,81,6,51.64
6600,2169,100,5,423.65
6601,2170,19,6,222.55
6602,2170,52,3,101.59
6603,2170,37,4,199.03
6604,2171,17,5,358.32
6605,2171,69,2,357.6
6606,2171,58,5,272.46
6607,2171,55,3,463.82
6608,2171,141,1,381.38
6609,2172,129,4,218.44
6610,2172,105,5,484.81
6611,2173,34,1,498.08
6612,2173,126,2,330.41
6613,2173,77,5,32.89
6614,2173,76,4,306.26
6615,2173,24,6,409.11
6616,2174,42,4,86.36
6617,2174,131,1,26.69
6618,2174,96,1,393.48
6619,2174,40,2,400.6
6620,2174,10,3,458.9
6621,2175,127,2,26.85
6622,2175,145,3,440.01
6623,2175,60,5,67.18
6624,2175,143,2,487.76
6625,2176,90,6,310.02
6626,2176,121,5,281.44
6627,2176,130,3,394.84
6628,2176,36,2,135.86
6629,2176,148,1,202.94
6630,2177,3,1,245.13
6631,2178,12,3,259.41
6632,2178,15,4,444.71
6633,2178,17,3,105.01
6634,2179,76,4,254.63
6635,2179,36,1,448.97
6636,2179,38,1,441.94
6637,2179,41,2,295.23
6638,2180,25,2,434.7
6639,2181,112,2,251.76
6640,2181,29,1,295.28
6641,2181,50,1,176.53
6642,2181,64,6,263.91
6643,2182,77,5,305.1
6644,2182,56,1,76.85
6645,2183,58,6,230.34
6646,2183,136,3,144.95
6647,2184,77,3,149.59
6648,2184,11,1,81.6
6649,2184,31,-1,432.88
6650,3050,145,3,345.17
6651,2185,81,3,304.49
6652,2185,59,4,451.67
6653,2185,89,2,139.17
6654,2185,31,2,297.01
6655,2186,107,1,50.91
6656,2186,131,3,28.4
6657,2187,148,5,354.03
6658,2187,67,2,248.55
6659,2187,128,2,113.65
6660,2187,68,1,458.38
6661,2187,29,1,152.16
6662,2188,84,6,166.07
6663,2189,4,1,167.06
6664,2189,119,4,329.43
6665,2189,26,1,311.19
6666,2189,143,4,
6667,2189,135,5,329.42
6668,2190,93,3,493.55
6669,2191,136,5,422.6
6670,2191,11,3,425.52
6671,2192,142,6,247.12
6672,2192,139,2,343.78
6673,2193,122,4,49.78
6674,2193,26,2,21.4
6675,2193,42,4,91.42
6676,2194,129,1,154.7
6677,2194,47,6,462.1
6678,2195,2,3,436.43
6679,2195,144,1,315.24
6680,2195,81,5,392.48
6681,2195,48,5,119.35
6682,2195,173,2,165.68
6683,2196,139,2,
6684,2197,144,1,85.73
6685,2197,107,2,50.28
6686,2197,70,1,352.83
6687,2197,21,6,61.02
6688,2197,96,1,34.42
6689,2198,6,3,413.66
6690,2198,20,2,229.44
6691,2198,134,4,99.97
6692,2199,3,5,303.76
6693,2199,28,1,58.08
6694,2199,138,1,161.08
6695,2199,90,3,121.99
6696,2199,41,2,373.29
6697,2200,15,2,470.83
6698,2200,175,5,447.18
6699,2200,108,6,421.08
6700,2200,95,3,39.31
6701,2200,122,1,227.3
6702,2201,34,4,425.9
6703,2201,9,1,237.97
6704,2201,60,5,251.8
6705,2201,120,1,465.74
6706,2202,110,1,160.86
6707,2203,16,3,52.43
6708,2203,68,6,201.74
6709,2203,89,6,358.15
6710,2204,49,6,323.49
6711,2204,87,5,425.96
6712,2205,23,5,482.05
6713,2205,153,2,123.52
6714,2205,127,1,271.86
6715,2205,135,5,427.38
6716,2206,121,3,27.18
6717,2206,2,2,15.9
6718,2206,99,1,
6719,2206,7,2,371.26
6720,2207,117,6,15.7
6721,2207,30,2,411.59
6722,2207,27,2,250.7
6723,2207,9,1,114.5
6724,2207,30,2,424.42
6725,2208,6,3,160.8
6726,2208,116,6,137.53
6727,2208,97,2,52.25
6728,2208,159,5,445.87
6729,2209,21,2,395.0
6730,2210,104,2,330.7
6731,2210,121,6,158.58
6732,2211,111,4,
6733,2211,120,3,258.81
6734,2211,150,6,444.73
6735,2211,28,6,403.82
6736,2211,59,4,310.53
6737,2212,109,4,182.17
6738,2212,131,2,417.52
6739,2212,116,3,30.5
6740,2212,147,1,240.9
6741,2213,69,5,137.05
6742,2213,71,5,344.83
6743,2213,22,4,245.79
6744,2213,64,0,414.59
6745,2214,52,1,366.08
6746,2214,85,2,55.46
6747,2214,150,5,70.79
6748,2214,105,5,111.89
6749,2214,98,2,357.68
6750,2215,94,1,377.96
6751,2215,100,2,
6752,2215,105,4,210.48
6753,2216,149,1,222.94
6754,2216,109,4,39.62
6755,2217,142,4,446.19
6756,2217,35,2,488.22
6757,2217,64,4,123.15
6758,2218,44,5,227.24
6759,2219,127,1,322.63
6760,2220,49,5,296.39
6761,2220,37,2,242.2
6762,2221,85,5,476.26
6763,2221,112,4,229.94
6764,2221,45,1,57.85
6765,2222,74,2,281.81
6766,2222,45,1,157.21
6767,2222,96,6,495.65
6768,2222,13,2,46.83
6769,2222,98,2,124.88
6770,2223,101,3,470.3
6771,2223,148,4,172.25
6772,2223,136,1,324.93
6773,2223,71,3,443.55
6774,2224,2,6,227.56
6775,2224,109,5,246.73
6776,2224,102,1,221.3
6777,2224,144,4,126.34
6778,2224,74,3,308.56
6779,2225,80,1,
6780,2225,61,5,49.53
6781,2226,20,6,99.2
6782,2227,138,5,64.79
6783,2227,32,1,479.19
6784,2228,15,3,74.27
6785,2229,55,2,194.07
6786,2229,55,4,297.63
6787,2229,124,2,213.63
6788,2230,63,6,317.48
6789,2230,56,2,167.17
6790,2231,136,6,453.83
6791,2231,130,6,397.06
6792,2231,148,2,455.32
6793,2232,112,3,247.66
6794,2232,131,1,112.53
6795,2233,10,5,117.56
6796,2233,22,3,385.73
6797,2233,79,5,233.24
6798,2233,144,2,401.11
6799,2233,91,6,317.4
6800,2234,88,5,450.86
6801,2234,100,1,458.95
6802,2234,97,3,20.36
6803,2234,123,5,327.16
6804,2234,58,4,317.25
6805,2235,53,5,381.14
6806,2236,22,2,411.43
6807,2236,33,1,229.18
6808,2236,45,6,485.03
6809,3040,143,6,117.49
6810,2237,106,5,205.55
6811,2237,131,3,281.67
6812,2237,146,5,43.2
6813,2238,79,2,
6814,2238,38,3,309.99
6815,2238,129,2,331.22
6816,2238,63,1,418.93
6817,2238,61,4,483.22
6818,2239,97,6,490.46
6819,2239,99,6,411.6
6820,2239,38,4,463.78
6821,2239,111,1,4.77
6822,2239,42,-3,253.47
6823,2240,145,6,310.96
6824,2240,6,2,265.9
6825,2241,3,6,252.93
6826,2241,108,1,13.37
6827,2242,144,2,88.19
6828,2242,25,3,5.83
6829,2243,126,3,339.12
6830,2243,40,5,428.23
6831,2243,110,2,19.48
6832,2243,52,6,453.3
6833,2243,55,6,84.72
6834,2244,46,-1,406.16
6835,2244,118,3,332.08
6836,2244,67,1,461.53
6837,2244,74,2,7.51
6838,2245,132,6,356.58
6839,2245,125,2,443.79
6840,2245,67,4,62.12
6841,2245,55,5,53.63
6842,2246,143,2,106.71
6843,2246,87,2,490.87
6844,2246,75,2,
6845,2246,71,2,5.67
6846,2247,113,1,203.71
6847,2247,32,2,64.99
6848,2247,138,5,349.94
6849,2248,112,3,
6850,2249,143,6,58.14
6851,2249,109,6,59.92
6852,2249,97,5,346.32
6853,2249,110,4,339.74
6854,2250,41,4,207.06
6855,2250,140,6,158.78
6856,2250,116,2,57.22
6857,2250,64,2,371.34
6858,2250,34,2,25.98
6859,2251,81,6,33.71
6860,2251,122,4,276.66
6861,2252,38,1,136.43
6862,2253,119,1,319.46
6863,2253,93,2,273.01
6864,2253,87,1,216.35
6865,2253,32,2,268.64
6866,2254,111,6,353.9
6867,2255,108,4,68.77
6868,2256,122,4,84.65
6869,2256,31,2,220.94
6870,2256,16,1,172.53
6871,2257,53,6,122.38
6872,2257,30,3,473.09
6873,2257,55,4,105.65
6874,2257,10,1,236.5
6875,3046,138,1,305.64
6876,2258,4,4,13.84
6877,2258,61,5,288.12
6878,2258,18,4,309.93
6879,2258,144,4,72.28
6880,2258,115,1,132.66
6881,2259,134,5,193.77
6882,2260,150,6,438.95
6883,2261,32,2,102.76
6884,2261,137,6,91.42
6885,2262,96,1,293.78
6886,2262,85,6,277.13
6887,2262,28,4,376.38
6888,2263,65,4,442.92
6889,2263,5,5,52.29
6890,2263,101,6,361.74
6891,2263,141,6,158.1
6892,2263,90,3,
6893,2264,47,6,227.06
6894,2265,78,-1,345.73
6895,2265,104,1,219.9
6896,2265,149,2,36.03
6897,2265,129,1,453.84
6898,2266,46,5,332.44
6899,2266,125,1,480.37
6900,2266,159,3,118.28
6901,2267,11,6,394.37
6902,2268,115,1,57.29
6903,2269,134,6,36.54
6904,2269,44,6,387.62
6905,2269,66,4,360.64
6906,2270,28,6,477.64
6907,2270,56,1,95.05
6908,3040,124,5,316.07
6909,2271,147,6,329.56
6910,2271,172,1,117.31
6911,2272,43,3,323.25
6912,2272,145,4,460.61
6913,2273,75,1,495.75
6914,2273,46,1,293.72
6915,2273,137,4,389.7
6916,2273,140,5,138.02
6917,2274,6,4,20.12
6918,2274,44,1,233.48
6919,2274,9,2,467.86
6920,2274,111,3,332.96
6921,2274,60,1,77.58
6922,2275,18,4,119.31
6923,2275,85,2,350.2
6924,2275,19,5,442.21
6925,2275,30,5,465.01
6926,2276,71,2,135.46
6927,2276,120,1,207.32
6928,2276,119,1,13.11
6929,2277,60,6,162.84
6930,2277,30,3,284.8
6931,2277,59,3,194.22
6932,2277,59,2,87.65
6933,2278,102,3,111.86
6934,2279,20,1,300.44
6935,2279,135,6,262.82
6936,2279,22,2,
6937,2280,15,1,468.82
6938,2281,59,5,456.33
6939,2281,78,3,431.3
6940,2281,107,2,362.08
6941,2281,114,2,435.44
6942,3047,10,3,270.44
6943,2282,127,5,386.15
6944,2282,75,6,134.34
6945,2282,94,2,445.52
6946,2282,110,5,156.98
6947,2283,19,5,90.44
6948,2283,26,3,305.66
6949,2283,116,1,361.12
6950,2283,107,3,408.68
6951,2284,85,2,97.08
6952,2284,39,2,488.12
6953,2284,19,6,99.7
6954,2285,10,2,336.9
6955,2285,34,5,438.81
6956,2285,124,3,453.97
6957,2286,36,3,58.57
6958,2286,116,2,312.59
6959,2287,58,6,279.98
6960,2287,121,4,
6961,2287,38,6,422.08
6962,2287,35,1,30.61
6963,2287,101,5,126.25
6964,2288,49,3,365.48
6965,2288,56,6,158.81
6966,2288,105,3,114.52
6967,2288,29,3,41.65
6968,2289,38,1,
6969,2289,75,6,150.81
6970,2290,12,1,313.15
6971,2290,125,1,129.27
6972,2290,41,6,181.4
6973,2290,4,6,484.42
6974,2290,62,3,435.65
6975,2291,44,2,490.78
6976,2291,149,4,468.26
6977,2292,158,4,399.64
6978,2293,29,5,217.5
6979,2293,18,4,50.01
6980,2293,140,6,291.55
6981,2293,42,1,71.61
6982,2294,22,1,400.81
6983,2294,104,4,398.35
6984,2295,39,3,245.64
6985,2295,115,-1,272.32
6986,2295,154,2,257.65
6987,2295,4,3,426.2
6988,2295,26,6,325.1
6989,2296,127,1,75.21
6990,2296,56,5,41.12
6991,2297,55,4,135.18
6992,2297,35,4,6.41
6993,2297,136,4,190.64
6994,2297,146,6,246.98
6995,2297,59,2,423.43
6996,2298,107,4,46.23
6997,2298,88,4,337.94
6998,2298,118,6,204.83
6999,2298,112,5,349.48
7000,2299,99,1,355.03
7001,2299,12,5,249.52
7002,2299,52,3,6.18
7003,2300,168,1,216.27
7004,2300,94,2,419.39
7005,2300,44,4,169.66
7006,2301,40,6,486.63
7007,2301,100,2,30.64
7008,2302,86,3,264.09
7009,2302,37,1,396.83
7010,2302,79,1,471.06
7011,2302,127,6,363.55
7012,3022,26,6,322.51
7013,2303,126,3,189.98
7014,2303,47,5,286.34
7015,2304,73,4,372.97
7016,2305,13,2,78.44
7017,2305,109,5,211.71
7018,2305,72,6,445.33
7019,2305,17,5,24.11
7020,2306,143,3,78.56
7021,2306,30,5,340.96
7022,2306,123,1,89.32
7023,2307,65,4,270.79
7024,2308,14,5,458.23
7025,2308,60,6,242.36
7026,2309,56,5,93.81
7027,2309,150,2,109.57
7028,2309,31,4,349.34
7029,2309,144,4,379.98
7030,2309,1,5,398.29
7031,2310,162,1,189.79
7032,2311,66,4,346.47
7033,2311,70,1,180.85
7034,2311,105,4,256.91
7035,2312,65,6,192.19
7036,2313,95,6,140.44
7037,2313,38,5,66.43
7038,2313,143,2,253.59
7039,2313,69,3,481.36
7040,2313,115,2,175.3
7041,2314,89,5,144.03
7042,2315,9,5,49.31
7043,2315,106,6,362.82
7044,3032,24,1,53.83
7045,3027,67,5,64.67
7046,2316,132,1,359.03
7047,2316,115,3,446.65
7048,2317,148,4,447.23
7049,2317,17,3,398.26
7050,2318,149,5,
7051,2319,16,1,411.25
7052,2319,104,2,172.03
7053,3011,94,1,406.8
7054,2319,71,4,313.29
7055,2319,115,4,47.62
7056,2320,171,2,308.19
7057,2320,73,5,60.38
7058,2320,52,3,49.1
7059,2320,13,6,173.34
7060,2320,86,2,482.05
7061,2321,72,4,189.31
7062,2321,143,2,430.11
7063,2321,103,4,327.17
7064,2321,21,3,211.02
7065,2321,91,4,150.54
7066,2322,89,6,214.59
7067,2323,143,2,381.95
7068,2323,64,5,76.5
7069,2323,19,4,177.93
7070,2323,62,4,473.09
7071,2324,27,5,82.02
7072,2324,61,5,22.6
7073,2325,94,1,122.57
7074,2325,139,4,298.75
7075,2325,121,4,152.96
7076,2326,10,3,70.94
7077,2326,94,1,57.41
7078,2326,21,2,271.91
7079,2326,71,2,138.1
7080,2327,40,5,70.8
7081,2327,3,3,55.45
7082,2328,125,2,319.88
7083,2328,134,2,370.48
7084,2328,15,-3,434.5
7085,2328,149,2,272.38
7086,2328,38,3,267.97
7087,2329,73,1,160.92
7088,2329,24,6,84.19
7089,2329,48,4,318.24
7090,2329,92,2,449.34
7091,2330,150,6,78.17
7092,2330,122,2,207.38
7093,2330,141,3,181.61
7094,2331,100,3,475.23
7095,2331,129,5,367.86
7096,2332,57,4,466.67
7097,2333,143,6,387.21
7098,2333,18,1,410.67
7099,2333,21,1,385.48
7100,2334,108,1,288.6
7101,2334,8,6,260.1
7102,3004,25,3,73.22
7103,2334,114,5,331.51
7104,2335,92,3,392.3
7105,2336,15,4,167.38
7106,2337,64,4,438.4
7107,2337,54,4,135.95
7108,2338,145,-1,262.94
7109,2338,55,4,206.15
7110,2338,15,4,304.19
7111,2339,11,6,75.74
7112,2339,88,0,
7113,2340,122,5,67.78
7114,2341,83,2,248.99
7115,2341,130,4,29.4
7116,2341,123,4,454.44
7117,2341,49,4,411.69
7118,2341,105,1,288.79
7119,2342,95,1,495.7
7120,2342,45,5,448.5
7121,2342,139,1,189.9
7122,2342,102,1,427.42
7123,2343,87,5,252.12
7124,2343,2,5,263.44
7125,2343,50,4,144.71
7126,2344,122,3,407.92
7127,2345,47,3,
7128,2346,14,6,461.49
7129,2346,105,2,260.62
7130,2347,35,1,171.35
7131,2347,104,2,313.12
7132,2348,120,2,194.14
7133,2348,136,2,368.67
7134,2348,113,0,344.76
7135,2348,17,5,338.24
7136,2349,19,2,63.52
7137,2349,105,2,225.03
7138,2349,100,5,150.35
7139,2350,141,1,230.08
7140,2350,121,3,446.27
7141,2350,17,2,149.01
7142,2350,31,3,66.54
7143,2351,29,2,20.3
7144,2351,79,1,293.55
7145,2352,23,4,185.46
7146,2352,3,5,321.13
7147,2352,9,2,68.33
7148,2353,53,5,119.34
7149,2354,67,5,365.94
7150,2354,91,4,269.11
7151,2354,43,1,489.7
7152,2354,48,6,122.55
7153,2355,6,6,107.29
7154,2355,4,1,422.03
7155,2355,140,2,468.75
7156,2356,71,3,75.54
7157,2356,22,6,57.57
7158,2357,41,3,171.28
7159,2357,39,3,206.1
7160,2357,36,2,14.34
7161,2358,18,6,479.28
7162,2358,172,5,34.97
7163,2358,92,1,155.71
7164,2359,1,2,335.24
7165,2359,61,2,87.25
7166,2359,98,4,299.98
7167,2359,77,3,35.98
7168,2360,129,1,63.01
7169,2360,90,3,310.6
7170,2360,130,0,203.91
7171,2361,80,1,499.35
7172,2362,99,5,320.47
7173,2362,36,4,470.35
7174,2363,160,5,55.08
7175,2363,56,3,185.12
7176,2363,139,3,245.34
7177,2363,86,5,190.02
7178,2364,101,2,268.48
7179,2364,137,-3,100.83
7180,2364,100,2,77.41
7181,2365,35,1,175.62
7182,2365,139,1,410.56
7183,2365,53,2,240.19
7184,2365,143,5,458.38
7185,2365,122,2,97.39
7186,2366,134,5,256.5
7187,2366,10,3,287.11
7188,2367,91,6,199.06
7189,2367,133,4,171.84
7190,2367,16,3,365.56
7191,2367,35,6,311.35
7192,2367,96,6,80.86
7193,2368,60,5,361.11
7194,2368,111,3,376.81
7195,2368,9,4,227.56
7196,2369,69,3,446.05
7197,2369,28,4,403.05
7198,2369,46,4,384.76
7199,2369,72,1,292.0
7200,2369,67,4,75.14
7201,2370,35,3,184.16
7202,2370,87,4,258.41
7203,2370,2,3,162.36
7204,2371,176,6,314.69
7205,2372,116,4,182.64
7206,2372,46,2,127.57
7207,2373,140,1,34.07
7208,2373,20,1,262.51
7209,2374,150,6,132.45
7210,2374,128,1,280.67
7211,2375,68,3,266.32
7212,2375,24,1,232.3
7213,2375,84,3,208.91
7214,2375,79,6,429.94
7215,2375,63,5,273.37
7216,2376,134,6,165.26
7217,2376,141,6,294.16
7218,2376,146,1,
7219,2376,86,3,139.27
7220,2377,119,1,197.56
7221,2377,135,3,266.63
7222,2378,28,5,315.83
7223,2378,117,5,
7224,2378,115,1,7.39
7225,2378,3,5,448.44
7226,2378,161,4,423.11
7227,2379,14,4,489.06
7228,3010,47,3,143.31
7229,2379,33,1,349.71
7230,2379,18,4,
7231,2379,21,5,493.19
7232,2380,143,5,319.53
7233,2380,100,5,39.8
7234,2380,52,0,149.07
7235,2380,55,5,27.95
7236,2381,70,3,114.52
7237,2381,44,3,420.03
7238,2382,97,6,283.83
7239,2382,8,2,160.72
7240,2382,124,6,72.27
7241,2382,136,1,235.5
7242,2382,141,3,393.88
7243,2383,40,-1,228.46
7244,2383,80,1,437.67
7245,2383,87,4,481.02
7246,2384,150,5,112.63
7247,2384,125,5,9.46
7248,2384,88,4,
7249,2384,168,6,175.45
7250,2385,35,6,76.61
7251,2385,3,5,497.01
7252,2385,20,4,170.09
7253,2386,6,6,340.82
7254,2387,146,4,140.54
7255,2388,33,6,69.92
7256,2389,134,3,323.03
7257,2389,134,-3,298.58
7258,2389,50,2,
7259,2390,129,1,33.31
7260,2390,116,1,40.85
7261,2390,132,4,215.91
7262,2390,107,1,12.4
7263,2391,32,4,336.49
7264,2391,86,3,280.64
7265,2391,3,4,458.63
7266,2391,24,1,151.32
7267,2391,5,3,30.7
7268,2392,79,2,383.02
7269,2392,51,6,425.42
7270,2392,63,3,238.23
7271,2392,92,4,121.22
7272,2392,8,3,128.48
7273,2393,121,3,126.44
7274,2394,48,2,64.35
7275,2395,3,2,326.31
7276,2395,137,4,340.02
7277,2395,8,3,213.46
7278,2395,135,1,194.76
7279,2396,122,4,447.2
7280,2396,124,4,75.26
7281,2396,121,2,
7282,2396,58,1,371.46
7283,2397,142,6,302.51
7284,2397,134,5,238.85
7285,2398,82,4,444.88
7286,2398,9,2,195.15
7287,2398,21,5,237.33
7288,2398,60,1,475.71
7289,2399,158,4,226.88
7290,2399,126,6,301.6
7291,2399,139,3,189.31
7292,2400,125,2,45.66
7293,2400,69,5,14.07
7294,2400,47,5,119.65
7295,2400,161,4,463.53
7296,2400,119,4,302.87
7297,2401,129,2,326.41
7298,2401,95,3,109.22
7299,2401,126,2,365.11
7300,2402,66,5,206.4
7301,2402,77,1,453.79
7302,2403,136,1,115.05
7303,2403,44,4,378.33
7304,2403,7,2,349.27
7305,2404,6,4,205.9
7306,2405,110,2,41.16
7307,2405,40,1,199.08
7308,2406,117,1,151.82
7309,2406,119,4,191.94
7310,2406,146,6,276.16
7311,2406,2,3,248.32
7312,2407,15,3,18.15
7313,2407,43,1,303.08
7314,2407,89,4,398.24
7315,2408,117,1,204.41
7316,2408,69,4,111.73
7317,2409,14,4,480.59
7318,2409,99,6,134.32
7319,2409,9,5,486.77
7320,2410,179,1,292.18
7321,2411,107,2,229.02
7322,2411,119,1,267.13
7323,2412,49,-3,58.24
7324,2412,37,3,447.63
7325,2412,134,1,196.28
7326,2412,52,2,104.42
7327,2413,113,2,236.42
7328,2413,64,4,137.24
7329,2413,95,5,9.89
7330,2414,51,3,3.46
7331,2414,92,6,435.48
7332,2414,91,4,484.37
7333,2414,168,4,139.31
7334,2414,101,4,48.25
7335,2415,50,6,432.9
7336,2415,12,3,21.61
7337,2415,143,3,479.61
7338,2416,67,3,17.4
7339,2417,44,1,101.29
7340,2417,139,3,304.22
7341,2418,29,1,383.1
7342,2418,150,4,310.52
7343,2418,132,5,347.8
7344,2419,93,5,366.13
7345,2419,105,2,192.3
7346,2419,78,5,191.17
7347,2419,152,3,325.96
7348,2419,36,4,
7349,2420,94,3,492.28
7350,2421,6,2,190.07
7351,2421,63,6,92.57
7352,2421,112,4,75.18
7353,2421,21,4,309.25
7354,2421,25,6,472.94
7355,2422,16,6,121.04
7356,2422,50,6,201.69
7357,2422,13,5,239.88
7358,2422,174,2,87.07
7359,2423,126,6,310.33
7360,2424,33,2,141.74
7361,2424,86,2,219.96
7362,2424,99,4,78.67
7363,2424,109,4,296.69
7364,2424,34,4,252.39
7365,2425,136,0,322.31
7366,2425,176,6,145.05
7367,2426,100,2,103.32
7368,2426,88,3,449.84
7369,2427,87,5,281.73
7370,2428,117,2,433.92
7371,2428,5,2,156.6
7372,2428,59,6,338.95
7373,2428,86,2,407.16
7374,2429,4,5,156.24
7375,2429,100,5,33.99
7376,2429,15,5,327.29
7377,2429,144,4,16.69
7378,2429,29,4,237.55
7379,2430,78,4,459.53
7380,2430,87,6,210.59
7381,2431,114,6,498.37
7382,2432,131,2,460.9
7383,2433,128,5,124.46
7384,2433,8,4,481.25
7385,2434,102,4,90.7
7386,2434,139,3,488.68
7387,2435,3,3,469.79
7388,2436,151,1,360.11
7389,2436,143,2,436.36
7390,2436,117,2,182.55
7391,2437,68,4,119.78
7392,2437,119,2,271.79
7393,2437,81,4,216.01
7394,2438,109,3,456.42
7395,2438,53,5,257.19
7396,2438,147,5,347.91
7397,2439,92,5,
7398,2439,42,1,496.29
7399,2440,90,1,388.38
7400,2440,133,3,208.98
7401,2441,140,3,190.44
7402,2441,114,5,326.18
7403,2441,18,6,63.19
7404,2441,137,6,45.93
7405,2442,131,2,120.51
7406,2442,136,3,157.88
7407,2442,82,6,373.11
7408,2442,22,1,473.84
7409,2443,94,4,131.06
7410,2444,56,2,419.48
7411,2444,122,3,54.66
7412,2444,3,4,33.77
7413,2444,91,3,443.37
7414,2444,74,1,383.0
7415,2445,89,2,88.15
7416,2445,67,5,40.47
7417,2445,111,3,299.86
7418,2446,40,5,152.13
7419,2446,57,4,290.57
7420,2447,48,2,46.94
7421,2447,65,4,217.89
7422,2447,35,6,157.04
7423,2447,9,3,286.56
7424,2447,49,6,96.25
7425,2448,27,4,218.36
7426,2448,71,4,94.05
7427,2449,125,5,386.43
7428,2449,74,2,359.63
7429,2449,54,4,491.42
7430,2450,94,6,344.27
7431,2451,67,3,183.82
7432,2451,68,5,228.8
7433,2451,131,2,
7434,2451,64,2,112.85
7435,2451,104,4,329.69
7436,2452,131,3,441.6
7437,2453,103,4,131.07
7438,2454,72,2,355.57
7439,2454,3,3,28.26
7440,2454,144,2,5.25
7441,2454,162,6,125.4
7442,2454,13,4,376.95
7443,2455,143,4,12.76
7444,2455,117,3,152.0
7445,2456,138,5,422.79
7446,2456,107,2,141.61
7447,2456,35,4,378.87
7448,2457,124,6,97.09
7449,2457,41,4,391.35
7450,2458,15,-3,464.93
7451,2458,110,4,306.62
7452,2458,143,4,351.77
7453,2459,47,3,412.74
7454,2459,37,5,454.63
7455,2460,141,5,136.16
7456,2461,118,6,396.87
7457,2461,139,5,143.18
7458,2461,140,6,49.89
7459,2461,37,6,434.02
7460,2462,102,4,261.94
7461,2462,63,4,259.28
7462,2462,131,-1,466.25
7463,2462,121,4,267.64
7464,2463,81,4,22.38
7465,2463,23,6,435.25
7466,2463,63,1,467.93
7467,2463,34,6,429.69
7468,2463,47,6,339.36
7469,2464,31,6,130.21
7470,2464,107,6,54.5
7471,2464,130,-3,108.64
7472,2465,26,6,9.5
7473,2465,80,2,58.76
7474,2466,84,5,114.63
7475,2466,105,2,96.7
7476,2467,142,3,93.62
7477,2467,2,2,201.68
7478,2467,83,1,261.73
7479,2468,116,2,284.35
7480,2469,59,3,207.82
7481,2469,107,4,227.93
7482,2470,99,6,
7483,2470,77,6,214.98
7484,2470,94,5,223.54
7485,2470,14,3,193.16
7486,2471,98,6,228.68
7487,2471,133,1,420.61
7488,2471,27,3,160.56
7489,2472,103,1,159.75
7490,2472,117,2,39.8
7491,2472,127,3,37.92
7492,2472,18,6,393.29
7493,2472,70,4,496.19
7494,2473,25,3,299.2
7495,2473,118,2,414.63
7496,2473,66,6,233.59
7497,2473,61,2,381.83
7498,2473,75,5,340.11
7499,2474,19,3,28.82
7500,2474,149,5,113.43
7501,2474,38,6,304.56
7502,2475,55,4,413.92
7503,2476,138,4,174.39
7504,2476,114,4,123.44
7505,2477,124,5,118.16
7506,2477,114,1,112.09
7507,2478,97,1,148.63
7508,2478,29,1,271.31
7509,2479,125,2,87.36
7510,2479,61,3,226.23
7511,2480,112,6,
7512,2480,34,5,139.21
7513,2480,113,3,227.52
7514,2480,14,5,327.58
7515,2481,99,4,464.69
7516,2481,82,4,277.48
7517,2481,14,1,104.31
7518,2481,18,2,276.88
7519,2482,85,6,131.67
7520,2482,119,3,220.65
7521,2482,142,6,372.38
7522,2483,38,5,482.61
7523,2483,47,5,338.22
7524,2483,164,1,462.4
7525,2483,103,1,457.24
7526,2483,142,5,337.86
7527,2484,103,3,342.92
7528,2484,48,2,11.8
7529,2484,55,1,214.25
7530,2484,60,2,427.5
7531,2485,4,5,251.24
7532,2486,148,4,6.3
7533,2487,111,4,18.51
7534,2488,51,6,307.58
7535,2488,21,1,7.92
7536,2488,84,0,375.57
7537,2489,15,2,383.67
7538,2490,68,2,131.07
7539,3022,45,1,339.54
7540,2490,132,2,11.25
7541,2491,36,4,10.29
7542,3041,124,3,450.49
7543,2492,27,1,224.11
7544,2492,143,4,154.56
7545,2492,75,2,177.27
7546,2492,57,1,255.2
7547,2492,51,4,104.69
7548,2493,7,3,123.93
7549,2493,29,6,240.86
7550,2493,91,4,119.78
7551,3029,4,6,404.05
7552,2494,61,2,309.63
7553,2495,133,2,
7554,2495,126,0,285.57
7555,2496,3,5,210.74
7556,2496,92,3,179.41
7557,2496,24,4,438.52
7558,2497,38,3,360.89
7559,2497,53,1,439.53
7560,3002,16,3,85.32
7561,2497,34,-1,435.8
7562,2497,165,3,12.87
7563,2498,55,-3,83.57
7564,3015,69,4,117.81
7565,2498,91,2,
7566,2498,126,2,318.38
7567,2499,113,4,131.61
7568,2499,149,2,117.81
7569,2500,80,3,
7570,2500,136,6,83.39
7571,2500,52,4,463.9
7572,2500,48,-3,349.89
7573,2500,130,6,7.03
7574,2501,18,1,145.56
7575,2501,142,6,49.2
7576,2502,67,4,96.58
7577,2502,133,2,364.63
7578,2502,141,3,118.17
7579,2502,3,1,271.71
7580,2503,59,4,356.8
7581,2504,74,2,168.78
7582,2504,126,2,446.74
7583,2504,22,2,475.7
7584,2505,48,3,134.91
7585,2505,26,3,30.86
7586,2505,75,-3,348.97
7587,2505,17,4,318.97
7588,2505,6,4,56.49
7589,2506,38,2,337.59
7590,2507,5,5,422.37
7591,2507,139,3,469.56
7592,2507,18,6,74.8
7593,2507,109,1,279.46
7594,2507,41,5,74.69
7595,2508,133,2,330.84
7596,2508,117,3,343.38
7597,2508,143,6,176.75
7598,2508,29,1,311.33
7599,2509,30,-1,101.91
7600,2509,117,4,207.65
7601,2509,43,6,119.47
7602,2509,57,1,197.73
7603,2509,46,5,
7604,2510,83,4,422.68
7605,2510,37,5,56.96
7606,2510,19,6,87.18
7607,2510,88,3,172.9
7608,2510,65,2,76.67
7609,2511,33,3,99.06
7610,2511,78,5,329.78
7611,2511,49,3,125.72
7612,2511,35,-1,324.57
7613,2512,102,2,307.76
7614,2512,12,2,93.55
7615,2512,118,6,78.51
7616,2512,27,1,146.05
7617,2513,7,4,242.25
7618,2513,138,1,388.26
7619,2513,51,3,48.98
7620,2513,126,5,361.4
7621,2513,103,1,122.66
7622,2514,99,3,144.35
7623,2514,2,4,82.53
7624,2514,125,5,315.77
7625,2515,20,1,103.24
7626,2515,74,1,474.96
7627,2515,126,4,145.1
7628,2515,136,2,286.87
7629,2516,149,6,121.81
7630,3040,122,1,486.48
7631,2516,119,1,130.92
7632,3038,82,4,325.35
7633,2518,162,3,208.85
7634,2518,10,5,170.64
7635,2519,20,5,419.9
7636,2519,63,3,198.02
7637,2519,16,4,249.17
7638,2520,73,2,45.96
7639,2521,1,5,407.96
7640,2522,32,6,216.21
7641,2522,112,4,122.99
7642,2522,28,2,311.73
7643,2522,135,1,278.72
7644,2523,72,2,419.03
7645,2523,66,-1,
7646,2523,57,5,460.1
7647,2523,54,6,122.13
7648,2523,128,4,168.6
7649,2524,17,6,223.81
7650,2525,113,4,386.03
7651,2525,130,2,257.65
7652,2525,54,0,197.73
7653,2526,110,5,178.83
7654,2526,63,-3,35.61
7655,2526,157,5,360.87
7656,2527,143,1,104.65
7657,2527,3,6,187.32
7658,2528,143,2,200.63
7659,2528,17,4,152.9
7660,2528,116,1,373.0
7661,2529,147,1,194.05
7662,2529,60,3,338.09
7663,2529,49,4,380.63
7664,2529,174,6,6.59
7665,2530,81,5,42.61
7666,2530,61,3,155.83
7667,2530,80,3,159.53
7668,2530,40,5,293.38
7669,2530,129,1,270.68
7670,2531,11,4,299.49
7671,2532,175,3,428.08
7672,2532,39,2,12.1
7673,2532,130,3,413.88
7674,2533,126,6,6.72
7675,2533,101,3,294.69
7676,2534,82,5,473.7
7677,2534,32,2,237.21
7678,2535,143,5,104.12
7679,2535,13,6,458.86
7680,2535,139,1,152.52
7681,2535,5,5,425.12
7682,2535,16,2,162.79
7683,2536,119,1,14.05
7684,2536,60,2,175.05
7685,2536,60,6,397.19
7686,2537,118,3,410.58
7687,2537,59,1,192.11
7688,2537,6,6,373.56
7689,2538,67,1,383.73
7690,2538,43,1,197.53
7691,2538,82,1,42.28
7692,2539,145,3,
7693,2539,47,1,227.46
7694,2539,120,5,21.51
7695,2539,145,2,11.5
7696,2540,119,-1,28.43
7697,2541,33,5,397.73
7698,2541,19,2,164.67
7699,2541,22,5,395.93
7700,2542,66,1,471.39
7701,2542,63,5,304.02
7702,2542,82,2,313.84
7703,2543,30,1,191.92
7704,2543,155,1,160.16
7705,2544,86,6,32.55
7706,2544,49,6,
7707,2544,107,2,9.63
7708,2544,131,2,105.67
7709,2544,115,2,453.82
7710,2545,54,1,
7711,2546,33,3,26.31
7712,2547,101,5,392.1
7713,2547,128,1,111.72
7714,2547,92,2,130.24
7715,2547,146,5,380.1
7716,2547,78,5,127.69
7717,2548,83,4,416.18
7718,2548,129,4,464.13
7719,2548,114,1,307.6
7720,2548,153,5,437.0
7721,2549,111,4,160.54
7722,2549,51,2,367.91
7723,2549,8,3,265.37
7724,2550,96,5,234.75
7725,2550,31,2,
7726,2550,38,0,494.75
7727,2551,160,3,123.26
7728,2551,28,2,19.82
7729,2551,55,3,
7730,2551,131,0,124.13
7731,2552,14,2,490.19
7732,2552,98,3,76.68
7733,2552,52,3,381.7
7734,2552,106,2,215.44
7735,2552,7,6,41.57
7736,2553,135,5,139.43
7737,2553,162,3,180.8
7738,2554,134,2,411.57
7739,2554,18,0,404.91
7740,2554,121,1,344.88
7741,2554,30,3,260.82
7742,2555,112,1,246.16
7743,2555,67,3,181.9
7744,2555,124,3,435.98
7745,2555,137,2,394.85
7746,2556,47,3,138.56
7747,2557,84,3,225.26
7748,2557,147,1,217.39
7749,2558,15,3,127.92
7750,2558,46,2,90.72
7751,2558,66,5,204.48
7752,2559,90,2,304.5
7753,2560,38,6,218.27
7754,2560,39,1,466.87
7755,2561,47,1,255.11
7756,2561,56,4,16.05
7757,2561,114,6,269.11
7758,2562,59,2,221.53
7759,2562,28,2,363.23
7760,2562,123,2,255.68
7761,2563,82,2,245.26
7762,2563,139,4,76.88
7763,2563,13,1,425.75
7764,2563,132,1,246.48
7765,2563,128,6,236.33
7766,2564,35,6,4.86
7767,2564,145,1,209.87
7768,2564,34,5,459.67
7769,2565,149,4,434.74
7770,2566,99,1,275.43
7771,2566,135,3,401.19
7772,2566,88,3,374.1
7773,2566,91,4,494.72
7774,2567,85,4,212.53
7775,2567,61,3,160.06
7776,2567,139,2,78.2
7777,2567,142,3,496.11
7778,2568,88,6,459.56
7779,2568,97,6,94.24
7780,2568,46,2,309.29
7781,2568,151,3,43.8
7782,2568,46,4,94.39
7783,2569,70,6,131.57
7784,2569,80,2,365.46
7785,2569,117,2,94.48
7786,2569,29,6,113.91
7787,2569,40,6,389.65
7788,2570,44,2,420.45
7789,2571,65,5,401.47
7790,2571,133,1,292.86
7791,2571,134,3,219.51
7792,2571,14,3,163.7
7793,2571,2,3,162.25
7794,2572,149,2,171.39
7795,2572,141,3,412.52
7796,2572,174,3,233.92
7797,2572,116,1,72.01
7798,2572,19,1,342.77
7799,2573,136,5,238.78
7800,2574,87,3,443.32
7801,2574,75,6,485.74
7802,2574,13,6,303.32
7803,2574,82,6,43.62
7804,2574,94,3,125.3
7805,2575,146,3,488.37
7806,2575,26,1,311.96
7807,2575,59,4,64.4
7808,2575,134,6,171.58
7809,2576,105,2,357.39
7810,2576,88,5,292.61
7811,2577,138,-1,209.13
7812,2577,64,1,166.92
7813,2577,125,6,318.29
7814,2578,133,4,418.84
7815,2578,87,2,267.61
7816,2578,79,0,475.75
7817,2578,71,2,364.25
7818,2579,87,2,316.1
7819,2579,60,6,422.16
7820,2579,61,4,232.25
7821,2579,107,4,470.04
7822,2579,27,3,391.73
7823,2580,102,1,111.21
7824,2580,31,2,89.7
7825,2580,31,2,218.18
7826,2580,59,1,5.8
7827,2581,171,5,306.29
7828,2582,125,6,384.45
7829,2583,103,4,470.09
7830,2584,90,2,388.14
7831,2584,108,5,124.07
7832,2584,1,2,280.91
7833,2584,83,3,35.06
7834,2585,3,5,492.24
7835,2585,73,5,235.14
7836,2585,13,4,490.95
7837,2586,52,3,118.8
7838,2587,30,2,64.3
7839,2587,36,5,473.83
7840,2587,120,3,49.45
7841,2587,64,2,159.63
7842,2587,44,4,200.02
7843,2588,146,4,177.01
7844,2588,14,3,369.03
7845,2588,118,5,454.54
7846,2588,75,5,497.98
7847,2589,56,2,369.9
7848,2589,85,2,28.53
7849,2590,78,1,409.89
7850,2591,63,5,115.89
7851,2592,74,2,348.56
7852,2592,72,4,58.53
7853,2593,48,5,419.34
7854,2593,2,1,439.91
7855,2593,11,1,307.94
7856,2593,103,1,279.23
7857,2594,129,1,257.75
7858,2594,29,4,480.35
7859,2595,6,4,366.56
7860,2595,5,3,371.75
7861,2595,23,2,41.24
7862,2596,25,2,447.63
7863,2596,41,6,202.53
7864,2597,110,3,54.77
7865,2597,147,3,85.7
7866,2598,166,6,
7867,2598,135,-3,85.08
7868,2598,173,3,372.28
7869,2598,117,1,243.61
7870,2599,41,2,193.57
7871,2599,67,5,18.51
7872,2600,56,2,9.2
7873,2601,58,2,481.93
7874,2601,6,6,214.92
7875,2601,74,-1,481.5
7876,2601,105,1,49.73
7877,2601,60,1,264.29
7878,2602,33,3,167.85
7879,2602,122,6,409.44
7880,2602,173,4,343.1
7881,2602,3,3,495.91
7882,2602,13,6,130.94
7883,2603,35,2,60.15
7884,2603,134,2,217.93
7885,2603,149,3,468.68
7886,2604,93,2,333.97
7887,2604,104,6,298.01
7888,2605,136,1,374.42
7889,2605,17,3,239.94
7890,2605,131,6,401.88
7891,2606,127,1,262.65
7892,2606,18,6,119.59
7893,2606,35,1,54.8
7894,2606,116,2,94.57
7895,2606,10,3,198.48
7896,2607,53,5,316.64
7897,2607,80,6,379.57
7898,2607,133,3,352.52
7899,2607,123,2,358.72
7900,2607,75,4,42.51
7901,2608,13,1,222.9
7902,2608,41,1,401.75
7903,2608,74,6,136.25
7904,2608,29,3,225.03
7905,2608,96,3,73.7
7906,2609,144,5,184.38
7907,2609,63,1,306.28
7908,2609,3,2,99.78
7909,2610,85,6,299.94
7910,2610,84,-1,355.17
7911,2610,1,2,285.22
7912,2611,119,4,429.58
7913,3009,6,6,352.51
7914,2611,42,6,179.34
7915,2611,127,3,409.73
7916,2612,36,6,52.62
7917,2613,131,3,193.23
7918,2613,59,6,141.35
7919,2614,147,6,27.57
7920,2614,14,5,
7921,2615,8,1,32.7
7922,2615,106,3,430.19
7923,2615,93,1,322.76
7924,2616,44,6,138.27
7925,2617,3,3,87.68
7926,2617,4,4,265.03
7927,2617,81,4,292.22
7928,2618,104,6,135.15
7929,3012,111,5,282.59
7930,2618,108,6,416.35
7931,2619,72,2,310.2
7932,2619,46,1,445.92
7933,2619,41,6,35.6
7934,2619,113,4,58.89
7935,2620,101,2,294.31
7936,3044,13,2,32.62
7937,2620,54,1,210.61
7938,2620,30,4,421.88
7939,2620,6,1,462.87
7940,2621,104,4,211.04
7941,2621,69,6,398.43
7942,2621,31,6,406.86
7943,2621,4,6,23.0
7944,2622,17,2,454.81
7945,2622,47,6,409.66
7946,2623,128,2,134.7
7947,2624,38,2,140.32
7948,2624,146,2,78.47
7949,2625,47,5,496.73
7950,2625,10,2,257.44
7951,2626,149,4,427.83
7952,2626,131,1,
7953,2627,52,1,118.61
7954,2627,138,5,235.54
7955,2627,66,5,404.19
7956,2627,63,2,323.55
7957,2628,84,4,264.52
7958,2628,56,5,164.0
7959,2629,122,1,198.65
7960,2629,94,4,396.59
7961,2630,44,5,160.06
7962,2630,14,1,104.28
7963,2630,58,6,393.82
7964,2630,87,4,54.65
7965,2630,72,2,270.44
7966,2631,79,6,87.55
7967,2632,69,1,487.47
7968,2633,9,6,87.82
7969,2633,82,6,325.45
7970,2633,102,3,290.75
7971,2634,70,4,277.2
7972,2634,35,3,428.78
7973,2634,39,1,
7974,2635,133,5,230.77
7975,2635,150,2,234.58
7976,2635,89,6,312.54
7977,2635,49,4,48.8
7978,2636,86,5,486.21
7979,2636,148,5,293.67
7980,2637,88,2,228.66
7981,2637,26,3,191.51
7982,2637,53,5,239.56
7983,2637,87,6,293.92
7984,2638,71,2,440.18
7985,2638,47,5,189.51
7986,2639,102,3,5.68
7987,2640,122,1,
7988,2640,12,4,224.58
7989,2641,123,2,354.68
7990,2641,133,3,208.4
7991,2642,16,3,249.85
7992,2642,25,4,345.36
7993,3001,31,3,329.66
7994,2642,66,2,269.24
7995,2642,164,6,19.61
7996,3042,7,6,380.07
7997,2643,118,3,80.03
7998,2643,22,5,102.8
7999,2643,62,5,378.08
8000,2644,91,4,56.09
8001,2644,156,4,367.52
8002,2644,132,5,330.97
8003,2644,99,3,230.11
8004,2645,42,2,99.89
8005,2646,39,3,270.53
8006,2646,3,3,234.63
8007,3043,17,6,230.21
8008,2647,78,3,223.78
8009,2647,129,6,36.18
8010,2647,119,5,348.12
8011,2648,77,6,91.56
8012,2648,60,3,438.98
8013,2648,5,2,299.6
8014,2649,52,4,459.08
8015,2649,48,1,278.08
8016,3007,32,5,496.61
8017,2650,44,5,9.47
8018,2651,8,2,138.26
8019,2651,1,5,339.43
8020,2651,17,4,440.09
8021,2651,81,3,422.31
8022,2651,12,3,336.09
8023,2652,121,2,247.39
8024,2652,3,6,139.41
8025,2653,62,2,21.12
8026,2653,99,6,83.79
8027,2654,88,1,146.01
8028,2654,84,5,272.93
8029,2655,19,6,130.77
8030,2655,100,3,102.81
8031,2656,26,4,264.95
8032,2656,118,5,494.89
8033,2656,102,1,101.07
8034,2656,22,1,57.66
8035,2657,82,3,408.32
8036,2658,67,5,351.02
8037,2658,27,5,222.31
8038,2659,83,6,340.19
8039,2659,39,4,418.01
8040,2659,15,2,435.35
8041,2659,135,4,393.62
8042,2659,14,4,9.41
8043,2660,4,4,204.79
8044,2660,165,4,118.01
8045,2660,9,4,243.19
8046,2660,73,2,175.67
8047,2660,112,5,288.33
8048,2661,82,1,254.99
8049,2661,114,5,243.24
8050,2662,76,1,144.87
8051,2662,104,6,55.89
8052,2662,178,2,48.57
8053,2663,71,5,453.16
8054,2663,169,2,63.59
8055,2663,88,5,318.65
8056,2664,111,5,45.19
8057,2665,24,4,223.54
8058,2665,88,4,492.09
8059,2665,98,2,39.99
8060,2665,48,1,48.91
8061,2665,44,5,108.79
8062,2666,41,5,366.54
8063,2667,25,3,235.68
8064,2667,73,2,79.46
8065,2668,50,6,354.98
8066,2668,16,5,321.49
8067,2668,8,5,332.11
8068,2669,139,1,499.74
8069,2670,103,3,470.94
8070,2670,17,2,108.56
8071,2671,74,3,6.01
8072,2671,114,3,397.57
8073,3026,134,1,47.54
8074,2671,49,5,499.0
8075,2671,147,2,395.65
8076,2672,29,5,205.08
8077,2672,120,5,228.09
8078,2672,79,3,
8079,2672,54,3,12.92
8080,2672,2,1,353.52
8081,2673,28,3,455.23
8082,2673,43,3,24.71
8083,2673,139,1,401.5
8084,2674,88,1,
8085,2674,78,2,444.15
8086,3031,138,1,155.54
8087,2675,65,6,72.0
8088,2675,140,4,285.83
8089,2675,102,1,164.97
8090,2676,90,5,379.3
8091,2677,77,6,223.45
8092,2677,7,3,389.46
8093,2677,149,6,278.77
8094,2678,77,2,161.37
8095,2678,91,1,233.96
8096,2679,99,6,266.48
8097,2680,110,1,289.08
8098,2680,38,6,232.59
8099,2680,101,6,187.89
8100,2681,114,1,312.03
8101,2681,138,5,432.65
8102,2681,11,6,90.08
8103,2681,108,-3,334.89
8104,2681,6,4,429.31
8105,2682,180,6,65.68
8106,2682,134,1,376.1
8107,2683,24,6,195.84
8108,2683,113,4,329.06
8109,2683,127,5,135.57
8110,2683,1,2,92.57
8111,2683,136,2,
8112,2684,131,6,301.91
8113,2684,46,3,498.17
8114,2684,119,4,24.48
8115,2684,131,2,286.43
8116,2685,76,5,464.35
8117,2685,122,4,233.0
8118,2686,36,4,175.97
8119,2686,68,3,254.26
8120,2686,15,5,116.72
8121,2686,61,6,499.32
8122,2686,131,4,186.17
8123,2687,144,4,54.55
8124,2687,22,6,234.74
8125,2687,122,4,433.67
8126,2687,12,6,190.05
8127,2687,145,4,333.4
8128,2688,77,1,180.92
8129,2689,10,4,329.09
8130,2689,97,3,44.02
8131,2689,131,5,98.93
8132,2689,66,5,126.29
8133,2690,5,4,432.65
8134,2690,23,1,455.68
8135,2690,12,5,356.7
8136,2690,108,6,13.06
8137,2691,152,6,
8138,2691,136,4,345.46
8139,2691,32,1,416.9
8140,2692,11,3,77.39
8141,2692,106,3,156.42
8142,2692,9,5,402.72
8143,2692,37,2,116.18
8144,2692,177,4,476.03
8145,2693,39,1,256.3
8146,2693,121,3,406.74
8147,2694,109,3,364.17
8148,2694,133,6,136.8
8149,2694,147,4,51.64
8150,2694,44,6,423.6
8151,2695,94,1,318.54
8152,2696,73,1,97.24
8153,2697,27,5,350.63
8154,2698,133,3,20.81
8155,2698,23,5,362.57
8156,2698,44,2,71.19
8157,2698,77,6,312.95
8158,2698,72,1,8.98
8159,2699,40,5,60.31
8160,2699,149,6,214.75
8161,2699,123,2,171.44
8162,2699,59,6,124.2
8163,2699,9,4,274.14
8164,2700,76,5,9.05
8165,2700,93,5,80.44
8166,2700,145,1,489.32
8167,2701,79,5,250.07
8168,2701,91,5,190.06
8169,2701,142,1,63.59
8170,2701,150,5,111.86
8171,2702,68,4,194.16
8172,2702,135,6,447.34
8173,2703,67,4,360.48
8174,2704,140,3,230.86
8175,2704,46,1,371.13
8176,2704,5,1,3.57
8177,2704,35,4,51.69
8178,2705,33,3,276.68
8179,2705,62,1,23.74
8180,2706,92,2,38.15
8181,2706,120,6,428.47
8182,2706,30,5,499.5
8183,2707,63,4,212.91
8184,2707,70,5,146.03
8185,2707,51,2,425.69
8186,2707,8,2,144.29
8187,2707,94,2,390.8
8188,2708,63,3,499.47
8189,2708,42,5,178.45
8190,3012,73,2,227.55
8191,2709,146,6,362.26
8192,2709,121,3,46.17
8193,2709,46,5,30.37
8194,2709,23,5,87.58
8195,2710,114,3,339.78
8196,2710,42,4,330.74
8197,2710,137,1,464.63
8198,2710,33,4,246.12
8199,2710,147,6,125.64
8200,3018,81,5,368.25
8201,2711,33,1,328.43
8202,2711,116,5,445.92
8203,2711,127,6,14.98
8204,2711,146,3,140.58
8205,2712,138,1,155.25
8206,2713,3,4,428.58
8207,2713,88,2,380.78
8208,2713,40,2,324.69
8209,2714,161,4,346.75
8210,2714,51,3,52.6
8211,2714,24,6,225.07
8212,2715,42,4,492.51
8213,2716,63,6,41.08
8214,2716,141,4,56.08
8215,2716,134,5,120.0
8216,2717,89,6,124.8
8217,2718,13,5,132.19
8218,2718,45,2,348.99
8219,2719,23,4,316.94
8220,2720,131,3,352.11
8221,2721,58,5,
8222,2721,126,5,140.35
8223,2721,85,1,162.07
8224,2721,27,2,138.98
8225,2721,18,4,6.52
8226,2722,106,1,115.17
8227,2723,126,4,80.8
8228,2723,74,1,486.05
8229,2723,66,4,238.14
8230,2723,8,5,99.69
8231,2723,110,6,472.25
8232,2724,5,5,377.64
8233,2724,172,2,140.55
8234,2724,122,6,24.47
8235,2725,49,4,157.32
8236,2725,121,6,161.64
8237,2726,76,5,110.3
8238,2726,147,5,225.42
8239,2726,104,3,43.17
8240,2726,58,2,133.72
8241,2727,29,2,66.74
8242,2727,27,5,152.0
8243,2727,124,4,14.65
8244,2727,52,3,62.21
8245,2727,75,0,
8246,2728,103,3,499.47
8247,2728,56,1,290.26
8248,2728,83,5,423.52
8249,2728,103,2,86.43
8250,2729,116,6,241.67
8251,2729,114,4,24.32
8252,2729,135,2,206.23
8253,2730,49,4,294.4
8254,2730,173,2,185.93
8255,2730,142,5,344.23
8256,2730,140,6,106.78
8257,2730,25,6,310.39
8258,3014,84,2,462.43
8259,2732,26,4,73.59
8260,2732,60,1,297.94
8261,2732,76,1,34.59
8262,2732,143,6,240.82
8263,2733,105,5,82.28
8264,2733,3,4,212.16
8265,2733,36,4,447.37
8266,2733,145,4,289.12
8267,2733,73,2,106.87
8268,2734,89,4,376.66
8269,2734,45,1,139.33
8270,2734,169,2,337.34
8271,2734,131,2,434.72
8272,2735,91,2,340.62
8273,2735,5,6,367.24
8274,2736,45,5,
8275,2736,27,1,143.88
8276,2737,105,1,269.59
8277,2737,71,5,34.71
8278,2737,134,2,485.12
8279,2737,147,1,358.61
8280,2737,93,3,483.59
8281,2738,54,4,211.08
8282,3025,75,3,6.86
8283,2738,130,1,418.2
8284,2739,90,4,21.36
8285,2739,129,5,498.39
8286,2739,107,2,89.1
8287,2739,67,6,244.05
8288,2740,56,5,250.38
8289,2740,10,5,407.8
8290,2740,120,1,308.04
8291,2741,21,6,440.61
8292,2742,69,1,458.6
8293,2742,43,4,68.46
8294,2743,76,4,230.79
8295,2743,88,4,279.89
8296,2743,29,2,466.31
8297,2743,97,4,461.11
8298,2743,132,4,483.48
8299,2744,136,2,433.22
8300,2745,64,3,435.05
8301,2745,44,1,69.91
8302,2745,147,2,437.78
8303,2746,125,4,76.81
8304,2747,4,2,348.53
8305,2748,11,2,49.64
8306,2749,159,5,253.36
8307,2749,112,6,
8308,2749,119,6,13.8
8309,2749,81,5,419.07
8310,2750,34,2,310.36
8311,2750,85,5,450.77
8312,2750,69,6,272.59
8313,2750,138,3,325.18
8314,2751,59,3,381.13
8315,2751,116,4,160.22
8316,2751,87,3,371.8
8317,2751,35,4,38.79
8318,2751,58,6,337.62
8319,3023,50,6,151.67
8320,2752,38,6,179.0
8321,2753,131,1,384.69
8322,2753,141,6,331.1
8323,3011,75,1,450.73
8324,2753,112,5,398.23
8325,2753,123,1,246.05
8326,2754,60,2,
8327,2755,4,1,27.34
8328,2755,144,1,460.68
8329,2755,136,1,445.69
8330,2755,42,3,400.0
8331,2755,46,2,461.44
8332,2756,131,5,291.83
8333,2756,45,6,181.7
8334,2757,59,6,266.46
8335,2757,104,3,498.8
8336,2757,15,2,256.8
8337,2757,174,3,492.84
8338,2757,112,5,15.86
8339,2758,159,1,453.06
8340,2758,9,1,420.8
8341,2758,128,3,276.33
8342,2759,65,6,258.51
8343,2759,114,2,
8344,2760,149,6,448.04
8345,2760,124,3,52.43
8346,2760,143,1,101.79
8347,2760,75,5,499.76
8348,2760,147,2,182.16
8349,2761,86,3,194.77
8350,2762,178,4,488.24
8351,2762,110,4,24.34
8352,2763,121,1,484.77
8353,2763,135,6,261.75
8354,2763,60,6,468.65
8355,2764,88,2,399.04
8356,2764,102,3,499.43
8357,2764,64,3,374.12
8358,2764,50,3,36.14
8359,2764,124,1,119.67
8360,2765,106,5,387.63
8361,2765,94,4,152.9
8362,2766,154,5,492.27
8363,2766,27,1,408.26
8364,2766,41,6,469.1
8365,2766,85,5,58.19
8366,2767,5,-3,60.63
8367,2767,82,4,33.17
8368,2767,29,5,69.44
8369,2767,20,2,194.55
8370,2767,112,5,237.71
8371,2768,150,6,484.84
8372,2768,87,6,297.17
8373,2768,69,6,32.25
8374,2769,87,6,452.59
8375,2770,98,1,
8376,2771,44,1,81.94
8377,2771,97,6,456.11
8378,2771,18,5,345.44
8379,2772,68,6,77.74
8380,2772,124,4,74.65
8381,2772,150,4,
8382,2773,170,1,70.81
8383,2773,130,5,53.53
8384,2774,127,1,132.71
8385,2774,51,6,209.34
8386,2774,44,4,127.03
8387,2774,83,0,141.98
8388,2774,139,5,276.52
8389,2775,96,4,101.9
8390,2775,10,6,321.64
8391,2775,116,1,93.48
8392,2775,71,3,13.43
8393,2776,125,1,368.71
8394,2776,73,3,58.1
8395,2777,21,3,460.26
8396,2778,102,2,318.75
8397,2778,95,2,73.92
8398,2778,2,3,434.96
8399,2778,178,3,298.66
8400,2778,73,5,345.13
8401,2779,104,2,252.07
8402,2779,1,1,76.04
8403,2779,23,5,413.06
8404,2779,78,3,13.93
8405,2780,125,1,281.24
8406,2780,74,6,
8407,2780,112,3,149.45
8408,2781,31,3,347.19
8409,2781,26,5,149.26
8410,2782,44,2,282.14
8411,2782,5,2,433.35
8412,2783,94,3,133.33
8413,2783,23,5,423.16
8414,2783,93,1,3.74
8415,2783,74,2,474.11
8416,2783,7,1,291.49
8417,2784,107,2,263.22
8418,2784,66,5,198.12
8419,2784,60,6,27.82
8420,2784,1,2,384.56
8421,2784,91,6,308.01
8422,2785,101,6,228.99
8423,2785,94,1,365.22
8424,2785,129,5,389.77
8425,2785,147,6,405.83
8426,2785,137,4,232.02
8427,2786,64,1,245.45
8428,2787,100,4,407.08
8429,2787,117,2,291.68
8430,2787,24,2,477.36
8431,2788,15,1,147.35
8432,2788,28,6,45.46
8433,2788,90,5,387.28
8434,2789,102,6,72.32
8435,2789,130,5,108.47
8436,2790,58,5,308.33
8437,2791,95,6,295.47
8438,2791,37,6,42.98
8439,2791,166,4,140.28
8440,2792,86,6,364.55
8441,2793,124,5,318.71
8442,2793,72,6,456.7
8443,2794,148,4,446.23
8444,2794,148,6,192.47
8445,2794,107,6,397.81
8446,2794,88,4,151.36
8447,2794,96,1,32.42
8448,2795,101,5,211.2
8449,2795,92,5,156.18
8450,2795,73,4,175.38
8451,2795,51,2,150.84
8452,2796,46,2,153.92
8453,2797,14,3,36.93
8454,2797,15,3,229.21
8455,3016,162,1,286.62
8456,2798,53,5,
8457,2798,118,2,495.44
8458,2798,21,4,470.75
8459,2799,138,1,299.22
8460,2799,26,1,107.45
8461,2799,116,3,106.22
8462,2799,95,2,478.13
8463,2799,130,5,393.52
8464,3036,68,5,60.49
8465,2800,24,6,362.88
8466,2800,28,2,151.89
8467,2801,76,1,47.84
8468,2801,52,3,214.11
8469,2801,118,3,311.27
8470,2801,115,5,259.98
8471,2801,29,4,29.51
8472,2802,123,3,301.1
8473,2802,107,4,344.84
8474,2803,5,4,188.63
8475,2803,56,2,16.55
8476,2803,11,5,165.86
8477,2803,72,-1,259.52
8478,2803,127,1,126.06
8479,2804,64,1,62.72
8480,2804,91,5,332.26
8481,2805,128,5,102.52
8482,2806,175,4,475.72
8483,2807,117,2,428.63
8484,2807,63,1,483.45
8485,2807,92,6,99.83
8486,2807,135,1,256.24
8487,2808,55,2,206.73
8488,2808,87,2,431.5
8489,2809,82,2,197.3
8490,2809,14,1,414.63
8491,2809,123,5,314.85
8492,2810,79,4,369.01
8493,2810,25,1,143.98
8494,2810,86,6,32.15
8495,2811,20,4,84.8
8496,2812,44,1,179.56
8497,2813,40,4,258.93
8498,2813,59,4,254.47
8499,2813,12,2,460.51
8500,2813,24,6,404.15
8501,2814,170,3,63.87
8502,2814,2,5,84.49
8503,2814,77,6,372.75
8504,2815,74,3,9.51
8505,2816,129,5,339.75
8506,2816,81,6,86.5
8507,2816,120,3,177.18
8508,3040,18,5,433.41
8509,2817,44,6,146.83
8510,2817,41,3,178.42
8511,2817,82,4,261.11
8512,2817,86,1,342.96
8513,2817,119,5,343.0
8514,2818,102,5,440.35
8515,2818,11,1,155.12
8516,2818,155,2,
8517,2818,51,1,124.4
8518,2818,138,5,205.77
8519,2819,71,1,343.3
8520,2819,23,1,129.28
8521,2820,9,4,136.06
8522,2820,78,3,376.4
8523,3040,67,6,40.81
8524,2820,12,2,21.66
8525,2821,87,5,
8526,2822,110,4,289.72
8527,2822,80,1,364.89
8528,2822,125,6,330.11
8529,2823,84,3,478.86
8530,2823,131,2,223.44
8531,2824,145,2,97.23
8532,2824,4,1,482.5
8533,2824,74,6,64.47
8534,2824,138,1,316.79
8535,2825,61,6,368.26
8536,2825,1,2,14.45
8537,2825,83,1,105.7
8538,2825,7,4,414.81
8539,2825,86,1,251.17
8540,2826,97,1,354.48
8541,2826,122,4,476.91
8542,2826,84,6,383.5
8543,2826,33,3,407.83
8544,2826,60,5,179.69
8545,2827,97,5,
8546,2827,77,1,213.43
8547,2827,24,3,13.33
8548,2827,38,2,422.04
8549,2828,111,4,215.33
8550,2828,14,5,403.47
8551,2828,4,2,433.13
8552,2828,11,5,411.03
8553,2828,79,2,53.12
8554,2829,14,-3,330.2
8555,2829,6,3,190.38
8556,2829,75,2,470.75
8557,2829,33,6,175.71
8558,2830,60,5,454.02
8559,2831,19,1,455.25
8560,2831,123,3,163.07
8561,2831,98,4,225.49
8562,2831,125,3,366.26
8563,2831,144,5,297.62
8564,2832,134,1,256.2
8565,2832,121,4,478.08
8566,2832,16,5,79.99
8567,2832,87,4,124.01
8568,2833,137,6,412.6
8569,2833,30,6,30.64
8570,2834,25,2,87.94
8571,2834,51,3,117.03
8572,2834,99,3,19.51
8573,2835,82,6,301.88
8574,2835,129,3,289.68
8575,2836,120,5,71.4
8576,2836,175,4,211.41
8577,2836,133,6,215.38
8578,2836,7,2,37.02
8579,2836,52,4,122.14
8580,2837,141,4,90.88
8581,2837,132,5,106.4
8582,2837,27,1,459.49
8583,2838,60,2,402.8
8584,2838,12,3,
8585,2838,23,1,306.03
8586,2838,124,1,476.81
8587,2839,72,5,238.23
8588,2839,22,1,301.93
8589,2839,22,5,270.52
8590,2839,55,3,329.16
8591,2839,102,3,
8592,2840,114,1,230.12
8593,2840,45,5,363.67
8594,2841,47,3,356.59
8595,2841,30,5,276.7
8596,2841,36,6,129.27
8597,2841,88,2,
8598,2842,87,5,251.25
8599,2842,1,4,453.01
8600,2842,138,2,174.79
8601,2842,49,2,135.07
8602,2842,16,1,149.87
8603,2843,12,2,498.63
8604,2843,120,2,399.82
8605,2844,23,5,497.61
8606,2844,41,2,272.72
8607,2845,118,5,461.46
8608,2845,86,1,160.73
8609,2845,117,2,39.26
8610,2846,120,5,351.8
8611,2846,126,3,185.88
8612,3050,10,2,50.27
8613,2846,95,6,111.69
8614,2847,17,1,142.0
8615,2847,91,3,398.7
8616,2847,66,6,120.42
8617,2848,34,5,416.54
8618,2848,3,4,65.39
8619,2849,3,1,110.74
8620,2849,48,4,452.12
8621,2849,19,4,387.29
8622,2850,6,5,133.92
8623,2850,99,2,409.67
8624,2851,79,3,374.32
8625,2851,100,5,218.51
8626,2851,148,1,
8627,2851,113,4,169.88
8628,2851,145,1,336.72
8629,2852,99,5,430.9
8630,2852,86,-3,16.95
8631,2852,81,2,292.11
8632,2853,58,5,412.87
8633,2853,80,3,279.71
8634,2853,83,5,113.78
8635,2853,90,3,257.59
8636,2854,4,2,166.65
8637,2854,144,4,40.17
8638,2854,134,3,423.36
8639,2855,96,5,17.85
8640,2856,148,-3,80.1
8641,2856,37,-3,389.39
8642,2856,128,5,253.49
8643,2856,130,3,160.18
8644,2857,60,2,159.87
8645,2857,35,2,204.21
8646,2857,59,4,301.11
8647,2857,47,5,315.05
8648,2857,88,1,330.14
8649,2858,148,6,311.16
8650,2858,22,6,333.22
8651,2858,72,3,180.9
8652,2859,150,3,184.55
8653,2859,99,2,3.73
8654,2859,175,3,353.94
8655,2859,129,4,226.97
8656,2859,106,6,183.64
8657,2860,36,2,
8658,2860,7,6,479.83
8659,2860,111,5,
8660,2861,66,3,464.9
8661,2862,171,2,312.03
8662,2862,27,5,84.29
8663,2862,35,2,471.72
8664,2863,149,4,127.89
8665,2863,55,-3,335.64
8666,2863,90,3,7.29
8667,2863,29,6,322.73
8668,2864,127,3,222.98
8669,2864,40,6,317.49
8670,2864,21,6,192.83
8671,2865,111,6,257.92
8672,2865,129,4,349.92
8673,2865,78,3,216.83
8674,2865,58,3,256.54
8675,2866,89,1,269.14
8676,2867,46,6,235.3
8677,2867,9,2,463.68
8678,2867,44,3,49.43
8679,2868,40,6,297.53
8680,2868,122,1,325.49
8681,2869,25,2,235.14
8682,2869,134,5,478.08
8683,2869,173,6,77.36
8684,2869,44,6,257.79
8685,2870,83,1,239.7
8686,2870,167,1,162.13
8687,2870,6,1,401.42
8688,2870,6,1,95.43
8689,2871,120,2,52.95
8690,2872,4,1,466.12
8691,2872,111,5,255.41
8692,2872,63,2,391.13
8693,2873,132,4,137.98
8694,2874,22,4,97.17
8695,2874,30,4,400.65
8696,2875,20,4,474.63
8697,2875,127,3,354.06
8698,2875,110,6,107.34
8699,2875,14,3,347.55
8700,2875,33,5,367.2
8701,2876,8,3,392.01
8702,2876,7,4,244.06
8703,2876,118,5,410.54
8704,2876,117,2,172.11
8705,2876,21,2,143.83
8706,2877,108,2,246.72
8707,2877,38,5,5.67
8708,2877,90,2,395.73
8709,2877,28,6,343.87
8710,2878,140,3,243.59
8711,2879,42,1,280.22
8712,2879,167,5,27.14
8713,2880,26,2,18.62
8714,2880,8,4,478.79
8715,2880,103,1,396.25
8716,3038,64,3,216.55
8717,2880,29,2,382.18
8718,2881,16,-1,492.35
8719,2881,65,2,347.1
8720,2881,125,6,30.01
8721,2881,146,1,385.12
8722,2881,72,1,36.32
8723,2882,27,1,158.81
8724,2882,76,2,215.1
8725,2882,123,5,50.66
8726,2883,47,1,259.49
8727,2883,130,4,395.25
8728,2883,58,5,
8729,2884,46,5,92.77
8730,2885,17,1,211.74
8731,2886,38,1,58.56
8732,2886,82,1,159.35
8733,2887,10,3,
8734,2887,101,5,286.64
8735,2887,180,2,114.87
8736,2887,11,3,464.8
8737,2888,120,4,150.21
8738,2888,54,2,209.52
8739,2888,120,6,9.74
8740,2888,33,4,395.97
8741,2888,108,3,210.68
8742,2889,141,6,95.74
8743,2889,85,2,250.8
8744,2889,99,6,442.87
8745,2890,54,2,97.56
8746,2890,72,1,480.96
8747,2890,38,5,78.56
8748,2891,76,3,323.67
8749,2891,21,4,127.28
8750,2892,6,5,167.24
8751,2892,27,5,332.24
8752,2892,47,2,87.08
8753,2892,109,2,164.89
8754,2893,39,6,279.87
8755,2893,150,4,165.93
8756,2894,14,6,434.78
8757,2894,140,5,124.63
8758,2894,132,1,338.12
8759,2894,113,1,246.18
8760,2895,150,6,188.39
8761,2895,33,4,222.55
8762,2895,111,3,12.32
8763,2895,84,3,400.16
8764,2895,124,3,167.71
8765,2896,109,5,454.53
8766,2896,165,1,142.76
8767,2896,93,2,207.03
8768,2897,77,2,13.78
8769,2897,7,5,311.03
8770,2898,4,5,150.5
8771,2898,6,6,63.8
8772,2898,23,5,246.28
8773,2898,150,1,148.22
8774,2899,61,4,204.62
8775,2899,39,6,172.75
8776,2899,140,3,92.88
8777,2899,128,5,170.46
8778,2900,24,5,440.41
8779,2900,86,2,190.87
8780,2900,150,3,475.12
8781,2900,119,6,406.88
8782,3040,87,1,
8783,2901,137,6,
8784,2901,79,2,297.18
8785,2902,109,3,343.74
8786,2902,136,4,97.78
8787,2902,28,2,314.06
8788,2902,127,3,283.98
8789,2903,16,2,244.28
8790,2903,8,2,293.18
8791,2903,70,4,72.83
8792,2904,27,5,85.67
8793,2904,134,6,473.25
8794,2904,75,1,251.01
8795,2904,115,3,323.78
8796,2905,5,4,183.29
8797,2905,49,2,180.91
8798,2906,69,4,
8799,2906,87,3,342.28
8800,2906,175,6,98.68
8801,2906,110,6,465.21
8802,2906,149,4,401.04
8803,2907,92,5,59.04
8804,2907,4,5,352.43
8805,2907,36,2,380.25
8806,2907,74,5,464.35
8807,2907,76,6,207.27
8808,2908,86,4,476.18
8809,2909,112,4,237.24
8810,2910,40,5,162.1
8811,2911,80,4,98.25
8812,2911,128,1,278.36
8813,2911,64,1,118.06
8814,2912,175,1,305.14
8815,2912,134,4,179.25
8816,2912,165,4,336.0
8817,3018,45,5,403.53
8818,2912,131,6,42.75
8819,2913,131,2,270.95
8820,2913,33,1,317.1
8821,2913,88,6,327.94
8822,2913,123,-3,354.55
8823,2913,138,2,142.73
8824,2914,36,4,294.52
8825,2914,17,3,349.0
8826,2914,108,6,383.37
8827,2914,105,4,6.04
8828,2914,25,4,293.14
8829,2915,138,6,70.18
8830,2916,143,5,301.02
8831,2916,119,1,468.03
8832,2916,46,2,
8833,2916,90,2,413.23
8834,2916,28,2,83.97
8835,2917,24,1,57.33
8836,2917,58,2,442.71
8837,2917,75,5,416.8
8838,2917,136,3,319.42
8839,2918,112,1,62.81
8840,2918,45,2,366.43
8841,2918,137,1,18.02
8842,2918,93,6,194.14
8843,2919,16,1,426.94
8844,2919,126,3,95.23
8845,2919,3,4,369.94
8846,2919,92,6,297.86
8847,2919,53,5,475.41
8848,2920,133,3,447.82
8849,2920,170,4,331.26
8850,2920,49,4,438.41
8851,2920,130,1,180.92
8852,2920,38,6,413.36
8853,2921,16,3,312.94
8854,2921,150,4,
8855,2921,112,4,349.31
8856,2921,24,5,165.64
8857,2921,89,3,413.61
8858,2922,76,1,358.24
8859,2923,119,6,94.82
8860,2923,71,2,208.68
8861,2923,138,2,60.16
8862,2924,92,4,115.32
8863,2924,127,6,404.56
8864,2924,102,6,
8865,2925,68,0,67.58
8866,2925,97,1,207.81
8867,2925,8,2,353.46
8868,2925,122,2,237.16
8869,2925,7,2,242.75
8870,2926,38,1,246.04
8871,2926,63,2,151.34
8872,2927,10,5,78.43
8873,2928,73,6,470.21
8874,2928,66,2,317.57
8875,2928,139,6,361.29
8876,2928,4,1,233.92
8877,2929,7,1,470.95
8878,2929,62,4,245.59
8879,2929,73,5,193.14
8880,2929,94,6,342.94
8881,2929,81,3,377.79
8882,2930,36,4,293.45
8883,2930,7,2,407.44
8884,2930,135,2,45.6
8885,2930,128,4,180.14
8886,2930,141,2,246.08
8887,2931,121,5,369.63
8888,2931,25,1,441.27
8889,2931,118,6,185.53
8890,2931,60,3,482.3
8891,2931,141,5,420.97
8892,2932,141,2,469.81
8893,2933,49,4,414.46
8894,2934,54,6,163.82
8895,2934,19,6,360.88
8896,2935,133,2,276.29
8897,2935,16,-1,48.66
8898,2935,89,2,262.96
8899,2935,90,4,322.89
8900,2936,38,2,333.74
8901,2936,49,5,387.32
8902,2937,139,5,21.42
8903,2937,36,6,216.85
8904,2937,31,5,282.48
8905,2937,63,3,301.15
8906,2937,21,3,147.9
8907,2938,28,1,116.21
8908,2938,86,5,370.96
8909,2938,66,3,321.25
8910,2938,70,3,64.33
8911,2938,99,0,407.72
8912,2939,31,5,49.3
8913,2939,174,1,240.99
8914,2939,29,4,78.4
8915,2939,51,1,176.71
8916,2940,106,4,238.71
8917,2940,51,6,264.98
8918,2940,53,2,449.75
8919,2941,14,3,198.68
8920,2941,17,4,272.19
8921,2942,87,1,52.57
8922,2942,134,5,349.02
8923,2943,131,3,403.05
8924,2943,113,2,121.52
8925,2944,1,4,114.77
8926,2945,69,3,171.58
8927,2945,73,5,180.76
8928,2945,4,4,433.5
8929,2946,79,1,351.92
8930,2946,51,6,46.63
8931,2946,133,2,110.28
8932,2947,107,4,320.48
8933,2947,132,5,326.64
8934,2947,142,4,33.53
8935,2947,43,5,342.89
8936,2947,59,2,309.53
8937,2948,95,6,175.66
8938,2948,61,1,279.26
8939,2948,33,0,109.76
8940,2949,109,5,
8941,2950,35,1,384.8
8942,2951,83,2,218.84
8943,2952,105,2,57.55
8944,2952,80,4,488.99
8945,2952,41,6,189.91
8946,2952,14,2,109.32
8947,2952,53,1,260.87
8948,2953,128,4,18.01
8949,2953,150,2,
8950,2953,102,3,108.82
8951,2953,39,5,44.67
8952,2954,140,1,
8953,2954,110,3,23.18
8954,2954,59,4,388.7
8955,2955,53,3,436.03
8956,2955,121,5,203.97
8957,2955,59,3,438.97
8958,2955,120,2,97.3
8959,2955,38,5,463.31
8960,2956,129,4,59.06
8961,2956,94,3,227.71
8962,2956,120,2,78.74
8963,3005,102,5,337.36
8964,2957,58,1,50.37
8965,2958,75,2,87.34
8966,2958,149,5,79.43
8967,2958,52,5,38.92
8968,2959,11,6,267.23
8969,2959,82,4,112.04
8970,2959,1,5,286.16
8971,2959,18,2,104.71
8972,2959,139,3,50.02
8973,2960,58,4,355.89
8974,2960,105,3,384.2
8975,2960,2,2,177.48
8976,2961,123,3,241.44
8977,2961,40,2,293.21
8978,2961,72,2,213.52
8979,2962,3,2,212.2
8980,2962,143,2,468.4
8981,2962,116,1,469.54
8982,2962,140,4,58.51
8983,2963,65,4,39.13
8984,2963,126,3,68.87
8985,2963,23,6,243.1
8986,2963,101,4,247.49
8987,2964,21,6,235.27
8988,2964,98,5,186.71
8989,2965,64,2,77.02
8990,2966,62,4,281.46
8991,2966,79,6,185.15
8992,2966,29,4,161.1
8993,2967,136,3,297.4
8994,2967,98,6,485.56
8995,2967,1,3,483.29
8996,2967,77,5,154.94
8997,2967,168,5,372.41
8998,2968,139,2,480.67
8999,2968,149,5,372.09
9000,2968,37,5,17.64
